Copyright 1986-2018 Xilinx, Inc. All Rights Reserved.
-----------------------------------------------------------------------------------------------------------------------------------------------------------------------------------------------------------------------
| Tool Version : Vivado v.2018.3 (win64) Build 2405991 Thu Dec  6 23:38:27 MST 2018
| Date         : Sat Jan 31 15:59:49 2026
| Host         : Y000p running 64-bit major release  (build 9200)
| Command      : report_timing_summary -max_paths 10 -file design_1_wrapper_timing_summary_routed.rpt -pb design_1_wrapper_timing_summary_routed.pb -rpx design_1_wrapper_timing_summary_routed.rpx -warn_on_violation
| Design       : design_1_wrapper
| Device       : 7z020-clg400
| Speed File   : -1  PRODUCTION 1.11 2014-09-11
-----------------------------------------------------------------------------------------------------------------------------------------------------------------------------------------------------------------------

Timing Summary Report

------------------------------------------------------------------------------------------------
| Timer Settings
| --------------
------------------------------------------------------------------------------------------------

  Enable Multi Corner Analysis               :  Yes
  Enable Pessimism Removal                   :  Yes
  Pessimism Removal Resolution               :  Nearest Common Node
  Enable Input Delay Default Clock           :  No
  Enable Preset / Clear Arcs                 :  No
  Disable Flight Delays                      :  No
  Ignore I/O Paths                           :  No
  Timing Early Launch at Borrowing Latches   :  false

  Corner  Analyze    Analyze    
  Name    Max Paths  Min Paths  
  ------  ---------  ---------  
  Slow    Yes        Yes        
  Fast    Yes        Yes        



check_timing report

Table of Contents
-----------------
1. checking no_clock
2. checking constant_clock
3. checking pulse_width_clock
4. checking unconstrained_internal_endpoints
5. checking no_input_delay
6. checking no_output_delay
7. checking multiple_clock
8. checking generated_clocks
9. checking loops
10. checking partial_input_delay
11. checking partial_output_delay
12. checking latch_loops

1. checking no_clock
--------------------
 There are 0 register/latch pins with no clock.


2. checking constant_clock
--------------------------
 There are 0 register/latch pins with constant_clock.


3. checking pulse_width_clock
-----------------------------
 There are 0 register/latch pins which need pulse_width check


4. checking unconstrained_internal_endpoints
--------------------------------------------
 There are 0 pins that are not constrained for maximum delay.

 There are 0 pins that are not constrained for maximum delay due to constant clock.


5. checking no_input_delay
--------------------------
 There are 0 input ports with no input delay specified.

 There are 0 input ports with no input delay but user has a false path constraint.


6. checking no_output_delay
---------------------------
 There are 0 ports with no output delay specified.

 There are 0 ports with no output delay but user has a false path constraint

 There are 0 ports with no output delay but with a timing clock defined on it or propagating through it


7. checking multiple_clock
--------------------------
 There are 0 register/latch pins with multiple clocks.


8. checking generated_clocks
----------------------------
 There are 0 generated clocks that are not connected to a clock source.


9. checking loops
-----------------
 There are 0 combinational loops in the design.


10. checking partial_input_delay
--------------------------------
 There are 0 input ports with partial input delay specified.


11. checking partial_output_delay
---------------------------------
 There are 0 ports with partial output delay specified.


12. checking latch_loops
------------------------
 There are 0 combinational latch loops in the design through latch input



------------------------------------------------------------------------------------------------
| Design Timing Summary
| ---------------------
------------------------------------------------------------------------------------------------

    WNS(ns)      TNS(ns)  TNS Failing Endpoints  TNS Total Endpoints      WHS(ns)      THS(ns)  THS Failing Endpoints  THS Total Endpoints     WPWS(ns)     TPWS(ns)  TPWS Failing Endpoints  TPWS Total Endpoints  
    -------      -------  ---------------------  -------------------      -------      -------  ---------------------  -------------------     --------     --------  ----------------------  --------------------  
      0.693        0.000                      0               102965        0.023        0.000                      0               102965        3.000        0.000                       0                 17300  


All user specified timing constraints are met.


------------------------------------------------------------------------------------------------
| Clock Summary
| -------------
------------------------------------------------------------------------------------------------

Clock                              Waveform(ns)       Period(ns)      Frequency(MHz)
-----                              ------------       ----------      --------------
clk_fpga_0                         {0.000 5.000}      10.000          100.000         
design_1_i/clk_wiz_0/inst/clk_in1  {0.000 5.000}      10.000          100.000         
  clk_out1_design_1_clk_wiz_0_0    {0.000 10.000}     20.000          50.000          
  clkfbout_design_1_clk_wiz_0_0    {0.000 5.000}      10.000          100.000         


------------------------------------------------------------------------------------------------
| Intra Clock Table
| -----------------
------------------------------------------------------------------------------------------------

Clock                                  WNS(ns)      TNS(ns)  TNS Failing Endpoints  TNS Total Endpoints      WHS(ns)      THS(ns)  THS Failing Endpoints  THS Total Endpoints     WPWS(ns)     TPWS(ns)  TPWS Failing Endpoints  TPWS Total Endpoints  
-----                                  -------      -------  ---------------------  -------------------      -------      -------  ---------------------  -------------------     --------     --------  ----------------------  --------------------  
clk_fpga_0                               0.693        0.000                      0                16436        0.023        0.000                      0                16436        3.750        0.000                       0                  7381  
design_1_i/clk_wiz_0/inst/clk_in1                                                                                                                                                    3.000        0.000                       0                     1  
  clk_out1_design_1_clk_wiz_0_0          1.293        0.000                      0                86283        0.101        0.000                      0                86283        8.750        0.000                       0                  9915  
  clkfbout_design_1_clk_wiz_0_0                                                                                                                                                      7.845        0.000                       0                     3  


------------------------------------------------------------------------------------------------
| Inter Clock Table
| -----------------
------------------------------------------------------------------------------------------------

From Clock                     To Clock                           WNS(ns)      TNS(ns)  TNS Failing Endpoints  TNS Total Endpoints      WHS(ns)      THS(ns)  THS Failing Endpoints  THS Total Endpoints  
----------                     --------                           -------      -------  ---------------------  -------------------      -------      -------  ---------------------  -------------------  
clk_fpga_0                     clk_out1_design_1_clk_wiz_0_0        6.406        0.000                      0                   61        0.035        0.000                      0                   61  


------------------------------------------------------------------------------------------------
| Other Path Groups Table
| -----------------------
------------------------------------------------------------------------------------------------

Path Group                     From Clock                     To Clock                           WNS(ns)      TNS(ns)  TNS Failing Endpoints  TNS Total Endpoints      WHS(ns)      THS(ns)  THS Failing Endpoints  THS Total Endpoints  
----------                     ----------                     --------                           -------      -------  ---------------------  -------------------      -------      -------  ---------------------  -------------------  
**async_default**              clk_fpga_0                     clk_fpga_0                           5.927        0.000                      0                   96        0.440        0.000                      0                   96  
**async_default**              clk_out1_design_1_clk_wiz_0_0  clk_out1_design_1_clk_wiz_0_0        7.924        0.000                      0                   90        2.910        0.000                      0                   90  


------------------------------------------------------------------------------------------------
| Timing Details
| --------------
------------------------------------------------------------------------------------------------


---------------------------------------------------------------------------------------------------
From Clock:  clk_fpga_0
  To Clock:  clk_fpga_0

Setup :            0  Failing Endpoints,  Worst Slack        0.693ns,  Total Violation        0.000ns
Hold  :            0  Failing Endpoints,  Worst Slack        0.023ns,  Total Violation        0.000ns
PW    :            0  Failing Endpoints,  Worst Slack        3.750ns,  Total Violation        0.000ns
---------------------------------------------------------------------------------------------------


Max Delay Paths
--------------------------------------------------------------------------------------
Slack (MET) :             0.693ns  (required time - arrival time)
  Source:                 design_1_i/cg_fpga_0/inst/rst_ps7_0_100M/U0/ACTIVE_LOW_PR_OUT_DFF[0].FDRE_PER_N/C
                            (rising edge-triggered cell FDRE clocked by clk_fpga_0  {rise@0.000ns fall@5.000ns period=10.000ns})
  Destination:            design_1_i/cg_fpga_0/inst/axi_interconnect_0/m00_couplers/auto_pc/inst/gen_axi4_axi3.axi3_conv_inst/USE_READ.USE_SPLIT_R.read_addr_inst/S_AXI_AADDR_Q_reg[25]/R
                            (rising edge-triggered cell FDRE clocked by clk_fpga_0  {rise@0.000ns fall@5.000ns period=10.000ns})
  Path Group:             clk_fpga_0
  Path Type:              Setup (Max at Slow Process Corner)
  Requirement:            10.000ns  (clk_fpga_0 rise@10.000ns - clk_fpga_0 rise@0.000ns)
  Data Path Delay:        8.447ns  (logic 0.580ns (6.866%)  route 7.867ns (93.134%))
  Logic Levels:           1  (LUT1=1)
  Clock Path Skew:        -0.181ns (DCD - SCD + CPR)
    Destination Clock Delay (DCD):    2.700ns = ( 12.700 - 10.000 ) 
    Source Clock Delay      (SCD):    3.010ns
    Clock Pessimism Removal (CPR):    0.129ns
  Clock Uncertainty:      0.154ns  ((TSJ^2 + TIJ^2)^1/2 + DJ) / 2 + PE
    Total System Jitter     (TSJ):    0.071ns
    Total Input Jitter      (TIJ):    0.300ns
    Discrete Jitter          (DJ):    0.000ns
    Phase Error              (PE):    0.000ns

    Location             Delay type                Incr(ns)  Path(ns)    Netlist Resource(s)
  -------------------------------------------------------------------    -------------------
                         (clock clk_fpga_0 rise edge)
                                                      0.000     0.000 r  
    PS7_X0Y0             PS7                          0.000     0.000 r  design_1_i/cg_fpga_0/inst/processing_system7_0/inst/PS7_i/FCLKCLK[0]
                         net (fo=1, routed)           1.193     1.193    design_1_i/cg_fpga_0/inst/processing_system7_0/inst/FCLK_CLK_unbuffered[0]
    BUFGCTRL_X0Y16       BUFG (Prop_bufg_I_O)         0.101     1.294 r  design_1_i/cg_fpga_0/inst/processing_system7_0/inst/buffer_fclk_clk_0.FCLK_CLK_0_BUFG/O
                         net (fo=7383, routed)        1.716     3.010    design_1_i/cg_fpga_0/inst/rst_ps7_0_100M/U0/slowest_sync_clk
    SLICE_X67Y52         FDRE                                         r  design_1_i/cg_fpga_0/inst/rst_ps7_0_100M/U0/ACTIVE_LOW_PR_OUT_DFF[0].FDRE_PER_N/C
  -------------------------------------------------------------------    -------------------
    SLICE_X67Y52         FDRE (Prop_fdre_C_Q)         0.456     3.466 f  design_1_i/cg_fpga_0/inst/rst_ps7_0_100M/U0/ACTIVE_LOW_PR_OUT_DFF[0].FDRE_PER_N/Q
                         net (fo=69, routed)          5.306     8.772    design_1_i/cg_fpga_0/inst/axi_interconnect_0/m00_couplers/auto_pc/inst/gen_axi4_axi3.axi3_conv_inst/USE_WRITE.write_addr_inst/USE_BURSTS.cmd_queue/inst/aresetn
    SLICE_X18Y49         LUT1 (Prop_lut1_I0_O)        0.124     8.896 r  design_1_i/cg_fpga_0/inst/axi_interconnect_0/m00_couplers/auto_pc/inst/gen_axi4_axi3.axi3_conv_inst/USE_WRITE.write_addr_inst/USE_BURSTS.cmd_queue/inst/S_AXI_AREADY_I_i_1/O
                         net (fo=134, routed)         2.561    11.457    design_1_i/cg_fpga_0/inst/axi_interconnect_0/m00_couplers/auto_pc/inst/gen_axi4_axi3.axi3_conv_inst/USE_READ.USE_SPLIT_R.read_addr_inst/arststages_ff_reg[1]
    SLICE_X26Y56         FDRE                                         r  design_1_i/cg_fpga_0/inst/axi_interconnect_0/m00_couplers/auto_pc/inst/gen_axi4_axi3.axi3_conv_inst/USE_READ.USE_SPLIT_R.read_addr_inst/S_AXI_AADDR_Q_reg[25]/R
  -------------------------------------------------------------------    -------------------

                         (clock clk_fpga_0 rise edge)
                                                     10.000    10.000 r  
    PS7_X0Y0             PS7                          0.000    10.000 r  design_1_i/cg_fpga_0/inst/processing_system7_0/inst/PS7_i/FCLKCLK[0]
                         net (fo=1, routed)           1.088    11.088    design_1_i/cg_fpga_0/inst/processing_system7_0/inst/FCLK_CLK_unbuffered[0]
    BUFGCTRL_X0Y16       BUFG (Prop_bufg_I_O)         0.091    11.179 r  design_1_i/cg_fpga_0/inst/processing_system7_0/inst/buffer_fclk_clk_0.FCLK_CLK_0_BUFG/O
                         net (fo=7383, routed)        1.521    12.700    design_1_i/cg_fpga_0/inst/axi_interconnect_0/m00_couplers/auto_pc/inst/gen_axi4_axi3.axi3_conv_inst/USE_READ.USE_SPLIT_R.read_addr_inst/aclk
    SLICE_X26Y56         FDRE                                         r  design_1_i/cg_fpga_0/inst/axi_interconnect_0/m00_couplers/auto_pc/inst/gen_axi4_axi3.axi3_conv_inst/USE_READ.USE_SPLIT_R.read_addr_inst/S_AXI_AADDR_Q_reg[25]/C
                         clock pessimism              0.129    12.829    
                         clock uncertainty           -0.154    12.675    
    SLICE_X26Y56         FDRE (Setup_fdre_C_R)       -0.524    12.151    design_1_i/cg_fpga_0/inst/axi_interconnect_0/m00_couplers/auto_pc/inst/gen_axi4_axi3.axi3_conv_inst/USE_READ.USE_SPLIT_R.read_addr_inst/S_AXI_AADDR_Q_reg[25]
  -------------------------------------------------------------------
                         required time                         12.151    
                         arrival time                         -11.457    
  -------------------------------------------------------------------
                         slack                                  0.693    

Slack (MET) :             0.693ns  (required time - arrival time)
  Source:                 design_1_i/cg_fpga_0/inst/rst_ps7_0_100M/U0/ACTIVE_LOW_PR_OUT_DFF[0].FDRE_PER_N/C
                            (rising edge-triggered cell FDRE clocked by clk_fpga_0  {rise@0.000ns fall@5.000ns period=10.000ns})
  Destination:            design_1_i/cg_fpga_0/inst/axi_interconnect_0/m00_couplers/auto_pc/inst/gen_axi4_axi3.axi3_conv_inst/USE_READ.USE_SPLIT_R.read_addr_inst/S_AXI_AADDR_Q_reg[26]/R
                            (rising edge-triggered cell FDRE clocked by clk_fpga_0  {rise@0.000ns fall@5.000ns period=10.000ns})
  Path Group:             clk_fpga_0
  Path Type:              Setup (Max at Slow Process Corner)
  Requirement:            10.000ns  (clk_fpga_0 rise@10.000ns - clk_fpga_0 rise@0.000ns)
  Data Path Delay:        8.447ns  (logic 0.580ns (6.866%)  route 7.867ns (93.134%))
  Logic Levels:           1  (LUT1=1)
  Clock Path Skew:        -0.181ns (DCD - SCD + CPR)
    Destination Clock Delay (DCD):    2.700ns = ( 12.700 - 10.000 ) 
    Source Clock Delay      (SCD):    3.010ns
    Clock Pessimism Removal (CPR):    0.129ns
  Clock Uncertainty:      0.154ns  ((TSJ^2 + TIJ^2)^1/2 + DJ) / 2 + PE
    Total System Jitter     (TSJ):    0.071ns
    Total Input Jitter      (TIJ):    0.300ns
    Discrete Jitter          (DJ):    0.000ns
    Phase Error              (PE):    0.000ns

    Location             Delay type                Incr(ns)  Path(ns)    Netlist Resource(s)
  -------------------------------------------------------------------    -------------------
                         (clock clk_fpga_0 rise edge)
                                                      0.000     0.000 r  
    PS7_X0Y0             PS7                          0.000     0.000 r  design_1_i/cg_fpga_0/inst/processing_system7_0/inst/PS7_i/FCLKCLK[0]
                         net (fo=1, routed)           1.193     1.193    design_1_i/cg_fpga_0/inst/processing_system7_0/inst/FCLK_CLK_unbuffered[0]
    BUFGCTRL_X0Y16       BUFG (Prop_bufg_I_O)         0.101     1.294 r  design_1_i/cg_fpga_0/inst/processing_system7_0/inst/buffer_fclk_clk_0.FCLK_CLK_0_BUFG/O
                         net (fo=7383, routed)        1.716     3.010    design_1_i/cg_fpga_0/inst/rst_ps7_0_100M/U0/slowest_sync_clk
    SLICE_X67Y52         FDRE                                         r  design_1_i/cg_fpga_0/inst/rst_ps7_0_100M/U0/ACTIVE_LOW_PR_OUT_DFF[0].FDRE_PER_N/C
  -------------------------------------------------------------------    -------------------
    SLICE_X67Y52         FDRE (Prop_fdre_C_Q)         0.456     3.466 f  design_1_i/cg_fpga_0/inst/rst_ps7_0_100M/U0/ACTIVE_LOW_PR_OUT_DFF[0].FDRE_PER_N/Q
                         net (fo=69, routed)          5.306     8.772    design_1_i/cg_fpga_0/inst/axi_interconnect_0/m00_couplers/auto_pc/inst/gen_axi4_axi3.axi3_conv_inst/USE_WRITE.write_addr_inst/USE_BURSTS.cmd_queue/inst/aresetn
    SLICE_X18Y49         LUT1 (Prop_lut1_I0_O)        0.124     8.896 r  design_1_i/cg_fpga_0/inst/axi_interconnect_0/m00_couplers/auto_pc/inst/gen_axi4_axi3.axi3_conv_inst/USE_WRITE.write_addr_inst/USE_BURSTS.cmd_queue/inst/S_AXI_AREADY_I_i_1/O
                         net (fo=134, routed)         2.561    11.457    design_1_i/cg_fpga_0/inst/axi_interconnect_0/m00_couplers/auto_pc/inst/gen_axi4_axi3.axi3_conv_inst/USE_READ.USE_SPLIT_R.read_addr_inst/arststages_ff_reg[1]
    SLICE_X26Y56         FDRE                                         r  design_1_i/cg_fpga_0/inst/axi_interconnect_0/m00_couplers/auto_pc/inst/gen_axi4_axi3.axi3_conv_inst/USE_READ.USE_SPLIT_R.read_addr_inst/S_AXI_AADDR_Q_reg[26]/R
  -------------------------------------------------------------------    -------------------

                         (clock clk_fpga_0 rise edge)
                                                     10.000    10.000 r  
    PS7_X0Y0             PS7                          0.000    10.000 r  design_1_i/cg_fpga_0/inst/processing_system7_0/inst/PS7_i/FCLKCLK[0]
                         net (fo=1, routed)           1.088    11.088    design_1_i/cg_fpga_0/inst/processing_system7_0/inst/FCLK_CLK_unbuffered[0]
    BUFGCTRL_X0Y16       BUFG (Prop_bufg_I_O)         0.091    11.179 r  design_1_i/cg_fpga_0/inst/processing_system7_0/inst/buffer_fclk_clk_0.FCLK_CLK_0_BUFG/O
                         net (fo=7383, routed)        1.521    12.700    design_1_i/cg_fpga_0/inst/axi_interconnect_0/m00_couplers/auto_pc/inst/gen_axi4_axi3.axi3_conv_inst/USE_READ.USE_SPLIT_R.read_addr_inst/aclk
    SLICE_X26Y56         FDRE                                         r  design_1_i/cg_fpga_0/inst/axi_interconnect_0/m00_couplers/auto_pc/inst/gen_axi4_axi3.axi3_conv_inst/USE_READ.USE_SPLIT_R.read_addr_inst/S_AXI_AADDR_Q_reg[26]/C
                         clock pessimism              0.129    12.829    
                         clock uncertainty           -0.154    12.675    
    SLICE_X26Y56         FDRE (Setup_fdre_C_R)       -0.524    12.151    design_1_i/cg_fpga_0/inst/axi_interconnect_0/m00_couplers/auto_pc/inst/gen_axi4_axi3.axi3_conv_inst/USE_READ.USE_SPLIT_R.read_addr_inst/S_AXI_AADDR_Q_reg[26]
  -------------------------------------------------------------------
                         required time                         12.151    
                         arrival time                         -11.457    
  -------------------------------------------------------------------
                         slack                                  0.693    

Slack (MET) :             0.693ns  (required time - arrival time)
  Source:                 design_1_i/cg_fpga_0/inst/rst_ps7_0_100M/U0/ACTIVE_LOW_PR_OUT_DFF[0].FDRE_PER_N/C
                            (rising edge-triggered cell FDRE clocked by clk_fpga_0  {rise@0.000ns fall@5.000ns period=10.000ns})
  Destination:            design_1_i/cg_fpga_0/inst/axi_interconnect_0/m00_couplers/auto_pc/inst/gen_axi4_axi3.axi3_conv_inst/USE_READ.USE_SPLIT_R.read_addr_inst/S_AXI_AADDR_Q_reg[27]/R
                            (rising edge-triggered cell FDRE clocked by clk_fpga_0  {rise@0.000ns fall@5.000ns period=10.000ns})
  Path Group:             clk_fpga_0
  Path Type:              Setup (Max at Slow Process Corner)
  Requirement:            10.000ns  (clk_fpga_0 rise@10.000ns - clk_fpga_0 rise@0.000ns)
  Data Path Delay:        8.447ns  (logic 0.580ns (6.866%)  route 7.867ns (93.134%))
  Logic Levels:           1  (LUT1=1)
  Clock Path Skew:        -0.181ns (DCD - SCD + CPR)
    Destination Clock Delay (DCD):    2.700ns = ( 12.700 - 10.000 ) 
    Source Clock Delay      (SCD):    3.010ns
    Clock Pessimism Removal (CPR):    0.129ns
  Clock Uncertainty:      0.154ns  ((TSJ^2 + TIJ^2)^1/2 + DJ) / 2 + PE
    Total System Jitter     (TSJ):    0.071ns
    Total Input Jitter      (TIJ):    0.300ns
    Discrete Jitter          (DJ):    0.000ns
    Phase Error              (PE):    0.000ns

    Location             Delay type                Incr(ns)  Path(ns)    Netlist Resource(s)
  -------------------------------------------------------------------    -------------------
                         (clock clk_fpga_0 rise edge)
                                                      0.000     0.000 r  
    PS7_X0Y0             PS7                          0.000     0.000 r  design_1_i/cg_fpga_0/inst/processing_system7_0/inst/PS7_i/FCLKCLK[0]
                         net (fo=1, routed)           1.193     1.193    design_1_i/cg_fpga_0/inst/processing_system7_0/inst/FCLK_CLK_unbuffered[0]
    BUFGCTRL_X0Y16       BUFG (Prop_bufg_I_O)         0.101     1.294 r  design_1_i/cg_fpga_0/inst/processing_system7_0/inst/buffer_fclk_clk_0.FCLK_CLK_0_BUFG/O
                         net (fo=7383, routed)        1.716     3.010    design_1_i/cg_fpga_0/inst/rst_ps7_0_100M/U0/slowest_sync_clk
    SLICE_X67Y52         FDRE                                         r  design_1_i/cg_fpga_0/inst/rst_ps7_0_100M/U0/ACTIVE_LOW_PR_OUT_DFF[0].FDRE_PER_N/C
  -------------------------------------------------------------------    -------------------
    SLICE_X67Y52         FDRE (Prop_fdre_C_Q)         0.456     3.466 f  design_1_i/cg_fpga_0/inst/rst_ps7_0_100M/U0/ACTIVE_LOW_PR_OUT_DFF[0].FDRE_PER_N/Q
                         net (fo=69, routed)          5.306     8.772    design_1_i/cg_fpga_0/inst/axi_interconnect_0/m00_couplers/auto_pc/inst/gen_axi4_axi3.axi3_conv_inst/USE_WRITE.write_addr_inst/USE_BURSTS.cmd_queue/inst/aresetn
    SLICE_X18Y49         LUT1 (Prop_lut1_I0_O)        0.124     8.896 r  design_1_i/cg_fpga_0/inst/axi_interconnect_0/m00_couplers/auto_pc/inst/gen_axi4_axi3.axi3_conv_inst/USE_WRITE.write_addr_inst/USE_BURSTS.cmd_queue/inst/S_AXI_AREADY_I_i_1/O
                         net (fo=134, routed)         2.561    11.457    design_1_i/cg_fpga_0/inst/axi_interconnect_0/m00_couplers/auto_pc/inst/gen_axi4_axi3.axi3_conv_inst/USE_READ.USE_SPLIT_R.read_addr_inst/arststages_ff_reg[1]
    SLICE_X26Y56         FDRE                                         r  design_1_i/cg_fpga_0/inst/axi_interconnect_0/m00_couplers/auto_pc/inst/gen_axi4_axi3.axi3_conv_inst/USE_READ.USE_SPLIT_R.read_addr_inst/S_AXI_AADDR_Q_reg[27]/R
  -------------------------------------------------------------------    -------------------

                         (clock clk_fpga_0 rise edge)
                                                     10.000    10.000 r  
    PS7_X0Y0             PS7                          0.000    10.000 r  design_1_i/cg_fpga_0/inst/processing_system7_0/inst/PS7_i/FCLKCLK[0]
                         net (fo=1, routed)           1.088    11.088    design_1_i/cg_fpga_0/inst/processing_system7_0/inst/FCLK_CLK_unbuffered[0]
    BUFGCTRL_X0Y16       BUFG (Prop_bufg_I_O)         0.091    11.179 r  design_1_i/cg_fpga_0/inst/processing_system7_0/inst/buffer_fclk_clk_0.FCLK_CLK_0_BUFG/O
                         net (fo=7383, routed)        1.521    12.700    design_1_i/cg_fpga_0/inst/axi_interconnect_0/m00_couplers/auto_pc/inst/gen_axi4_axi3.axi3_conv_inst/USE_READ.USE_SPLIT_R.read_addr_inst/aclk
    SLICE_X26Y56         FDRE                                         r  design_1_i/cg_fpga_0/inst/axi_interconnect_0/m00_couplers/auto_pc/inst/gen_axi4_axi3.axi3_conv_inst/USE_READ.USE_SPLIT_R.read_addr_inst/S_AXI_AADDR_Q_reg[27]/C
                         clock pessimism              0.129    12.829    
                         clock uncertainty           -0.154    12.675    
    SLICE_X26Y56         FDRE (Setup_fdre_C_R)       -0.524    12.151    design_1_i/cg_fpga_0/inst/axi_interconnect_0/m00_couplers/auto_pc/inst/gen_axi4_axi3.axi3_conv_inst/USE_READ.USE_SPLIT_R.read_addr_inst/S_AXI_AADDR_Q_reg[27]
  -------------------------------------------------------------------
                         required time                         12.151    
                         arrival time                         -11.457    
  -------------------------------------------------------------------
                         slack                                  0.693    

Slack (MET) :             0.693ns  (required time - arrival time)
  Source:                 design_1_i/cg_fpga_0/inst/rst_ps7_0_100M/U0/ACTIVE_LOW_PR_OUT_DFF[0].FDRE_PER_N/C
                            (rising edge-triggered cell FDRE clocked by clk_fpga_0  {rise@0.000ns fall@5.000ns period=10.000ns})
  Destination:            design_1_i/cg_fpga_0/inst/axi_interconnect_0/m00_couplers/auto_pc/inst/gen_axi4_axi3.axi3_conv_inst/USE_READ.USE_SPLIT_R.read_addr_inst/S_AXI_AADDR_Q_reg[8]/R
                            (rising edge-triggered cell FDRE clocked by clk_fpga_0  {rise@0.000ns fall@5.000ns period=10.000ns})
  Path Group:             clk_fpga_0
  Path Type:              Setup (Max at Slow Process Corner)
  Requirement:            10.000ns  (clk_fpga_0 rise@10.000ns - clk_fpga_0 rise@0.000ns)
  Data Path Delay:        8.447ns  (logic 0.580ns (6.866%)  route 7.867ns (93.134%))
  Logic Levels:           1  (LUT1=1)
  Clock Path Skew:        -0.181ns (DCD - SCD + CPR)
    Destination Clock Delay (DCD):    2.700ns = ( 12.700 - 10.000 ) 
    Source Clock Delay      (SCD):    3.010ns
    Clock Pessimism Removal (CPR):    0.129ns
  Clock Uncertainty:      0.154ns  ((TSJ^2 + TIJ^2)^1/2 + DJ) / 2 + PE
    Total System Jitter     (TSJ):    0.071ns
    Total Input Jitter      (TIJ):    0.300ns
    Discrete Jitter          (DJ):    0.000ns
    Phase Error              (PE):    0.000ns

    Location             Delay type                Incr(ns)  Path(ns)    Netlist Resource(s)
  -------------------------------------------------------------------    -------------------
                         (clock clk_fpga_0 rise edge)
                                                      0.000     0.000 r  
    PS7_X0Y0             PS7                          0.000     0.000 r  design_1_i/cg_fpga_0/inst/processing_system7_0/inst/PS7_i/FCLKCLK[0]
                         net (fo=1, routed)           1.193     1.193    design_1_i/cg_fpga_0/inst/processing_system7_0/inst/FCLK_CLK_unbuffered[0]
    BUFGCTRL_X0Y16       BUFG (Prop_bufg_I_O)         0.101     1.294 r  design_1_i/cg_fpga_0/inst/processing_system7_0/inst/buffer_fclk_clk_0.FCLK_CLK_0_BUFG/O
                         net (fo=7383, routed)        1.716     3.010    design_1_i/cg_fpga_0/inst/rst_ps7_0_100M/U0/slowest_sync_clk
    SLICE_X67Y52         FDRE                                         r  design_1_i/cg_fpga_0/inst/rst_ps7_0_100M/U0/ACTIVE_LOW_PR_OUT_DFF[0].FDRE_PER_N/C
  -------------------------------------------------------------------    -------------------
    SLICE_X67Y52         FDRE (Prop_fdre_C_Q)         0.456     3.466 f  design_1_i/cg_fpga_0/inst/rst_ps7_0_100M/U0/ACTIVE_LOW_PR_OUT_DFF[0].FDRE_PER_N/Q
                         net (fo=69, routed)          5.306     8.772    design_1_i/cg_fpga_0/inst/axi_interconnect_0/m00_couplers/auto_pc/inst/gen_axi4_axi3.axi3_conv_inst/USE_WRITE.write_addr_inst/USE_BURSTS.cmd_queue/inst/aresetn
    SLICE_X18Y49         LUT1 (Prop_lut1_I0_O)        0.124     8.896 r  design_1_i/cg_fpga_0/inst/axi_interconnect_0/m00_couplers/auto_pc/inst/gen_axi4_axi3.axi3_conv_inst/USE_WRITE.write_addr_inst/USE_BURSTS.cmd_queue/inst/S_AXI_AREADY_I_i_1/O
                         net (fo=134, routed)         2.561    11.457    design_1_i/cg_fpga_0/inst/axi_interconnect_0/m00_couplers/auto_pc/inst/gen_axi4_axi3.axi3_conv_inst/USE_READ.USE_SPLIT_R.read_addr_inst/arststages_ff_reg[1]
    SLICE_X26Y56         FDRE                                         r  design_1_i/cg_fpga_0/inst/axi_interconnect_0/m00_couplers/auto_pc/inst/gen_axi4_axi3.axi3_conv_inst/USE_READ.USE_SPLIT_R.read_addr_inst/S_AXI_AADDR_Q_reg[8]/R
  -------------------------------------------------------------------    -------------------

                         (clock clk_fpga_0 rise edge)
                                                     10.000    10.000 r  
    PS7_X0Y0             PS7                          0.000    10.000 r  design_1_i/cg_fpga_0/inst/processing_system7_0/inst/PS7_i/FCLKCLK[0]
                         net (fo=1, routed)           1.088    11.088    design_1_i/cg_fpga_0/inst/processing_system7_0/inst/FCLK_CLK_unbuffered[0]
    BUFGCTRL_X0Y16       BUFG (Prop_bufg_I_O)         0.091    11.179 r  design_1_i/cg_fpga_0/inst/processing_system7_0/inst/buffer_fclk_clk_0.FCLK_CLK_0_BUFG/O
                         net (fo=7383, routed)        1.521    12.700    design_1_i/cg_fpga_0/inst/axi_interconnect_0/m00_couplers/auto_pc/inst/gen_axi4_axi3.axi3_conv_inst/USE_READ.USE_SPLIT_R.read_addr_inst/aclk
    SLICE_X26Y56         FDRE                                         r  design_1_i/cg_fpga_0/inst/axi_interconnect_0/m00_couplers/auto_pc/inst/gen_axi4_axi3.axi3_conv_inst/USE_READ.USE_SPLIT_R.read_addr_inst/S_AXI_AADDR_Q_reg[8]/C
                         clock pessimism              0.129    12.829    
                         clock uncertainty           -0.154    12.675    
    SLICE_X26Y56         FDRE (Setup_fdre_C_R)       -0.524    12.151    design_1_i/cg_fpga_0/inst/axi_interconnect_0/m00_couplers/auto_pc/inst/gen_axi4_axi3.axi3_conv_inst/USE_READ.USE_SPLIT_R.read_addr_inst/S_AXI_AADDR_Q_reg[8]
  -------------------------------------------------------------------
                         required time                         12.151    
                         arrival time                         -11.457    
  -------------------------------------------------------------------
                         slack                                  0.693    

Slack (MET) :             0.788ns  (required time - arrival time)
  Source:                 design_1_i/cg_fpga_0/inst/rst_ps7_0_100M/U0/ACTIVE_LOW_PR_OUT_DFF[0].FDRE_PER_N/C
                            (rising edge-triggered cell FDRE clocked by clk_fpga_0  {rise@0.000ns fall@5.000ns period=10.000ns})
  Destination:            design_1_i/cg_fpga_0/inst/axi_interconnect_0/m00_couplers/auto_pc/inst/gen_axi4_axi3.axi3_conv_inst/USE_READ.USE_SPLIT_R.read_addr_inst/S_AXI_AADDR_Q_reg[11]/R
                            (rising edge-triggered cell FDRE clocked by clk_fpga_0  {rise@0.000ns fall@5.000ns period=10.000ns})
  Path Group:             clk_fpga_0
  Path Type:              Setup (Max at Slow Process Corner)
  Requirement:            10.000ns  (clk_fpga_0 rise@10.000ns - clk_fpga_0 rise@0.000ns)
  Data Path Delay:        8.447ns  (logic 0.580ns (6.866%)  route 7.867ns (93.134%))
  Logic Levels:           1  (LUT1=1)
  Clock Path Skew:        -0.181ns (DCD - SCD + CPR)
    Destination Clock Delay (DCD):    2.700ns = ( 12.700 - 10.000 ) 
    Source Clock Delay      (SCD):    3.010ns
    Clock Pessimism Removal (CPR):    0.129ns
  Clock Uncertainty:      0.154ns  ((TSJ^2 + TIJ^2)^1/2 + DJ) / 2 + PE
    Total System Jitter     (TSJ):    0.071ns
    Total Input Jitter      (TIJ):    0.300ns
    Discrete Jitter          (DJ):    0.000ns
    Phase Error              (PE):    0.000ns

    Location             Delay type                Incr(ns)  Path(ns)    Netlist Resource(s)
  -------------------------------------------------------------------    -------------------
                         (clock clk_fpga_0 rise edge)
                                                      0.000     0.000 r  
    PS7_X0Y0             PS7                          0.000     0.000 r  design_1_i/cg_fpga_0/inst/processing_system7_0/inst/PS7_i/FCLKCLK[0]
                         net (fo=1, routed)           1.193     1.193    design_1_i/cg_fpga_0/inst/processing_system7_0/inst/FCLK_CLK_unbuffered[0]
    BUFGCTRL_X0Y16       BUFG (Prop_bufg_I_O)         0.101     1.294 r  design_1_i/cg_fpga_0/inst/processing_system7_0/inst/buffer_fclk_clk_0.FCLK_CLK_0_BUFG/O
                         net (fo=7383, routed)        1.716     3.010    design_1_i/cg_fpga_0/inst/rst_ps7_0_100M/U0/slowest_sync_clk
    SLICE_X67Y52         FDRE                                         r  design_1_i/cg_fpga_0/inst/rst_ps7_0_100M/U0/ACTIVE_LOW_PR_OUT_DFF[0].FDRE_PER_N/C
  -------------------------------------------------------------------    -------------------
    SLICE_X67Y52         FDRE (Prop_fdre_C_Q)         0.456     3.466 f  design_1_i/cg_fpga_0/inst/rst_ps7_0_100M/U0/ACTIVE_LOW_PR_OUT_DFF[0].FDRE_PER_N/Q
                         net (fo=69, routed)          5.306     8.772    design_1_i/cg_fpga_0/inst/axi_interconnect_0/m00_couplers/auto_pc/inst/gen_axi4_axi3.axi3_conv_inst/USE_WRITE.write_addr_inst/USE_BURSTS.cmd_queue/inst/aresetn
    SLICE_X18Y49         LUT1 (Prop_lut1_I0_O)        0.124     8.896 r  design_1_i/cg_fpga_0/inst/axi_interconnect_0/m00_couplers/auto_pc/inst/gen_axi4_axi3.axi3_conv_inst/USE_WRITE.write_addr_inst/USE_BURSTS.cmd_queue/inst/S_AXI_AREADY_I_i_1/O
                         net (fo=134, routed)         2.561    11.457    design_1_i/cg_fpga_0/inst/axi_interconnect_0/m00_couplers/auto_pc/inst/gen_axi4_axi3.axi3_conv_inst/USE_READ.USE_SPLIT_R.read_addr_inst/arststages_ff_reg[1]
    SLICE_X27Y56         FDRE                                         r  design_1_i/cg_fpga_0/inst/axi_interconnect_0/m00_couplers/auto_pc/inst/gen_axi4_axi3.axi3_conv_inst/USE_READ.USE_SPLIT_R.read_addr_inst/S_AXI_AADDR_Q_reg[11]/R
  -------------------------------------------------------------------    -------------------

                         (clock clk_fpga_0 rise edge)
                                                     10.000    10.000 r  
    PS7_X0Y0             PS7                          0.000    10.000 r  design_1_i/cg_fpga_0/inst/processing_system7_0/inst/PS7_i/FCLKCLK[0]
                         net (fo=1, routed)           1.088    11.088    design_1_i/cg_fpga_0/inst/processing_system7_0/inst/FCLK_CLK_unbuffered[0]
    BUFGCTRL_X0Y16       BUFG (Prop_bufg_I_O)         0.091    11.179 r  design_1_i/cg_fpga_0/inst/processing_system7_0/inst/buffer_fclk_clk_0.FCLK_CLK_0_BUFG/O
                         net (fo=7383, routed)        1.521    12.700    design_1_i/cg_fpga_0/inst/axi_interconnect_0/m00_couplers/auto_pc/inst/gen_axi4_axi3.axi3_conv_inst/USE_READ.USE_SPLIT_R.read_addr_inst/aclk
    SLICE_X27Y56         FDRE                                         r  design_1_i/cg_fpga_0/inst/axi_interconnect_0/m00_couplers/auto_pc/inst/gen_axi4_axi3.axi3_conv_inst/USE_READ.USE_SPLIT_R.read_addr_inst/S_AXI_AADDR_Q_reg[11]/C
                         clock pessimism              0.129    12.829    
                         clock uncertainty           -0.154    12.675    
    SLICE_X27Y56         FDRE (Setup_fdre_C_R)       -0.429    12.246    design_1_i/cg_fpga_0/inst/axi_interconnect_0/m00_couplers/auto_pc/inst/gen_axi4_axi3.axi3_conv_inst/USE_READ.USE_SPLIT_R.read_addr_inst/S_AXI_AADDR_Q_reg[11]
  -------------------------------------------------------------------
                         required time                         12.246    
                         arrival time                         -11.457    
  -------------------------------------------------------------------
                         slack                                  0.788    

Slack (MET) :             0.788ns  (required time - arrival time)
  Source:                 design_1_i/cg_fpga_0/inst/rst_ps7_0_100M/U0/ACTIVE_LOW_PR_OUT_DFF[0].FDRE_PER_N/C
                            (rising edge-triggered cell FDRE clocked by clk_fpga_0  {rise@0.000ns fall@5.000ns period=10.000ns})
  Destination:            design_1_i/cg_fpga_0/inst/axi_interconnect_0/m00_couplers/auto_pc/inst/gen_axi4_axi3.axi3_conv_inst/USE_READ.USE_SPLIT_R.read_addr_inst/S_AXI_AADDR_Q_reg[16]/R
                            (rising edge-triggered cell FDRE clocked by clk_fpga_0  {rise@0.000ns fall@5.000ns period=10.000ns})
  Path Group:             clk_fpga_0
  Path Type:              Setup (Max at Slow Process Corner)
  Requirement:            10.000ns  (clk_fpga_0 rise@10.000ns - clk_fpga_0 rise@0.000ns)
  Data Path Delay:        8.447ns  (logic 0.580ns (6.866%)  route 7.867ns (93.134%))
  Logic Levels:           1  (LUT1=1)
  Clock Path Skew:        -0.181ns (DCD - SCD + CPR)
    Destination Clock Delay (DCD):    2.700ns = ( 12.700 - 10.000 ) 
    Source Clock Delay      (SCD):    3.010ns
    Clock Pessimism Removal (CPR):    0.129ns
  Clock Uncertainty:      0.154ns  ((TSJ^2 + TIJ^2)^1/2 + DJ) / 2 + PE
    Total System Jitter     (TSJ):    0.071ns
    Total Input Jitter      (TIJ):    0.300ns
    Discrete Jitter          (DJ):    0.000ns
    Phase Error              (PE):    0.000ns

    Location             Delay type                Incr(ns)  Path(ns)    Netlist Resource(s)
  -------------------------------------------------------------------    -------------------
                         (clock clk_fpga_0 rise edge)
                                                      0.000     0.000 r  
    PS7_X0Y0             PS7                          0.000     0.000 r  design_1_i/cg_fpga_0/inst/processing_system7_0/inst/PS7_i/FCLKCLK[0]
                         net (fo=1, routed)           1.193     1.193    design_1_i/cg_fpga_0/inst/processing_system7_0/inst/FCLK_CLK_unbuffered[0]
    BUFGCTRL_X0Y16       BUFG (Prop_bufg_I_O)         0.101     1.294 r  design_1_i/cg_fpga_0/inst/processing_system7_0/inst/buffer_fclk_clk_0.FCLK_CLK_0_BUFG/O
                         net (fo=7383, routed)        1.716     3.010    design_1_i/cg_fpga_0/inst/rst_ps7_0_100M/U0/slowest_sync_clk
    SLICE_X67Y52         FDRE                                         r  design_1_i/cg_fpga_0/inst/rst_ps7_0_100M/U0/ACTIVE_LOW_PR_OUT_DFF[0].FDRE_PER_N/C
  -------------------------------------------------------------------    -------------------
    SLICE_X67Y52         FDRE (Prop_fdre_C_Q)         0.456     3.466 f  design_1_i/cg_fpga_0/inst/rst_ps7_0_100M/U0/ACTIVE_LOW_PR_OUT_DFF[0].FDRE_PER_N/Q
                         net (fo=69, routed)          5.306     8.772    design_1_i/cg_fpga_0/inst/axi_interconnect_0/m00_couplers/auto_pc/inst/gen_axi4_axi3.axi3_conv_inst/USE_WRITE.write_addr_inst/USE_BURSTS.cmd_queue/inst/aresetn
    SLICE_X18Y49         LUT1 (Prop_lut1_I0_O)        0.124     8.896 r  design_1_i/cg_fpga_0/inst/axi_interconnect_0/m00_couplers/auto_pc/inst/gen_axi4_axi3.axi3_conv_inst/USE_WRITE.write_addr_inst/USE_BURSTS.cmd_queue/inst/S_AXI_AREADY_I_i_1/O
                         net (fo=134, routed)         2.561    11.457    design_1_i/cg_fpga_0/inst/axi_interconnect_0/m00_couplers/auto_pc/inst/gen_axi4_axi3.axi3_conv_inst/USE_READ.USE_SPLIT_R.read_addr_inst/arststages_ff_reg[1]
    SLICE_X27Y56         FDRE                                         r  design_1_i/cg_fpga_0/inst/axi_interconnect_0/m00_couplers/auto_pc/inst/gen_axi4_axi3.axi3_conv_inst/USE_READ.USE_SPLIT_R.read_addr_inst/S_AXI_AADDR_Q_reg[16]/R
  -------------------------------------------------------------------    -------------------

                         (clock clk_fpga_0 rise edge)
                                                     10.000    10.000 r  
    PS7_X0Y0             PS7                          0.000    10.000 r  design_1_i/cg_fpga_0/inst/processing_system7_0/inst/PS7_i/FCLKCLK[0]
                         net (fo=1, routed)           1.088    11.088    design_1_i/cg_fpga_0/inst/processing_system7_0/inst/FCLK_CLK_unbuffered[0]
    BUFGCTRL_X0Y16       BUFG (Prop_bufg_I_O)         0.091    11.179 r  design_1_i/cg_fpga_0/inst/processing_system7_0/inst/buffer_fclk_clk_0.FCLK_CLK_0_BUFG/O
                         net (fo=7383, routed)        1.521    12.700    design_1_i/cg_fpga_0/inst/axi_interconnect_0/m00_couplers/auto_pc/inst/gen_axi4_axi3.axi3_conv_inst/USE_READ.USE_SPLIT_R.read_addr_inst/aclk
    SLICE_X27Y56         FDRE                                         r  design_1_i/cg_fpga_0/inst/axi_interconnect_0/m00_couplers/auto_pc/inst/gen_axi4_axi3.axi3_conv_inst/USE_READ.USE_SPLIT_R.read_addr_inst/S_AXI_AADDR_Q_reg[16]/C
                         clock pessimism              0.129    12.829    
                         clock uncertainty           -0.154    12.675    
    SLICE_X27Y56         FDRE (Setup_fdre_C_R)       -0.429    12.246    design_1_i/cg_fpga_0/inst/axi_interconnect_0/m00_couplers/auto_pc/inst/gen_axi4_axi3.axi3_conv_inst/USE_READ.USE_SPLIT_R.read_addr_inst/S_AXI_AADDR_Q_reg[16]
  -------------------------------------------------------------------
                         required time                         12.246    
                         arrival time                         -11.457    
  -------------------------------------------------------------------
                         slack                                  0.788    

Slack (MET) :             0.788ns  (required time - arrival time)
  Source:                 design_1_i/cg_fpga_0/inst/rst_ps7_0_100M/U0/ACTIVE_LOW_PR_OUT_DFF[0].FDRE_PER_N/C
                            (rising edge-triggered cell FDRE clocked by clk_fpga_0  {rise@0.000ns fall@5.000ns period=10.000ns})
  Destination:            design_1_i/cg_fpga_0/inst/axi_interconnect_0/m00_couplers/auto_pc/inst/gen_axi4_axi3.axi3_conv_inst/USE_READ.USE_SPLIT_R.read_addr_inst/S_AXI_AADDR_Q_reg[17]/R
                            (rising edge-triggered cell FDRE clocked by clk_fpga_0  {rise@0.000ns fall@5.000ns period=10.000ns})
  Path Group:             clk_fpga_0
  Path Type:              Setup (Max at Slow Process Corner)
  Requirement:            10.000ns  (clk_fpga_0 rise@10.000ns - clk_fpga_0 rise@0.000ns)
  Data Path Delay:        8.447ns  (logic 0.580ns (6.866%)  route 7.867ns (93.134%))
  Logic Levels:           1  (LUT1=1)
  Clock Path Skew:        -0.181ns (DCD - SCD + CPR)
    Destination Clock Delay (DCD):    2.700ns = ( 12.700 - 10.000 ) 
    Source Clock Delay      (SCD):    3.010ns
    Clock Pessimism Removal (CPR):    0.129ns
  Clock Uncertainty:      0.154ns  ((TSJ^2 + TIJ^2)^1/2 + DJ) / 2 + PE
    Total System Jitter     (TSJ):    0.071ns
    Total Input Jitter      (TIJ):    0.300ns
    Discrete Jitter          (DJ):    0.000ns
    Phase Error              (PE):    0.000ns

    Location             Delay type                Incr(ns)  Path(ns)    Netlist Resource(s)
  -------------------------------------------------------------------    -------------------
                         (clock clk_fpga_0 rise edge)
                                                      0.000     0.000 r  
    PS7_X0Y0             PS7                          0.000     0.000 r  design_1_i/cg_fpga_0/inst/processing_system7_0/inst/PS7_i/FCLKCLK[0]
                         net (fo=1, routed)           1.193     1.193    design_1_i/cg_fpga_0/inst/processing_system7_0/inst/FCLK_CLK_unbuffered[0]
    BUFGCTRL_X0Y16       BUFG (Prop_bufg_I_O)         0.101     1.294 r  design_1_i/cg_fpga_0/inst/processing_system7_0/inst/buffer_fclk_clk_0.FCLK_CLK_0_BUFG/O
                         net (fo=7383, routed)        1.716     3.010    design_1_i/cg_fpga_0/inst/rst_ps7_0_100M/U0/slowest_sync_clk
    SLICE_X67Y52         FDRE                                         r  design_1_i/cg_fpga_0/inst/rst_ps7_0_100M/U0/ACTIVE_LOW_PR_OUT_DFF[0].FDRE_PER_N/C
  -------------------------------------------------------------------    -------------------
    SLICE_X67Y52         FDRE (Prop_fdre_C_Q)         0.456     3.466 f  design_1_i/cg_fpga_0/inst/rst_ps7_0_100M/U0/ACTIVE_LOW_PR_OUT_DFF[0].FDRE_PER_N/Q
                         net (fo=69, routed)          5.306     8.772    design_1_i/cg_fpga_0/inst/axi_interconnect_0/m00_couplers/auto_pc/inst/gen_axi4_axi3.axi3_conv_inst/USE_WRITE.write_addr_inst/USE_BURSTS.cmd_queue/inst/aresetn
    SLICE_X18Y49         LUT1 (Prop_lut1_I0_O)        0.124     8.896 r  design_1_i/cg_fpga_0/inst/axi_interconnect_0/m00_couplers/auto_pc/inst/gen_axi4_axi3.axi3_conv_inst/USE_WRITE.write_addr_inst/USE_BURSTS.cmd_queue/inst/S_AXI_AREADY_I_i_1/O
                         net (fo=134, routed)         2.561    11.457    design_1_i/cg_fpga_0/inst/axi_interconnect_0/m00_couplers/auto_pc/inst/gen_axi4_axi3.axi3_conv_inst/USE_READ.USE_SPLIT_R.read_addr_inst/arststages_ff_reg[1]
    SLICE_X27Y56         FDRE                                         r  design_1_i/cg_fpga_0/inst/axi_interconnect_0/m00_couplers/auto_pc/inst/gen_axi4_axi3.axi3_conv_inst/USE_READ.USE_SPLIT_R.read_addr_inst/S_AXI_AADDR_Q_reg[17]/R
  -------------------------------------------------------------------    -------------------

                         (clock clk_fpga_0 rise edge)
                                                     10.000    10.000 r  
    PS7_X0Y0             PS7                          0.000    10.000 r  design_1_i/cg_fpga_0/inst/processing_system7_0/inst/PS7_i/FCLKCLK[0]
                         net (fo=1, routed)           1.088    11.088    design_1_i/cg_fpga_0/inst/processing_system7_0/inst/FCLK_CLK_unbuffered[0]
    BUFGCTRL_X0Y16       BUFG (Prop_bufg_I_O)         0.091    11.179 r  design_1_i/cg_fpga_0/inst/processing_system7_0/inst/buffer_fclk_clk_0.FCLK_CLK_0_BUFG/O
                         net (fo=7383, routed)        1.521    12.700    design_1_i/cg_fpga_0/inst/axi_interconnect_0/m00_couplers/auto_pc/inst/gen_axi4_axi3.axi3_conv_inst/USE_READ.USE_SPLIT_R.read_addr_inst/aclk
    SLICE_X27Y56         FDRE                                         r  design_1_i/cg_fpga_0/inst/axi_interconnect_0/m00_couplers/auto_pc/inst/gen_axi4_axi3.axi3_conv_inst/USE_READ.USE_SPLIT_R.read_addr_inst/S_AXI_AADDR_Q_reg[17]/C
                         clock pessimism              0.129    12.829    
                         clock uncertainty           -0.154    12.675    
    SLICE_X27Y56         FDRE (Setup_fdre_C_R)       -0.429    12.246    design_1_i/cg_fpga_0/inst/axi_interconnect_0/m00_couplers/auto_pc/inst/gen_axi4_axi3.axi3_conv_inst/USE_READ.USE_SPLIT_R.read_addr_inst/S_AXI_AADDR_Q_reg[17]
  -------------------------------------------------------------------
                         required time                         12.246    
                         arrival time                         -11.457    
  -------------------------------------------------------------------
                         slack                                  0.788    

Slack (MET) :             0.788ns  (required time - arrival time)
  Source:                 design_1_i/cg_fpga_0/inst/rst_ps7_0_100M/U0/ACTIVE_LOW_PR_OUT_DFF[0].FDRE_PER_N/C
                            (rising edge-triggered cell FDRE clocked by clk_fpga_0  {rise@0.000ns fall@5.000ns period=10.000ns})
  Destination:            design_1_i/cg_fpga_0/inst/axi_interconnect_0/m00_couplers/auto_pc/inst/gen_axi4_axi3.axi3_conv_inst/USE_READ.USE_SPLIT_R.read_addr_inst/S_AXI_AADDR_Q_reg[24]/R
                            (rising edge-triggered cell FDRE clocked by clk_fpga_0  {rise@0.000ns fall@5.000ns period=10.000ns})
  Path Group:             clk_fpga_0
  Path Type:              Setup (Max at Slow Process Corner)
  Requirement:            10.000ns  (clk_fpga_0 rise@10.000ns - clk_fpga_0 rise@0.000ns)
  Data Path Delay:        8.447ns  (logic 0.580ns (6.866%)  route 7.867ns (93.134%))
  Logic Levels:           1  (LUT1=1)
  Clock Path Skew:        -0.181ns (DCD - SCD + CPR)
    Destination Clock Delay (DCD):    2.700ns = ( 12.700 - 10.000 ) 
    Source Clock Delay      (SCD):    3.010ns
    Clock Pessimism Removal (CPR):    0.129ns
  Clock Uncertainty:      0.154ns  ((TSJ^2 + TIJ^2)^1/2 + DJ) / 2 + PE
    Total System Jitter     (TSJ):    0.071ns
    Total Input Jitter      (TIJ):    0.300ns
    Discrete Jitter          (DJ):    0.000ns
    Phase Error              (PE):    0.000ns

    Location             Delay type                Incr(ns)  Path(ns)    Netlist Resource(s)
  -------------------------------------------------------------------    -------------------
                         (clock clk_fpga_0 rise edge)
                                                      0.000     0.000 r  
    PS7_X0Y0             PS7                          0.000     0.000 r  design_1_i/cg_fpga_0/inst/processing_system7_0/inst/PS7_i/FCLKCLK[0]
                         net (fo=1, routed)           1.193     1.193    design_1_i/cg_fpga_0/inst/processing_system7_0/inst/FCLK_CLK_unbuffered[0]
    BUFGCTRL_X0Y16       BUFG (Prop_bufg_I_O)         0.101     1.294 r  design_1_i/cg_fpga_0/inst/processing_system7_0/inst/buffer_fclk_clk_0.FCLK_CLK_0_BUFG/O
                         net (fo=7383, routed)        1.716     3.010    design_1_i/cg_fpga_0/inst/rst_ps7_0_100M/U0/slowest_sync_clk
    SLICE_X67Y52         FDRE                                         r  design_1_i/cg_fpga_0/inst/rst_ps7_0_100M/U0/ACTIVE_LOW_PR_OUT_DFF[0].FDRE_PER_N/C
  -------------------------------------------------------------------    -------------------
    SLICE_X67Y52         FDRE (Prop_fdre_C_Q)         0.456     3.466 f  design_1_i/cg_fpga_0/inst/rst_ps7_0_100M/U0/ACTIVE_LOW_PR_OUT_DFF[0].FDRE_PER_N/Q
                         net (fo=69, routed)          5.306     8.772    design_1_i/cg_fpga_0/inst/axi_interconnect_0/m00_couplers/auto_pc/inst/gen_axi4_axi3.axi3_conv_inst/USE_WRITE.write_addr_inst/USE_BURSTS.cmd_queue/inst/aresetn
    SLICE_X18Y49         LUT1 (Prop_lut1_I0_O)        0.124     8.896 r  design_1_i/cg_fpga_0/inst/axi_interconnect_0/m00_couplers/auto_pc/inst/gen_axi4_axi3.axi3_conv_inst/USE_WRITE.write_addr_inst/USE_BURSTS.cmd_queue/inst/S_AXI_AREADY_I_i_1/O
                         net (fo=134, routed)         2.561    11.457    design_1_i/cg_fpga_0/inst/axi_interconnect_0/m00_couplers/auto_pc/inst/gen_axi4_axi3.axi3_conv_inst/USE_READ.USE_SPLIT_R.read_addr_inst/arststages_ff_reg[1]
    SLICE_X27Y56         FDRE                                         r  design_1_i/cg_fpga_0/inst/axi_interconnect_0/m00_couplers/auto_pc/inst/gen_axi4_axi3.axi3_conv_inst/USE_READ.USE_SPLIT_R.read_addr_inst/S_AXI_AADDR_Q_reg[24]/R
  -------------------------------------------------------------------    -------------------

                         (clock clk_fpga_0 rise edge)
                                                     10.000    10.000 r  
    PS7_X0Y0             PS7                          0.000    10.000 r  design_1_i/cg_fpga_0/inst/processing_system7_0/inst/PS7_i/FCLKCLK[0]
                         net (fo=1, routed)           1.088    11.088    design_1_i/cg_fpga_0/inst/processing_system7_0/inst/FCLK_CLK_unbuffered[0]
    BUFGCTRL_X0Y16       BUFG (Prop_bufg_I_O)         0.091    11.179 r  design_1_i/cg_fpga_0/inst/processing_system7_0/inst/buffer_fclk_clk_0.FCLK_CLK_0_BUFG/O
                         net (fo=7383, routed)        1.521    12.700    design_1_i/cg_fpga_0/inst/axi_interconnect_0/m00_couplers/auto_pc/inst/gen_axi4_axi3.axi3_conv_inst/USE_READ.USE_SPLIT_R.read_addr_inst/aclk
    SLICE_X27Y56         FDRE                                         r  design_1_i/cg_fpga_0/inst/axi_interconnect_0/m00_couplers/auto_pc/inst/gen_axi4_axi3.axi3_conv_inst/USE_READ.USE_SPLIT_R.read_addr_inst/S_AXI_AADDR_Q_reg[24]/C
                         clock pessimism              0.129    12.829    
                         clock uncertainty           -0.154    12.675    
    SLICE_X27Y56         FDRE (Setup_fdre_C_R)       -0.429    12.246    design_1_i/cg_fpga_0/inst/axi_interconnect_0/m00_couplers/auto_pc/inst/gen_axi4_axi3.axi3_conv_inst/USE_READ.USE_SPLIT_R.read_addr_inst/S_AXI_AADDR_Q_reg[24]
  -------------------------------------------------------------------
                         required time                         12.246    
                         arrival time                         -11.457    
  -------------------------------------------------------------------
                         slack                                  0.788    

Slack (MET) :             0.838ns  (required time - arrival time)
  Source:                 design_1_i/cg_fpga_0/inst/rst_ps7_0_100M/U0/ACTIVE_LOW_PR_OUT_DFF[0].FDRE_PER_N/C
                            (rising edge-triggered cell FDRE clocked by clk_fpga_0  {rise@0.000ns fall@5.000ns period=10.000ns})
  Destination:            design_1_i/cg_fpga_0/inst/axi_interconnect_0/m00_couplers/auto_pc/inst/gen_axi4_axi3.axi3_conv_inst/USE_READ.USE_SPLIT_R.read_addr_inst/S_AXI_AADDR_Q_reg[9]/R
                            (rising edge-triggered cell FDRE clocked by clk_fpga_0  {rise@0.000ns fall@5.000ns period=10.000ns})
  Path Group:             clk_fpga_0
  Path Type:              Setup (Max at Slow Process Corner)
  Requirement:            10.000ns  (clk_fpga_0 rise@10.000ns - clk_fpga_0 rise@0.000ns)
  Data Path Delay:        8.303ns  (logic 0.580ns (6.985%)  route 7.723ns (93.015%))
  Logic Levels:           1  (LUT1=1)
  Clock Path Skew:        -0.180ns (DCD - SCD + CPR)
    Destination Clock Delay (DCD):    2.701ns = ( 12.701 - 10.000 ) 
    Source Clock Delay      (SCD):    3.010ns
    Clock Pessimism Removal (CPR):    0.129ns
  Clock Uncertainty:      0.154ns  ((TSJ^2 + TIJ^2)^1/2 + DJ) / 2 + PE
    Total System Jitter     (TSJ):    0.071ns
    Total Input Jitter      (TIJ):    0.300ns
    Discrete Jitter          (DJ):    0.000ns
    Phase Error              (PE):    0.000ns

    Location             Delay type                Incr(ns)  Path(ns)    Netlist Resource(s)
  -------------------------------------------------------------------    -------------------
                         (clock clk_fpga_0 rise edge)
                                                      0.000     0.000 r  
    PS7_X0Y0             PS7                          0.000     0.000 r  design_1_i/cg_fpga_0/inst/processing_system7_0/inst/PS7_i/FCLKCLK[0]
                         net (fo=1, routed)           1.193     1.193    design_1_i/cg_fpga_0/inst/processing_system7_0/inst/FCLK_CLK_unbuffered[0]
    BUFGCTRL_X0Y16       BUFG (Prop_bufg_I_O)         0.101     1.294 r  design_1_i/cg_fpga_0/inst/processing_system7_0/inst/buffer_fclk_clk_0.FCLK_CLK_0_BUFG/O
                         net (fo=7383, routed)        1.716     3.010    design_1_i/cg_fpga_0/inst/rst_ps7_0_100M/U0/slowest_sync_clk
    SLICE_X67Y52         FDRE                                         r  design_1_i/cg_fpga_0/inst/rst_ps7_0_100M/U0/ACTIVE_LOW_PR_OUT_DFF[0].FDRE_PER_N/C
  -------------------------------------------------------------------    -------------------
    SLICE_X67Y52         FDRE (Prop_fdre_C_Q)         0.456     3.466 f  design_1_i/cg_fpga_0/inst/rst_ps7_0_100M/U0/ACTIVE_LOW_PR_OUT_DFF[0].FDRE_PER_N/Q
                         net (fo=69, routed)          5.306     8.772    design_1_i/cg_fpga_0/inst/axi_interconnect_0/m00_couplers/auto_pc/inst/gen_axi4_axi3.axi3_conv_inst/USE_WRITE.write_addr_inst/USE_BURSTS.cmd_queue/inst/aresetn
    SLICE_X18Y49         LUT1 (Prop_lut1_I0_O)        0.124     8.896 r  design_1_i/cg_fpga_0/inst/axi_interconnect_0/m00_couplers/auto_pc/inst/gen_axi4_axi3.axi3_conv_inst/USE_WRITE.write_addr_inst/USE_BURSTS.cmd_queue/inst/S_AXI_AREADY_I_i_1/O
                         net (fo=134, routed)         2.417    11.313    design_1_i/cg_fpga_0/inst/axi_interconnect_0/m00_couplers/auto_pc/inst/gen_axi4_axi3.axi3_conv_inst/USE_READ.USE_SPLIT_R.read_addr_inst/arststages_ff_reg[1]
    SLICE_X26Y52         FDRE                                         r  design_1_i/cg_fpga_0/inst/axi_interconnect_0/m00_couplers/auto_pc/inst/gen_axi4_axi3.axi3_conv_inst/USE_READ.USE_SPLIT_R.read_addr_inst/S_AXI_AADDR_Q_reg[9]/R
  -------------------------------------------------------------------    -------------------

                         (clock clk_fpga_0 rise edge)
                                                     10.000    10.000 r  
    PS7_X0Y0             PS7                          0.000    10.000 r  design_1_i/cg_fpga_0/inst/processing_system7_0/inst/PS7_i/FCLKCLK[0]
                         net (fo=1, routed)           1.088    11.088    design_1_i/cg_fpga_0/inst/processing_system7_0/inst/FCLK_CLK_unbuffered[0]
    BUFGCTRL_X0Y16       BUFG (Prop_bufg_I_O)         0.091    11.179 r  design_1_i/cg_fpga_0/inst/processing_system7_0/inst/buffer_fclk_clk_0.FCLK_CLK_0_BUFG/O
                         net (fo=7383, routed)        1.522    12.701    design_1_i/cg_fpga_0/inst/axi_interconnect_0/m00_couplers/auto_pc/inst/gen_axi4_axi3.axi3_conv_inst/USE_READ.USE_SPLIT_R.read_addr_inst/aclk
    SLICE_X26Y52         FDRE                                         r  design_1_i/cg_fpga_0/inst/axi_interconnect_0/m00_couplers/auto_pc/inst/gen_axi4_axi3.axi3_conv_inst/USE_READ.USE_SPLIT_R.read_addr_inst/S_AXI_AADDR_Q_reg[9]/C
                         clock pessimism              0.129    12.830    
                         clock uncertainty           -0.154    12.676    
    SLICE_X26Y52         FDRE (Setup_fdre_C_R)       -0.524    12.152    design_1_i/cg_fpga_0/inst/axi_interconnect_0/m00_couplers/auto_pc/inst/gen_axi4_axi3.axi3_conv_inst/USE_READ.USE_SPLIT_R.read_addr_inst/S_AXI_AADDR_Q_reg[9]
  -------------------------------------------------------------------
                         required time                         12.152    
                         arrival time                         -11.313    
  -------------------------------------------------------------------
                         slack                                  0.838    

Slack (MET) :             0.838ns  (required time - arrival time)
  Source:                 design_1_i/cg_fpga_0/inst/rst_ps7_0_100M/U0/ACTIVE_LOW_PR_OUT_DFF[0].FDRE_PER_N/C
                            (rising edge-triggered cell FDRE clocked by clk_fpga_0  {rise@0.000ns fall@5.000ns period=10.000ns})
  Destination:            design_1_i/cg_fpga_0/inst/axi_interconnect_0/m00_couplers/auto_pc/inst/gen_axi4_axi3.axi3_conv_inst/USE_READ.USE_SPLIT_R.read_addr_inst/S_AXI_ALEN_Q_reg[0]/R
                            (rising edge-triggered cell FDRE clocked by clk_fpga_0  {rise@0.000ns fall@5.000ns period=10.000ns})
  Path Group:             clk_fpga_0
  Path Type:              Setup (Max at Slow Process Corner)
  Requirement:            10.000ns  (clk_fpga_0 rise@10.000ns - clk_fpga_0 rise@0.000ns)
  Data Path Delay:        8.303ns  (logic 0.580ns (6.985%)  route 7.723ns (93.015%))
  Logic Levels:           1  (LUT1=1)
  Clock Path Skew:        -0.180ns (DCD - SCD + CPR)
    Destination Clock Delay (DCD):    2.701ns = ( 12.701 - 10.000 ) 
    Source Clock Delay      (SCD):    3.010ns
    Clock Pessimism Removal (CPR):    0.129ns
  Clock Uncertainty:      0.154ns  ((TSJ^2 + TIJ^2)^1/2 + DJ) / 2 + PE
    Total System Jitter     (TSJ):    0.071ns
    Total Input Jitter      (TIJ):    0.300ns
    Discrete Jitter          (DJ):    0.000ns
    Phase Error              (PE):    0.000ns

    Location             Delay type                Incr(ns)  Path(ns)    Netlist Resource(s)
  -------------------------------------------------------------------    -------------------
                         (clock clk_fpga_0 rise edge)
                                                      0.000     0.000 r  
    PS7_X0Y0             PS7                          0.000     0.000 r  design_1_i/cg_fpga_0/inst/processing_system7_0/inst/PS7_i/FCLKCLK[0]
                         net (fo=1, routed)           1.193     1.193    design_1_i/cg_fpga_0/inst/processing_system7_0/inst/FCLK_CLK_unbuffered[0]
    BUFGCTRL_X0Y16       BUFG (Prop_bufg_I_O)         0.101     1.294 r  design_1_i/cg_fpga_0/inst/processing_system7_0/inst/buffer_fclk_clk_0.FCLK_CLK_0_BUFG/O
                         net (fo=7383, routed)        1.716     3.010    design_1_i/cg_fpga_0/inst/rst_ps7_0_100M/U0/slowest_sync_clk
    SLICE_X67Y52         FDRE                                         r  design_1_i/cg_fpga_0/inst/rst_ps7_0_100M/U0/ACTIVE_LOW_PR_OUT_DFF[0].FDRE_PER_N/C
  -------------------------------------------------------------------    -------------------
    SLICE_X67Y52         FDRE (Prop_fdre_C_Q)         0.456     3.466 f  design_1_i/cg_fpga_0/inst/rst_ps7_0_100M/U0/ACTIVE_LOW_PR_OUT_DFF[0].FDRE_PER_N/Q
                         net (fo=69, routed)          5.306     8.772    design_1_i/cg_fpga_0/inst/axi_interconnect_0/m00_couplers/auto_pc/inst/gen_axi4_axi3.axi3_conv_inst/USE_WRITE.write_addr_inst/USE_BURSTS.cmd_queue/inst/aresetn
    SLICE_X18Y49         LUT1 (Prop_lut1_I0_O)        0.124     8.896 r  design_1_i/cg_fpga_0/inst/axi_interconnect_0/m00_couplers/auto_pc/inst/gen_axi4_axi3.axi3_conv_inst/USE_WRITE.write_addr_inst/USE_BURSTS.cmd_queue/inst/S_AXI_AREADY_I_i_1/O
                         net (fo=134, routed)         2.417    11.313    design_1_i/cg_fpga_0/inst/axi_interconnect_0/m00_couplers/auto_pc/inst/gen_axi4_axi3.axi3_conv_inst/USE_READ.USE_SPLIT_R.read_addr_inst/arststages_ff_reg[1]
    SLICE_X26Y52         FDRE                                         r  design_1_i/cg_fpga_0/inst/axi_interconnect_0/m00_couplers/auto_pc/inst/gen_axi4_axi3.axi3_conv_inst/USE_READ.USE_SPLIT_R.read_addr_inst/S_AXI_ALEN_Q_reg[0]/R
  -------------------------------------------------------------------    -------------------

                         (clock clk_fpga_0 rise edge)
                                                     10.000    10.000 r  
    PS7_X0Y0             PS7                          0.000    10.000 r  design_1_i/cg_fpga_0/inst/processing_system7_0/inst/PS7_i/FCLKCLK[0]
                         net (fo=1, routed)           1.088    11.088    design_1_i/cg_fpga_0/inst/processing_system7_0/inst/FCLK_CLK_unbuffered[0]
    BUFGCTRL_X0Y16       BUFG (Prop_bufg_I_O)         0.091    11.179 r  design_1_i/cg_fpga_0/inst/processing_system7_0/inst/buffer_fclk_clk_0.FCLK_CLK_0_BUFG/O
                         net (fo=7383, routed)        1.522    12.701    design_1_i/cg_fpga_0/inst/axi_interconnect_0/m00_couplers/auto_pc/inst/gen_axi4_axi3.axi3_conv_inst/USE_READ.USE_SPLIT_R.read_addr_inst/aclk
    SLICE_X26Y52         FDRE                                         r  design_1_i/cg_fpga_0/inst/axi_interconnect_0/m00_couplers/auto_pc/inst/gen_axi4_axi3.axi3_conv_inst/USE_READ.USE_SPLIT_R.read_addr_inst/S_AXI_ALEN_Q_reg[0]/C
                         clock pessimism              0.129    12.830    
                         clock uncertainty           -0.154    12.676    
    SLICE_X26Y52         FDRE (Setup_fdre_C_R)       -0.524    12.152    design_1_i/cg_fpga_0/inst/axi_interconnect_0/m00_couplers/auto_pc/inst/gen_axi4_axi3.axi3_conv_inst/USE_READ.USE_SPLIT_R.read_addr_inst/S_AXI_ALEN_Q_reg[0]
  -------------------------------------------------------------------
                         required time                         12.152    
                         arrival time                         -11.313    
  -------------------------------------------------------------------
                         slack                                  0.838    





Min Delay Paths
--------------------------------------------------------------------------------------
Slack (MET) :             0.023ns  (arrival time - required time)
  Source:                 design_1_i/cg_fpga_0/inst/axi_interconnect_0/xbar/inst/gen_samd.crossbar_samd/addr_arbiter_ar/gen_arbiter.qual_reg_reg[0]/C
                            (rising edge-triggered cell FDRE clocked by clk_fpga_0  {rise@0.000ns fall@5.000ns period=10.000ns})
  Destination:            design_1_i/cg_fpga_0/inst/axi_interconnect_0/xbar/inst/gen_samd.crossbar_samd/addr_arbiter_ar/gen_arbiter.last_rr_hot_reg[0]/D
                            (rising edge-triggered cell FDRE clocked by clk_fpga_0  {rise@0.000ns fall@5.000ns period=10.000ns})
  Path Group:             clk_fpga_0
  Path Type:              Hold (Min at Fast Process Corner)
  Requirement:            0.000ns  (clk_fpga_0 rise@0.000ns - clk_fpga_0 rise@0.000ns)
  Data Path Delay:        0.401ns  (logic 0.212ns (52.920%)  route 0.189ns (47.080%))
  Logic Levels:           1  (LUT5=1)
  Clock Path Skew:        0.254ns (DCD - SCD - CPR)
    Destination Clock Delay (DCD):    1.211ns
    Source Clock Delay      (SCD):    0.927ns
    Clock Pessimism Removal (CPR):    0.030ns

    Location             Delay type                Incr(ns)  Path(ns)    Netlist Resource(s)
  -------------------------------------------------------------------    -------------------
                         (clock clk_fpga_0 rise edge)
                                                      0.000     0.000 r  
    PS7_X0Y0             PS7                          0.000     0.000 r  design_1_i/cg_fpga_0/inst/processing_system7_0/inst/PS7_i/FCLKCLK[0]
                         net (fo=1, routed)           0.310     0.310    design_1_i/cg_fpga_0/inst/processing_system7_0/inst/FCLK_CLK_unbuffered[0]
    BUFGCTRL_X0Y16       BUFG (Prop_bufg_I_O)         0.026     0.336 r  design_1_i/cg_fpga_0/inst/processing_system7_0/inst/buffer_fclk_clk_0.FCLK_CLK_0_BUFG/O
                         net (fo=7383, routed)        0.591     0.927    design_1_i/cg_fpga_0/inst/axi_interconnect_0/xbar/inst/gen_samd.crossbar_samd/addr_arbiter_ar/aclk
    SLICE_X30Y49         FDRE                                         r  design_1_i/cg_fpga_0/inst/axi_interconnect_0/xbar/inst/gen_samd.crossbar_samd/addr_arbiter_ar/gen_arbiter.qual_reg_reg[0]/C
  -------------------------------------------------------------------    -------------------
    SLICE_X30Y49         FDRE (Prop_fdre_C_Q)         0.164     1.091 r  design_1_i/cg_fpga_0/inst/axi_interconnect_0/xbar/inst/gen_samd.crossbar_samd/addr_arbiter_ar/gen_arbiter.qual_reg_reg[0]/Q
                         net (fo=3, routed)           0.189     1.279    design_1_i/cg_fpga_0/inst/axi_interconnect_0/xbar/inst/gen_samd.crossbar_samd/addr_arbiter_ar/qual_reg[0]
    SLICE_X30Y50         LUT5 (Prop_lut5_I0_O)        0.048     1.327 r  design_1_i/cg_fpga_0/inst/axi_interconnect_0/xbar/inst/gen_samd.crossbar_samd/addr_arbiter_ar/gen_arbiter.last_rr_hot[0]_i_1/O
                         net (fo=3, routed)           0.000     1.327    design_1_i/cg_fpga_0/inst/axi_interconnect_0/xbar/inst/gen_samd.crossbar_samd/addr_arbiter_ar/gen_arbiter.last_rr_hot[0]_i_1_n_0
    SLICE_X30Y50         FDRE                                         r  design_1_i/cg_fpga_0/inst/axi_interconnect_0/xbar/inst/gen_samd.crossbar_samd/addr_arbiter_ar/gen_arbiter.last_rr_hot_reg[0]/D
  -------------------------------------------------------------------    -------------------

                         (clock clk_fpga_0 rise edge)
                                                      0.000     0.000 r  
    PS7_X0Y0             PS7                          0.000     0.000 r  design_1_i/cg_fpga_0/inst/processing_system7_0/inst/PS7_i/FCLKCLK[0]
                         net (fo=1, routed)           0.337     0.337    design_1_i/cg_fpga_0/inst/processing_system7_0/inst/FCLK_CLK_unbuffered[0]
    BUFGCTRL_X0Y16       BUFG (Prop_bufg_I_O)         0.029     0.366 r  design_1_i/cg_fpga_0/inst/processing_system7_0/inst/buffer_fclk_clk_0.FCLK_CLK_0_BUFG/O
                         net (fo=7383, routed)        0.845     1.211    design_1_i/cg_fpga_0/inst/axi_interconnect_0/xbar/inst/gen_samd.crossbar_samd/addr_arbiter_ar/aclk
    SLICE_X30Y50         FDRE                                         r  design_1_i/cg_fpga_0/inst/axi_interconnect_0/xbar/inst/gen_samd.crossbar_samd/addr_arbiter_ar/gen_arbiter.last_rr_hot_reg[0]/C
                         clock pessimism             -0.030     1.181    
    SLICE_X30Y50         FDRE (Hold_fdre_C_D)         0.123     1.304    design_1_i/cg_fpga_0/inst/axi_interconnect_0/xbar/inst/gen_samd.crossbar_samd/addr_arbiter_ar/gen_arbiter.last_rr_hot_reg[0]
  -------------------------------------------------------------------
                         required time                         -1.304    
                         arrival time                           1.327    
  -------------------------------------------------------------------
                         slack                                  0.023    

Slack (MET) :             0.029ns  (arrival time - required time)
  Source:                 design_1_i/cg_fpga_0/inst/cg_axi_vdma_0/U0/GEN_SPRT_FOR_S2MM.S2MMADDR32.I_S2MM_DMA_MNGR/I_CMDSTS/GEN_STS_GRTR_THAN_8.ovrflo_err_reg/C
                            (rising edge-triggered cell FDRE clocked by clk_fpga_0  {rise@0.000ns fall@5.000ns period=10.000ns})
  Destination:            design_1_i/cg_fpga_0/inst/cg_axi_vdma_0/U0/GEN_SPRT_FOR_S2MM.S2MM_REGISTER_MODULE_I/I_DMA_REGISTER/lsize_more_err_reg/D
                            (rising edge-triggered cell FDRE clocked by clk_fpga_0  {rise@0.000ns fall@5.000ns period=10.000ns})
  Path Group:             clk_fpga_0
  Path Type:              Hold (Min at Fast Process Corner)
  Requirement:            0.000ns  (clk_fpga_0 rise@0.000ns - clk_fpga_0 rise@0.000ns)
  Data Path Delay:        0.407ns  (logic 0.186ns (45.656%)  route 0.221ns (54.344%))
  Logic Levels:           1  (LUT4=1)
  Clock Path Skew:        0.258ns (DCD - SCD - CPR)
    Destination Clock Delay (DCD):    1.190ns
    Source Clock Delay      (SCD):    0.897ns
    Clock Pessimism Removal (CPR):    0.035ns

    Location             Delay type                Incr(ns)  Path(ns)    Netlist Resource(s)
  -------------------------------------------------------------------    -------------------
                         (clock clk_fpga_0 rise edge)
                                                      0.000     0.000 r  
    PS7_X0Y0             PS7                          0.000     0.000 r  design_1_i/cg_fpga_0/inst/processing_system7_0/inst/PS7_i/FCLKCLK[0]
                         net (fo=1, routed)           0.310     0.310    design_1_i/cg_fpga_0/inst/processing_system7_0/inst/FCLK_CLK_unbuffered[0]
    BUFGCTRL_X0Y16       BUFG (Prop_bufg_I_O)         0.026     0.336 r  design_1_i/cg_fpga_0/inst/processing_system7_0/inst/buffer_fclk_clk_0.FCLK_CLK_0_BUFG/O
                         net (fo=7383, routed)        0.561     0.897    design_1_i/cg_fpga_0/inst/cg_axi_vdma_0/U0/GEN_SPRT_FOR_S2MM.S2MMADDR32.I_S2MM_DMA_MNGR/I_CMDSTS/m_axi_s2mm_aclk
    SLICE_X43Y40         FDRE                                         r  design_1_i/cg_fpga_0/inst/cg_axi_vdma_0/U0/GEN_SPRT_FOR_S2MM.S2MMADDR32.I_S2MM_DMA_MNGR/I_CMDSTS/GEN_STS_GRTR_THAN_8.ovrflo_err_reg/C
  -------------------------------------------------------------------    -------------------
    SLICE_X43Y40         FDRE (Prop_fdre_C_Q)         0.141     1.038 r  design_1_i/cg_fpga_0/inst/cg_axi_vdma_0/U0/GEN_SPRT_FOR_S2MM.S2MMADDR32.I_S2MM_DMA_MNGR/I_CMDSTS/GEN_STS_GRTR_THAN_8.ovrflo_err_reg/Q
                         net (fo=2, routed)           0.221     1.259    design_1_i/cg_fpga_0/inst/cg_axi_vdma_0/U0/AXI_LITE_REG_INTERFACE_I/GEN_AXI_LITE_IF.AXI_LITE_IF_I/GEN_LITE_IS_ASYNC.GEN_ASYNC_LITE_ACCESS.LITE_WVALID_S2MM_CDC_I/lsize_more_mismatch_err
    SLICE_X50Y41         LUT4 (Prop_lut4_I2_O)        0.045     1.304 r  design_1_i/cg_fpga_0/inst/cg_axi_vdma_0/U0/AXI_LITE_REG_INTERFACE_I/GEN_AXI_LITE_IF.AXI_LITE_IF_I/GEN_LITE_IS_ASYNC.GEN_ASYNC_LITE_ACCESS.LITE_WVALID_S2MM_CDC_I/I_DMA_REGISTER/lsize_more_err_i_1/O
                         net (fo=1, routed)           0.000     1.304    design_1_i/cg_fpga_0/inst/cg_axi_vdma_0/U0/GEN_SPRT_FOR_S2MM.S2MM_REGISTER_MODULE_I/I_DMA_REGISTER/lsize_more_err_reg_1
    SLICE_X50Y41         FDRE                                         r  design_1_i/cg_fpga_0/inst/cg_axi_vdma_0/U0/GEN_SPRT_FOR_S2MM.S2MM_REGISTER_MODULE_I/I_DMA_REGISTER/lsize_more_err_reg/D
  -------------------------------------------------------------------    -------------------

                         (clock clk_fpga_0 rise edge)
                                                      0.000     0.000 r  
    PS7_X0Y0             PS7                          0.000     0.000 r  design_1_i/cg_fpga_0/inst/processing_system7_0/inst/PS7_i/FCLKCLK[0]
                         net (fo=1, routed)           0.337     0.337    design_1_i/cg_fpga_0/inst/processing_system7_0/inst/FCLK_CLK_unbuffered[0]
    BUFGCTRL_X0Y16       BUFG (Prop_bufg_I_O)         0.029     0.366 r  design_1_i/cg_fpga_0/inst/processing_system7_0/inst/buffer_fclk_clk_0.FCLK_CLK_0_BUFG/O
                         net (fo=7383, routed)        0.824     1.190    design_1_i/cg_fpga_0/inst/cg_axi_vdma_0/U0/GEN_SPRT_FOR_S2MM.S2MM_REGISTER_MODULE_I/I_DMA_REGISTER/m_axi_s2mm_aclk
    SLICE_X50Y41         FDRE                                         r  design_1_i/cg_fpga_0/inst/cg_axi_vdma_0/U0/GEN_SPRT_FOR_S2MM.S2MM_REGISTER_MODULE_I/I_DMA_REGISTER/lsize_more_err_reg/C
                         clock pessimism             -0.035     1.155    
    SLICE_X50Y41         FDRE (Hold_fdre_C_D)         0.120     1.275    design_1_i/cg_fpga_0/inst/cg_axi_vdma_0/U0/GEN_SPRT_FOR_S2MM.S2MM_REGISTER_MODULE_I/I_DMA_REGISTER/lsize_more_err_reg
  -------------------------------------------------------------------
                         required time                         -1.275    
                         arrival time                           1.304    
  -------------------------------------------------------------------
                         slack                                  0.029    

Slack (MET) :             0.031ns  (arrival time - required time)
  Source:                 design_1_i/cg_fpga_0/inst/cg_axi_vdma_0/U0/GEN_SPRT_FOR_MM2S.MM2S_SOF_I/hold_sof_reg/C
                            (rising edge-triggered cell FDRE clocked by clk_fpga_0  {rise@0.000ns fall@5.000ns period=10.000ns})
  Destination:            design_1_i/cg_fpga_0/inst/cg_axi_vdma_0/U0/I_AXI_DMA_INTRPT/GEN_INCLUDE_MM2S.GEN_CH1_DELAY_INTERRUPT.ch1_delay_cnt_en_reg/D
                            (rising edge-triggered cell FDRE clocked by clk_fpga_0  {rise@0.000ns fall@5.000ns period=10.000ns})
  Path Group:             clk_fpga_0
  Path Type:              Hold (Min at Fast Process Corner)
  Requirement:            0.000ns  (clk_fpga_0 rise@0.000ns - clk_fpga_0 rise@0.000ns)
  Data Path Delay:        0.386ns  (logic 0.186ns (48.193%)  route 0.200ns (51.807%))
  Logic Levels:           1  (LUT6=1)
  Clock Path Skew:        0.264ns (DCD - SCD - CPR)
    Destination Clock Delay (DCD):    1.214ns
    Source Clock Delay      (SCD):    0.920ns
    Clock Pessimism Removal (CPR):    0.030ns

    Location             Delay type                Incr(ns)  Path(ns)    Netlist Resource(s)
  -------------------------------------------------------------------    -------------------
                         (clock clk_fpga_0 rise edge)
                                                      0.000     0.000 r  
    PS7_X0Y0             PS7                          0.000     0.000 r  design_1_i/cg_fpga_0/inst/processing_system7_0/inst/PS7_i/FCLKCLK[0]
                         net (fo=1, routed)           0.310     0.310    design_1_i/cg_fpga_0/inst/processing_system7_0/inst/FCLK_CLK_unbuffered[0]
    BUFGCTRL_X0Y16       BUFG (Prop_bufg_I_O)         0.026     0.336 r  design_1_i/cg_fpga_0/inst/processing_system7_0/inst/buffer_fclk_clk_0.FCLK_CLK_0_BUFG/O
                         net (fo=7383, routed)        0.584     0.920    design_1_i/cg_fpga_0/inst/cg_axi_vdma_0/U0/GEN_SPRT_FOR_MM2S.MM2S_SOF_I/m_axis_mm2s_aclk
    SLICE_X56Y49         FDRE                                         r  design_1_i/cg_fpga_0/inst/cg_axi_vdma_0/U0/GEN_SPRT_FOR_MM2S.MM2S_SOF_I/hold_sof_reg/C
  -------------------------------------------------------------------    -------------------
    SLICE_X56Y49         FDRE (Prop_fdre_C_Q)         0.141     1.061 r  design_1_i/cg_fpga_0/inst/cg_axi_vdma_0/U0/GEN_SPRT_FOR_MM2S.MM2S_SOF_I/hold_sof_reg/Q
                         net (fo=4, routed)           0.200     1.260    design_1_i/cg_fpga_0/inst/cg_axi_vdma_0/U0/GEN_SPRT_FOR_MM2S.MM2S_SOF_I/hold_sof
    SLICE_X56Y50         LUT6 (Prop_lut6_I4_O)        0.045     1.305 r  design_1_i/cg_fpga_0/inst/cg_axi_vdma_0/U0/GEN_SPRT_FOR_MM2S.MM2S_SOF_I/GEN_INCLUDE_MM2S.GEN_CH1_DELAY_INTERRUPT.ch1_delay_cnt_en_i_1/O
                         net (fo=1, routed)           0.000     1.305    design_1_i/cg_fpga_0/inst/cg_axi_vdma_0/U0/I_AXI_DMA_INTRPT/GEN_INCLUDE_MM2S.GEN_CH1_DELAY_INTERRUPT.ch1_delay_cnt_en_reg_0
    SLICE_X56Y50         FDRE                                         r  design_1_i/cg_fpga_0/inst/cg_axi_vdma_0/U0/I_AXI_DMA_INTRPT/GEN_INCLUDE_MM2S.GEN_CH1_DELAY_INTERRUPT.ch1_delay_cnt_en_reg/D
  -------------------------------------------------------------------    -------------------

                         (clock clk_fpga_0 rise edge)
                                                      0.000     0.000 r  
    PS7_X0Y0             PS7                          0.000     0.000 r  design_1_i/cg_fpga_0/inst/processing_system7_0/inst/PS7_i/FCLKCLK[0]
                         net (fo=1, routed)           0.337     0.337    design_1_i/cg_fpga_0/inst/processing_system7_0/inst/FCLK_CLK_unbuffered[0]
    BUFGCTRL_X0Y16       BUFG (Prop_bufg_I_O)         0.029     0.366 r  design_1_i/cg_fpga_0/inst/processing_system7_0/inst/buffer_fclk_clk_0.FCLK_CLK_0_BUFG/O
                         net (fo=7383, routed)        0.848     1.214    design_1_i/cg_fpga_0/inst/cg_axi_vdma_0/U0/I_AXI_DMA_INTRPT/m_axi_mm2s_aclk
    SLICE_X56Y50         FDRE                                         r  design_1_i/cg_fpga_0/inst/cg_axi_vdma_0/U0/I_AXI_DMA_INTRPT/GEN_INCLUDE_MM2S.GEN_CH1_DELAY_INTERRUPT.ch1_delay_cnt_en_reg/C
                         clock pessimism             -0.030     1.184    
    SLICE_X56Y50         FDRE (Hold_fdre_C_D)         0.091     1.275    design_1_i/cg_fpga_0/inst/cg_axi_vdma_0/U0/I_AXI_DMA_INTRPT/GEN_INCLUDE_MM2S.GEN_CH1_DELAY_INTERRUPT.ch1_delay_cnt_en_reg
  -------------------------------------------------------------------
                         required time                         -1.275    
                         arrival time                           1.305    
  -------------------------------------------------------------------
                         slack                                  0.031    

Slack (MET) :             0.032ns  (arrival time - required time)
  Source:                 design_1_i/cg_fpga_0/inst/cg_axi_vdma_0/U0/AXI_LITE_REG_INTERFACE_I/GEN_AXI_LITE_IF.AXI_LITE_IF_I/GEN_LITE_IS_ASYNC.GEN_ASYNC_LITE_ACCESS.s2mm_axi2ip_wrdata_cdc_tig_reg[23]/C
                            (rising edge-triggered cell FDRE clocked by clk_fpga_0  {rise@0.000ns fall@5.000ns period=10.000ns})
  Destination:            design_1_i/cg_fpga_0/inst/cg_axi_vdma_0/U0/GEN_SPRT_FOR_S2MM.S2MM_REGISTER_MODULE_I/GEN_REG_DIRECT_MODE.REGDIRECT_I/GEN_NUM_FSTORES_3.reg_module_start_address2_i_reg[23]/D
                            (rising edge-triggered cell FDRE clocked by clk_fpga_0  {rise@0.000ns fall@5.000ns period=10.000ns})
  Path Group:             clk_fpga_0
  Path Type:              Hold (Min at Fast Process Corner)
  Requirement:            0.000ns  (clk_fpga_0 rise@0.000ns - clk_fpga_0 rise@0.000ns)
  Data Path Delay:        0.319ns  (logic 0.128ns (40.186%)  route 0.191ns (59.814%))
  Logic Levels:           0  
  Clock Path Skew:        0.274ns (DCD - SCD - CPR)
    Destination Clock Delay (DCD):    1.217ns
    Source Clock Delay      (SCD):    0.913ns
    Clock Pessimism Removal (CPR):    0.030ns

    Location             Delay type                Incr(ns)  Path(ns)    Netlist Resource(s)
  -------------------------------------------------------------------    -------------------
                         (clock clk_fpga_0 rise edge)
                                                      0.000     0.000 r  
    PS7_X0Y0             PS7                          0.000     0.000 r  design_1_i/cg_fpga_0/inst/processing_system7_0/inst/PS7_i/FCLKCLK[0]
                         net (fo=1, routed)           0.310     0.310    design_1_i/cg_fpga_0/inst/processing_system7_0/inst/FCLK_CLK_unbuffered[0]
    BUFGCTRL_X0Y16       BUFG (Prop_bufg_I_O)         0.026     0.336 r  design_1_i/cg_fpga_0/inst/processing_system7_0/inst/buffer_fclk_clk_0.FCLK_CLK_0_BUFG/O
                         net (fo=7383, routed)        0.577     0.913    design_1_i/cg_fpga_0/inst/cg_axi_vdma_0/U0/AXI_LITE_REG_INTERFACE_I/GEN_AXI_LITE_IF.AXI_LITE_IF_I/m_axi_s2mm_aclk
    SLICE_X55Y50         FDRE                                         r  design_1_i/cg_fpga_0/inst/cg_axi_vdma_0/U0/AXI_LITE_REG_INTERFACE_I/GEN_AXI_LITE_IF.AXI_LITE_IF_I/GEN_LITE_IS_ASYNC.GEN_ASYNC_LITE_ACCESS.s2mm_axi2ip_wrdata_cdc_tig_reg[23]/C
  -------------------------------------------------------------------    -------------------
    SLICE_X55Y50         FDRE (Prop_fdre_C_Q)         0.128     1.041 r  design_1_i/cg_fpga_0/inst/cg_axi_vdma_0/U0/AXI_LITE_REG_INTERFACE_I/GEN_AXI_LITE_IF.AXI_LITE_IF_I/GEN_LITE_IS_ASYNC.GEN_ASYNC_LITE_ACCESS.s2mm_axi2ip_wrdata_cdc_tig_reg[23]/Q
                         net (fo=6, routed)           0.191     1.231    design_1_i/cg_fpga_0/inst/cg_axi_vdma_0/U0/GEN_SPRT_FOR_S2MM.S2MM_REGISTER_MODULE_I/GEN_REG_DIRECT_MODE.REGDIRECT_I/D[23]
    SLICE_X55Y48         FDRE                                         r  design_1_i/cg_fpga_0/inst/cg_axi_vdma_0/U0/GEN_SPRT_FOR_S2MM.S2MM_REGISTER_MODULE_I/GEN_REG_DIRECT_MODE.REGDIRECT_I/GEN_NUM_FSTORES_3.reg_module_start_address2_i_reg[23]/D
  -------------------------------------------------------------------    -------------------

                         (clock clk_fpga_0 rise edge)
                                                      0.000     0.000 r  
    PS7_X0Y0             PS7                          0.000     0.000 r  design_1_i/cg_fpga_0/inst/processing_system7_0/inst/PS7_i/FCLKCLK[0]
                         net (fo=1, routed)           0.337     0.337    design_1_i/cg_fpga_0/inst/processing_system7_0/inst/FCLK_CLK_unbuffered[0]
    BUFGCTRL_X0Y16       BUFG (Prop_bufg_I_O)         0.029     0.366 r  design_1_i/cg_fpga_0/inst/processing_system7_0/inst/buffer_fclk_clk_0.FCLK_CLK_0_BUFG/O
                         net (fo=7383, routed)        0.851     1.217    design_1_i/cg_fpga_0/inst/cg_axi_vdma_0/U0/GEN_SPRT_FOR_S2MM.S2MM_REGISTER_MODULE_I/GEN_REG_DIRECT_MODE.REGDIRECT_I/m_axi_s2mm_aclk
    SLICE_X55Y48         FDRE                                         r  design_1_i/cg_fpga_0/inst/cg_axi_vdma_0/U0/GEN_SPRT_FOR_S2MM.S2MM_REGISTER_MODULE_I/GEN_REG_DIRECT_MODE.REGDIRECT_I/GEN_NUM_FSTORES_3.reg_module_start_address2_i_reg[23]/C
                         clock pessimism             -0.030     1.187    
    SLICE_X55Y48         FDRE (Hold_fdre_C_D)         0.012     1.199    design_1_i/cg_fpga_0/inst/cg_axi_vdma_0/U0/GEN_SPRT_FOR_S2MM.S2MM_REGISTER_MODULE_I/GEN_REG_DIRECT_MODE.REGDIRECT_I/GEN_NUM_FSTORES_3.reg_module_start_address2_i_reg[23]
  -------------------------------------------------------------------
                         required time                         -1.199    
                         arrival time                           1.231    
  -------------------------------------------------------------------
                         slack                                  0.032    

Slack (MET) :             0.033ns  (arrival time - required time)
  Source:                 design_1_i/cg_fpga_0/inst/cg_axi_vdma_0/U0/GEN_SPRT_FOR_S2MM.S2MM_REGISTER_MODULE_I/GEN_REG_DIRECT_MODE.REGDIRECT_I/GEN_NUM_FSTORES_3.reg_module_start_address3_i_reg[26]/C
                            (rising edge-triggered cell FDRE clocked by clk_fpga_0  {rise@0.000ns fall@5.000ns period=10.000ns})
  Destination:            design_1_i/cg_fpga_0/inst/cg_axi_vdma_0/U0/GEN_SPRT_FOR_S2MM.S2MMADDR32.I_S2MM_DMA_MNGR/VIDEO_REG_I/GEN_REGISTER_DIRECT.GEN_REGDIRECT_DRES.VIDREGISTER_I/GEN_START_ADDR_REG[2].start_address_vid_reg[2][26]/D
                            (rising edge-triggered cell FDRE clocked by clk_fpga_0  {rise@0.000ns fall@5.000ns period=10.000ns})
  Path Group:             clk_fpga_0
  Path Type:              Hold (Min at Fast Process Corner)
  Requirement:            0.000ns  (clk_fpga_0 rise@0.000ns - clk_fpga_0 rise@0.000ns)
  Data Path Delay:        0.373ns  (logic 0.141ns (37.794%)  route 0.232ns (62.206%))
  Logic Levels:           0  
  Clock Path Skew:        0.268ns (DCD - SCD - CPR)
    Destination Clock Delay (DCD):    1.191ns
    Source Clock Delay      (SCD):    0.888ns
    Clock Pessimism Removal (CPR):    0.035ns

    Location             Delay type                Incr(ns)  Path(ns)    Netlist Resource(s)
  -------------------------------------------------------------------    -------------------
                         (clock clk_fpga_0 rise edge)
                                                      0.000     0.000 r  
    PS7_X0Y0             PS7                          0.000     0.000 r  design_1_i/cg_fpga_0/inst/processing_system7_0/inst/PS7_i/FCLKCLK[0]
                         net (fo=1, routed)           0.310     0.310    design_1_i/cg_fpga_0/inst/processing_system7_0/inst/FCLK_CLK_unbuffered[0]
    BUFGCTRL_X0Y16       BUFG (Prop_bufg_I_O)         0.026     0.336 r  design_1_i/cg_fpga_0/inst/processing_system7_0/inst/buffer_fclk_clk_0.FCLK_CLK_0_BUFG/O
                         net (fo=7383, routed)        0.552     0.888    design_1_i/cg_fpga_0/inst/cg_axi_vdma_0/U0/GEN_SPRT_FOR_S2MM.S2MM_REGISTER_MODULE_I/GEN_REG_DIRECT_MODE.REGDIRECT_I/m_axi_s2mm_aclk
    SLICE_X52Y53         FDRE                                         r  design_1_i/cg_fpga_0/inst/cg_axi_vdma_0/U0/GEN_SPRT_FOR_S2MM.S2MM_REGISTER_MODULE_I/GEN_REG_DIRECT_MODE.REGDIRECT_I/GEN_NUM_FSTORES_3.reg_module_start_address3_i_reg[26]/C
  -------------------------------------------------------------------    -------------------
    SLICE_X52Y53         FDRE (Prop_fdre_C_Q)         0.141     1.029 r  design_1_i/cg_fpga_0/inst/cg_axi_vdma_0/U0/GEN_SPRT_FOR_S2MM.S2MM_REGISTER_MODULE_I/GEN_REG_DIRECT_MODE.REGDIRECT_I/GEN_NUM_FSTORES_3.reg_module_start_address3_i_reg[26]/Q
                         net (fo=2, routed)           0.232     1.261    design_1_i/cg_fpga_0/inst/cg_axi_vdma_0/U0/GEN_SPRT_FOR_S2MM.S2MMADDR32.I_S2MM_DMA_MNGR/VIDEO_REG_I/GEN_REGISTER_DIRECT.GEN_REGDIRECT_DRES.VIDREGISTER_I/GEN_START_ADDR_REG[2].start_address_vid_reg[2][31]_0[26]
    SLICE_X48Y51         FDRE                                         r  design_1_i/cg_fpga_0/inst/cg_axi_vdma_0/U0/GEN_SPRT_FOR_S2MM.S2MMADDR32.I_S2MM_DMA_MNGR/VIDEO_REG_I/GEN_REGISTER_DIRECT.GEN_REGDIRECT_DRES.VIDREGISTER_I/GEN_START_ADDR_REG[2].start_address_vid_reg[2][26]/D
  -------------------------------------------------------------------    -------------------

                         (clock clk_fpga_0 rise edge)
                                                      0.000     0.000 r  
    PS7_X0Y0             PS7                          0.000     0.000 r  design_1_i/cg_fpga_0/inst/processing_system7_0/inst/PS7_i/FCLKCLK[0]
                         net (fo=1, routed)           0.337     0.337    design_1_i/cg_fpga_0/inst/processing_system7_0/inst/FCLK_CLK_unbuffered[0]
    BUFGCTRL_X0Y16       BUFG (Prop_bufg_I_O)         0.029     0.366 r  design_1_i/cg_fpga_0/inst/processing_system7_0/inst/buffer_fclk_clk_0.FCLK_CLK_0_BUFG/O
                         net (fo=7383, routed)        0.825     1.191    design_1_i/cg_fpga_0/inst/cg_axi_vdma_0/U0/GEN_SPRT_FOR_S2MM.S2MMADDR32.I_S2MM_DMA_MNGR/VIDEO_REG_I/GEN_REGISTER_DIRECT.GEN_REGDIRECT_DRES.VIDREGISTER_I/m_axi_s2mm_aclk
    SLICE_X48Y51         FDRE                                         r  design_1_i/cg_fpga_0/inst/cg_axi_vdma_0/U0/GEN_SPRT_FOR_S2MM.S2MMADDR32.I_S2MM_DMA_MNGR/VIDEO_REG_I/GEN_REGISTER_DIRECT.GEN_REGDIRECT_DRES.VIDREGISTER_I/GEN_START_ADDR_REG[2].start_address_vid_reg[2][26]/C
                         clock pessimism             -0.035     1.156    
    SLICE_X48Y51         FDRE (Hold_fdre_C_D)         0.072     1.228    design_1_i/cg_fpga_0/inst/cg_axi_vdma_0/U0/GEN_SPRT_FOR_S2MM.S2MMADDR32.I_S2MM_DMA_MNGR/VIDEO_REG_I/GEN_REGISTER_DIRECT.GEN_REGDIRECT_DRES.VIDREGISTER_I/GEN_START_ADDR_REG[2].start_address_vid_reg[2][26]
  -------------------------------------------------------------------
                         required time                         -1.228    
                         arrival time                           1.261    
  -------------------------------------------------------------------
                         slack                                  0.033    

Slack (MET) :             0.035ns  (arrival time - required time)
  Source:                 design_1_i/cg_fpga_0/inst/cg_axi_vdma_0/U0/GEN_SPRT_FOR_MM2S.MM2S_REGISTER_MODULE_I/GEN_REG_DIRECT_MODE.REGDIRECT_I/DS_GEN_DLYSTRIDE_REGISTER.reg_module_strid_reg[6]/C
                            (rising edge-triggered cell FDRE clocked by clk_fpga_0  {rise@0.000ns fall@5.000ns period=10.000ns})
  Destination:            design_1_i/cg_fpga_0/inst/cg_axi_vdma_0/U0/GEN_SPRT_FOR_MM2S.ADDR32.I_MM2S_DMA_MNGR/VIDEO_REG_I/GEN_REGISTER_DIRECT.GEN_REGDIRECT_DRES.VIDREGISTER_I/stride_vid_reg[6]/D
                            (rising edge-triggered cell FDRE clocked by clk_fpga_0  {rise@0.000ns fall@5.000ns period=10.000ns})
  Path Group:             clk_fpga_0
  Path Type:              Hold (Min at Fast Process Corner)
  Requirement:            0.000ns  (clk_fpga_0 rise@0.000ns - clk_fpga_0 rise@0.000ns)
  Data Path Delay:        0.321ns  (logic 0.148ns (46.086%)  route 0.173ns (53.914%))
  Logic Levels:           0  
  Clock Path Skew:        0.267ns (DCD - SCD - CPR)
    Destination Clock Delay (DCD):    1.196ns
    Source Clock Delay      (SCD):    0.894ns
    Clock Pessimism Removal (CPR):    0.035ns

    Location             Delay type                Incr(ns)  Path(ns)    Netlist Resource(s)
  -------------------------------------------------------------------    -------------------
                         (clock clk_fpga_0 rise edge)
                                                      0.000     0.000 r  
    PS7_X0Y0             PS7                          0.000     0.000 r  design_1_i/cg_fpga_0/inst/processing_system7_0/inst/PS7_i/FCLKCLK[0]
                         net (fo=1, routed)           0.310     0.310    design_1_i/cg_fpga_0/inst/processing_system7_0/inst/FCLK_CLK_unbuffered[0]
    BUFGCTRL_X0Y16       BUFG (Prop_bufg_I_O)         0.026     0.336 r  design_1_i/cg_fpga_0/inst/processing_system7_0/inst/buffer_fclk_clk_0.FCLK_CLK_0_BUFG/O
                         net (fo=7383, routed)        0.558     0.894    design_1_i/cg_fpga_0/inst/cg_axi_vdma_0/U0/GEN_SPRT_FOR_MM2S.MM2S_REGISTER_MODULE_I/GEN_REG_DIRECT_MODE.REGDIRECT_I/m_axi_mm2s_aclk
    SLICE_X50Y46         FDRE                                         r  design_1_i/cg_fpga_0/inst/cg_axi_vdma_0/U0/GEN_SPRT_FOR_MM2S.MM2S_REGISTER_MODULE_I/GEN_REG_DIRECT_MODE.REGDIRECT_I/DS_GEN_DLYSTRIDE_REGISTER.reg_module_strid_reg[6]/C
  -------------------------------------------------------------------    -------------------
    SLICE_X50Y46         FDRE (Prop_fdre_C_Q)         0.148     1.042 r  design_1_i/cg_fpga_0/inst/cg_axi_vdma_0/U0/GEN_SPRT_FOR_MM2S.MM2S_REGISTER_MODULE_I/GEN_REG_DIRECT_MODE.REGDIRECT_I/DS_GEN_DLYSTRIDE_REGISTER.reg_module_strid_reg[6]/Q
                         net (fo=2, routed)           0.173     1.215    design_1_i/cg_fpga_0/inst/cg_axi_vdma_0/U0/GEN_SPRT_FOR_MM2S.ADDR32.I_MM2S_DMA_MNGR/VIDEO_REG_I/GEN_REGISTER_DIRECT.GEN_REGDIRECT_DRES.VIDREGISTER_I/stride_vid_reg[15]_1[6]
    SLICE_X48Y47         FDRE                                         r  design_1_i/cg_fpga_0/inst/cg_axi_vdma_0/U0/GEN_SPRT_FOR_MM2S.ADDR32.I_MM2S_DMA_MNGR/VIDEO_REG_I/GEN_REGISTER_DIRECT.GEN_REGDIRECT_DRES.VIDREGISTER_I/stride_vid_reg[6]/D
  -------------------------------------------------------------------    -------------------

                         (clock clk_fpga_0 rise edge)
                                                      0.000     0.000 r  
    PS7_X0Y0             PS7                          0.000     0.000 r  design_1_i/cg_fpga_0/inst/processing_system7_0/inst/PS7_i/FCLKCLK[0]
                         net (fo=1, routed)           0.337     0.337    design_1_i/cg_fpga_0/inst/processing_system7_0/inst/FCLK_CLK_unbuffered[0]
    BUFGCTRL_X0Y16       BUFG (Prop_bufg_I_O)         0.029     0.366 r  design_1_i/cg_fpga_0/inst/processing_system7_0/inst/buffer_fclk_clk_0.FCLK_CLK_0_BUFG/O
                         net (fo=7383, routed)        0.830     1.196    design_1_i/cg_fpga_0/inst/cg_axi_vdma_0/U0/GEN_SPRT_FOR_MM2S.ADDR32.I_MM2S_DMA_MNGR/VIDEO_REG_I/GEN_REGISTER_DIRECT.GEN_REGDIRECT_DRES.VIDREGISTER_I/m_axi_mm2s_aclk
    SLICE_X48Y47         FDRE                                         r  design_1_i/cg_fpga_0/inst/cg_axi_vdma_0/U0/GEN_SPRT_FOR_MM2S.ADDR32.I_MM2S_DMA_MNGR/VIDEO_REG_I/GEN_REGISTER_DIRECT.GEN_REGDIRECT_DRES.VIDREGISTER_I/stride_vid_reg[6]/C
                         clock pessimism             -0.035     1.161    
    SLICE_X48Y47         FDRE (Hold_fdre_C_D)         0.019     1.180    design_1_i/cg_fpga_0/inst/cg_axi_vdma_0/U0/GEN_SPRT_FOR_MM2S.ADDR32.I_MM2S_DMA_MNGR/VIDEO_REG_I/GEN_REGISTER_DIRECT.GEN_REGDIRECT_DRES.VIDREGISTER_I/stride_vid_reg[6]
  -------------------------------------------------------------------
                         required time                         -1.180    
                         arrival time                           1.215    
  -------------------------------------------------------------------
                         slack                                  0.035    

Slack (MET) :             0.037ns  (arrival time - required time)
  Source:                 design_1_i/cg_fpga_0/inst/cg_axi_vdma_0/U0/I_PRMRY_DATAMOVER/GEN_S2MM_FULL.I_S2MM_FULL_WRAPPER/GEN_INCLUDE_IBTTCC.I_S2MM_MSTR_IBTTCC/sig_xfer_addr_reg_reg[24]/C
                            (rising edge-triggered cell FDRE clocked by clk_fpga_0  {rise@0.000ns fall@5.000ns period=10.000ns})
  Destination:            design_1_i/cg_fpga_0/inst/cg_axi_vdma_0/U0/I_PRMRY_DATAMOVER/GEN_S2MM_FULL.I_S2MM_FULL_WRAPPER/I_ADDR_CNTL/GEN_ADDR_FIFO.I_ADDR_QUAL_FIFO/USE_SRL_FIFO.I_SYNC_FIFO/I_SRL_FIFO_RBU_F/DYNSHREG_F_I/INFERRED_GEN.data_reg[3][30]_srl4/D
                            (rising edge-triggered cell SRL16E clocked by clk_fpga_0  {rise@0.000ns fall@5.000ns period=10.000ns})
  Path Group:             clk_fpga_0
  Path Type:              Hold (Min at Fast Process Corner)
  Requirement:            0.000ns  (clk_fpga_0 rise@0.000ns - clk_fpga_0 rise@0.000ns)
  Data Path Delay:        0.256ns  (logic 0.141ns (55.071%)  route 0.115ns (44.929%))
  Logic Levels:           0  
  Clock Path Skew:        0.036ns (DCD - SCD - CPR)
    Destination Clock Delay (DCD):    1.225ns
    Source Clock Delay      (SCD):    0.926ns
    Clock Pessimism Removal (CPR):    0.263ns

    Location             Delay type                Incr(ns)  Path(ns)    Netlist Resource(s)
  -------------------------------------------------------------------    -------------------
                         (clock clk_fpga_0 rise edge)
                                                      0.000     0.000 r  
    PS7_X0Y0             PS7                          0.000     0.000 r  design_1_i/cg_fpga_0/inst/processing_system7_0/inst/PS7_i/FCLKCLK[0]
                         net (fo=1, routed)           0.310     0.310    design_1_i/cg_fpga_0/inst/processing_system7_0/inst/FCLK_CLK_unbuffered[0]
    BUFGCTRL_X0Y16       BUFG (Prop_bufg_I_O)         0.026     0.336 r  design_1_i/cg_fpga_0/inst/processing_system7_0/inst/buffer_fclk_clk_0.FCLK_CLK_0_BUFG/O
                         net (fo=7383, routed)        0.590     0.926    design_1_i/cg_fpga_0/inst/cg_axi_vdma_0/U0/I_PRMRY_DATAMOVER/GEN_S2MM_FULL.I_S2MM_FULL_WRAPPER/GEN_INCLUDE_IBTTCC.I_S2MM_MSTR_IBTTCC/m_axi_s2mm_aclk
    SLICE_X29Y44         FDRE                                         r  design_1_i/cg_fpga_0/inst/cg_axi_vdma_0/U0/I_PRMRY_DATAMOVER/GEN_S2MM_FULL.I_S2MM_FULL_WRAPPER/GEN_INCLUDE_IBTTCC.I_S2MM_MSTR_IBTTCC/sig_xfer_addr_reg_reg[24]/C
  -------------------------------------------------------------------    -------------------
    SLICE_X29Y44         FDRE (Prop_fdre_C_Q)         0.141     1.067 r  design_1_i/cg_fpga_0/inst/cg_axi_vdma_0/U0/I_PRMRY_DATAMOVER/GEN_S2MM_FULL.I_S2MM_FULL_WRAPPER/GEN_INCLUDE_IBTTCC.I_S2MM_MSTR_IBTTCC/sig_xfer_addr_reg_reg[24]/Q
                         net (fo=1, routed)           0.115     1.182    design_1_i/cg_fpga_0/inst/cg_axi_vdma_0/U0/I_PRMRY_DATAMOVER/GEN_S2MM_FULL.I_S2MM_FULL_WRAPPER/I_ADDR_CNTL/GEN_ADDR_FIFO.I_ADDR_QUAL_FIFO/USE_SRL_FIFO.I_SYNC_FIFO/I_SRL_FIFO_RBU_F/DYNSHREG_F_I/in[24]
    SLICE_X26Y44         SRL16E                                       r  design_1_i/cg_fpga_0/inst/cg_axi_vdma_0/U0/I_PRMRY_DATAMOVER/GEN_S2MM_FULL.I_S2MM_FULL_WRAPPER/I_ADDR_CNTL/GEN_ADDR_FIFO.I_ADDR_QUAL_FIFO/USE_SRL_FIFO.I_SYNC_FIFO/I_SRL_FIFO_RBU_F/DYNSHREG_F_I/INFERRED_GEN.data_reg[3][30]_srl4/D
  -------------------------------------------------------------------    -------------------

                         (clock clk_fpga_0 rise edge)
                                                      0.000     0.000 r  
    PS7_X0Y0             PS7                          0.000     0.000 r  design_1_i/cg_fpga_0/inst/processing_system7_0/inst/PS7_i/FCLKCLK[0]
                         net (fo=1, routed)           0.337     0.337    design_1_i/cg_fpga_0/inst/processing_system7_0/inst/FCLK_CLK_unbuffered[0]
    BUFGCTRL_X0Y16       BUFG (Prop_bufg_I_O)         0.029     0.366 r  design_1_i/cg_fpga_0/inst/processing_system7_0/inst/buffer_fclk_clk_0.FCLK_CLK_0_BUFG/O
                         net (fo=7383, routed)        0.859     1.225    design_1_i/cg_fpga_0/inst/cg_axi_vdma_0/U0/I_PRMRY_DATAMOVER/GEN_S2MM_FULL.I_S2MM_FULL_WRAPPER/I_ADDR_CNTL/GEN_ADDR_FIFO.I_ADDR_QUAL_FIFO/USE_SRL_FIFO.I_SYNC_FIFO/I_SRL_FIFO_RBU_F/DYNSHREG_F_I/m_axi_s2mm_aclk
    SLICE_X26Y44         SRL16E                                       r  design_1_i/cg_fpga_0/inst/cg_axi_vdma_0/U0/I_PRMRY_DATAMOVER/GEN_S2MM_FULL.I_S2MM_FULL_WRAPPER/I_ADDR_CNTL/GEN_ADDR_FIFO.I_ADDR_QUAL_FIFO/USE_SRL_FIFO.I_SYNC_FIFO/I_SRL_FIFO_RBU_F/DYNSHREG_F_I/INFERRED_GEN.data_reg[3][30]_srl4/CLK
                         clock pessimism             -0.263     0.962    
    SLICE_X26Y44         SRL16E (Hold_srl16e_CLK_D)
                                                      0.183     1.145    design_1_i/cg_fpga_0/inst/cg_axi_vdma_0/U0/I_PRMRY_DATAMOVER/GEN_S2MM_FULL.I_S2MM_FULL_WRAPPER/I_ADDR_CNTL/GEN_ADDR_FIFO.I_ADDR_QUAL_FIFO/USE_SRL_FIFO.I_SYNC_FIFO/I_SRL_FIFO_RBU_F/DYNSHREG_F_I/INFERRED_GEN.data_reg[3][30]_srl4
  -------------------------------------------------------------------
                         required time                         -1.145    
                         arrival time                           1.182    
  -------------------------------------------------------------------
                         slack                                  0.037    

Slack (MET) :             0.037ns  (arrival time - required time)
  Source:                 design_1_i/cg_fpga_0/inst/cg_axi_vdma_0/U0/I_PRMRY_DATAMOVER/GEN_S2MM_FULL.I_S2MM_FULL_WRAPPER/GEN_INCLUDE_IBTTCC.I_S2MM_MSTR_IBTTCC/sig_xfer_addr_reg_reg[16]/C
                            (rising edge-triggered cell FDRE clocked by clk_fpga_0  {rise@0.000ns fall@5.000ns period=10.000ns})
  Destination:            design_1_i/cg_fpga_0/inst/cg_axi_vdma_0/U0/I_PRMRY_DATAMOVER/GEN_S2MM_FULL.I_S2MM_FULL_WRAPPER/I_ADDR_CNTL/GEN_ADDR_FIFO.I_ADDR_QUAL_FIFO/USE_SRL_FIFO.I_SYNC_FIFO/I_SRL_FIFO_RBU_F/DYNSHREG_F_I/INFERRED_GEN.data_reg[3][38]_srl4/D
                            (rising edge-triggered cell SRL16E clocked by clk_fpga_0  {rise@0.000ns fall@5.000ns period=10.000ns})
  Path Group:             clk_fpga_0
  Path Type:              Hold (Min at Fast Process Corner)
  Requirement:            0.000ns  (clk_fpga_0 rise@0.000ns - clk_fpga_0 rise@0.000ns)
  Data Path Delay:        0.256ns  (logic 0.141ns (55.071%)  route 0.115ns (44.929%))
  Logic Levels:           0  
  Clock Path Skew:        0.036ns (DCD - SCD - CPR)
    Destination Clock Delay (DCD):    1.225ns
    Source Clock Delay      (SCD):    0.926ns
    Clock Pessimism Removal (CPR):    0.263ns

    Location             Delay type                Incr(ns)  Path(ns)    Netlist Resource(s)
  -------------------------------------------------------------------    -------------------
                         (clock clk_fpga_0 rise edge)
                                                      0.000     0.000 r  
    PS7_X0Y0             PS7                          0.000     0.000 r  design_1_i/cg_fpga_0/inst/processing_system7_0/inst/PS7_i/FCLKCLK[0]
                         net (fo=1, routed)           0.310     0.310    design_1_i/cg_fpga_0/inst/processing_system7_0/inst/FCLK_CLK_unbuffered[0]
    BUFGCTRL_X0Y16       BUFG (Prop_bufg_I_O)         0.026     0.336 r  design_1_i/cg_fpga_0/inst/processing_system7_0/inst/buffer_fclk_clk_0.FCLK_CLK_0_BUFG/O
                         net (fo=7383, routed)        0.590     0.926    design_1_i/cg_fpga_0/inst/cg_axi_vdma_0/U0/I_PRMRY_DATAMOVER/GEN_S2MM_FULL.I_S2MM_FULL_WRAPPER/GEN_INCLUDE_IBTTCC.I_S2MM_MSTR_IBTTCC/m_axi_s2mm_aclk
    SLICE_X29Y43         FDRE                                         r  design_1_i/cg_fpga_0/inst/cg_axi_vdma_0/U0/I_PRMRY_DATAMOVER/GEN_S2MM_FULL.I_S2MM_FULL_WRAPPER/GEN_INCLUDE_IBTTCC.I_S2MM_MSTR_IBTTCC/sig_xfer_addr_reg_reg[16]/C
  -------------------------------------------------------------------    -------------------
    SLICE_X29Y43         FDRE (Prop_fdre_C_Q)         0.141     1.067 r  design_1_i/cg_fpga_0/inst/cg_axi_vdma_0/U0/I_PRMRY_DATAMOVER/GEN_S2MM_FULL.I_S2MM_FULL_WRAPPER/GEN_INCLUDE_IBTTCC.I_S2MM_MSTR_IBTTCC/sig_xfer_addr_reg_reg[16]/Q
                         net (fo=1, routed)           0.115     1.182    design_1_i/cg_fpga_0/inst/cg_axi_vdma_0/U0/I_PRMRY_DATAMOVER/GEN_S2MM_FULL.I_S2MM_FULL_WRAPPER/I_ADDR_CNTL/GEN_ADDR_FIFO.I_ADDR_QUAL_FIFO/USE_SRL_FIFO.I_SYNC_FIFO/I_SRL_FIFO_RBU_F/DYNSHREG_F_I/in[16]
    SLICE_X26Y43         SRL16E                                       r  design_1_i/cg_fpga_0/inst/cg_axi_vdma_0/U0/I_PRMRY_DATAMOVER/GEN_S2MM_FULL.I_S2MM_FULL_WRAPPER/I_ADDR_CNTL/GEN_ADDR_FIFO.I_ADDR_QUAL_FIFO/USE_SRL_FIFO.I_SYNC_FIFO/I_SRL_FIFO_RBU_F/DYNSHREG_F_I/INFERRED_GEN.data_reg[3][38]_srl4/D
  -------------------------------------------------------------------    -------------------

                         (clock clk_fpga_0 rise edge)
                                                      0.000     0.000 r  
    PS7_X0Y0             PS7                          0.000     0.000 r  design_1_i/cg_fpga_0/inst/processing_system7_0/inst/PS7_i/FCLKCLK[0]
                         net (fo=1, routed)           0.337     0.337    design_1_i/cg_fpga_0/inst/processing_system7_0/inst/FCLK_CLK_unbuffered[0]
    BUFGCTRL_X0Y16       BUFG (Prop_bufg_I_O)         0.029     0.366 r  design_1_i/cg_fpga_0/inst/processing_system7_0/inst/buffer_fclk_clk_0.FCLK_CLK_0_BUFG/O
                         net (fo=7383, routed)        0.859     1.225    design_1_i/cg_fpga_0/inst/cg_axi_vdma_0/U0/I_PRMRY_DATAMOVER/GEN_S2MM_FULL.I_S2MM_FULL_WRAPPER/I_ADDR_CNTL/GEN_ADDR_FIFO.I_ADDR_QUAL_FIFO/USE_SRL_FIFO.I_SYNC_FIFO/I_SRL_FIFO_RBU_F/DYNSHREG_F_I/m_axi_s2mm_aclk
    SLICE_X26Y43         SRL16E                                       r  design_1_i/cg_fpga_0/inst/cg_axi_vdma_0/U0/I_PRMRY_DATAMOVER/GEN_S2MM_FULL.I_S2MM_FULL_WRAPPER/I_ADDR_CNTL/GEN_ADDR_FIFO.I_ADDR_QUAL_FIFO/USE_SRL_FIFO.I_SYNC_FIFO/I_SRL_FIFO_RBU_F/DYNSHREG_F_I/INFERRED_GEN.data_reg[3][38]_srl4/CLK
                         clock pessimism             -0.263     0.962    
    SLICE_X26Y43         SRL16E (Hold_srl16e_CLK_D)
                                                      0.183     1.145    design_1_i/cg_fpga_0/inst/cg_axi_vdma_0/U0/I_PRMRY_DATAMOVER/GEN_S2MM_FULL.I_S2MM_FULL_WRAPPER/I_ADDR_CNTL/GEN_ADDR_FIFO.I_ADDR_QUAL_FIFO/USE_SRL_FIFO.I_SYNC_FIFO/I_SRL_FIFO_RBU_F/DYNSHREG_F_I/INFERRED_GEN.data_reg[3][38]_srl4
  -------------------------------------------------------------------
                         required time                         -1.145    
                         arrival time                           1.182    
  -------------------------------------------------------------------
                         slack                                  0.037    

Slack (MET) :             0.042ns  (arrival time - required time)
  Source:                 design_1_i/cg_fpga_0/inst/cg_axi_vdma_0/U0/GEN_SPRT_FOR_S2MM.S2MM_REGISTER_MODULE_I/GEN_REG_DIRECT_MODE.REGDIRECT_I/GEN_NUM_FSTORES_3.reg_module_start_address2_i_reg[31]/C
                            (rising edge-triggered cell FDRE clocked by clk_fpga_0  {rise@0.000ns fall@5.000ns period=10.000ns})
  Destination:            design_1_i/cg_fpga_0/inst/cg_axi_vdma_0/U0/GEN_SPRT_FOR_S2MM.S2MMADDR32.I_S2MM_DMA_MNGR/VIDEO_REG_I/GEN_REGISTER_DIRECT.GEN_REGDIRECT_DRES.VIDREGISTER_I/GEN_START_ADDR_REG[1].start_address_vid_reg[1][31]/D
                            (rising edge-triggered cell FDRE clocked by clk_fpga_0  {rise@0.000ns fall@5.000ns period=10.000ns})
  Path Group:             clk_fpga_0
  Path Type:              Hold (Min at Fast Process Corner)
  Requirement:            0.000ns  (clk_fpga_0 rise@0.000ns - clk_fpga_0 rise@0.000ns)
  Data Path Delay:        0.381ns  (logic 0.164ns (43.072%)  route 0.217ns (56.928%))
  Logic Levels:           0  
  Clock Path Skew:        0.268ns (DCD - SCD - CPR)
    Destination Clock Delay (DCD):    1.191ns
    Source Clock Delay      (SCD):    0.888ns
    Clock Pessimism Removal (CPR):    0.035ns

    Location             Delay type                Incr(ns)  Path(ns)    Netlist Resource(s)
  -------------------------------------------------------------------    -------------------
                         (clock clk_fpga_0 rise edge)
                                                      0.000     0.000 r  
    PS7_X0Y0             PS7                          0.000     0.000 r  design_1_i/cg_fpga_0/inst/processing_system7_0/inst/PS7_i/FCLKCLK[0]
                         net (fo=1, routed)           0.310     0.310    design_1_i/cg_fpga_0/inst/processing_system7_0/inst/FCLK_CLK_unbuffered[0]
    BUFGCTRL_X0Y16       BUFG (Prop_bufg_I_O)         0.026     0.336 r  design_1_i/cg_fpga_0/inst/processing_system7_0/inst/buffer_fclk_clk_0.FCLK_CLK_0_BUFG/O
                         net (fo=7383, routed)        0.552     0.888    design_1_i/cg_fpga_0/inst/cg_axi_vdma_0/U0/GEN_SPRT_FOR_S2MM.S2MM_REGISTER_MODULE_I/GEN_REG_DIRECT_MODE.REGDIRECT_I/m_axi_s2mm_aclk
    SLICE_X50Y54         FDRE                                         r  design_1_i/cg_fpga_0/inst/cg_axi_vdma_0/U0/GEN_SPRT_FOR_S2MM.S2MM_REGISTER_MODULE_I/GEN_REG_DIRECT_MODE.REGDIRECT_I/GEN_NUM_FSTORES_3.reg_module_start_address2_i_reg[31]/C
  -------------------------------------------------------------------    -------------------
    SLICE_X50Y54         FDRE (Prop_fdre_C_Q)         0.164     1.052 r  design_1_i/cg_fpga_0/inst/cg_axi_vdma_0/U0/GEN_SPRT_FOR_S2MM.S2MM_REGISTER_MODULE_I/GEN_REG_DIRECT_MODE.REGDIRECT_I/GEN_NUM_FSTORES_3.reg_module_start_address2_i_reg[31]/Q
                         net (fo=2, routed)           0.217     1.268    design_1_i/cg_fpga_0/inst/cg_axi_vdma_0/U0/GEN_SPRT_FOR_S2MM.S2MMADDR32.I_S2MM_DMA_MNGR/VIDEO_REG_I/GEN_REGISTER_DIRECT.GEN_REGDIRECT_DRES.VIDREGISTER_I/GEN_START_ADDR_REG[1].start_address_vid_reg[1][31]_1[31]
    SLICE_X48Y52         FDRE                                         r  design_1_i/cg_fpga_0/inst/cg_axi_vdma_0/U0/GEN_SPRT_FOR_S2MM.S2MMADDR32.I_S2MM_DMA_MNGR/VIDEO_REG_I/GEN_REGISTER_DIRECT.GEN_REGDIRECT_DRES.VIDREGISTER_I/GEN_START_ADDR_REG[1].start_address_vid_reg[1][31]/D
  -------------------------------------------------------------------    -------------------

                         (clock clk_fpga_0 rise edge)
                                                      0.000     0.000 r  
    PS7_X0Y0             PS7                          0.000     0.000 r  design_1_i/cg_fpga_0/inst/processing_system7_0/inst/PS7_i/FCLKCLK[0]
                         net (fo=1, routed)           0.337     0.337    design_1_i/cg_fpga_0/inst/processing_system7_0/inst/FCLK_CLK_unbuffered[0]
    BUFGCTRL_X0Y16       BUFG (Prop_bufg_I_O)         0.029     0.366 r  design_1_i/cg_fpga_0/inst/processing_system7_0/inst/buffer_fclk_clk_0.FCLK_CLK_0_BUFG/O
                         net (fo=7383, routed)        0.825     1.191    design_1_i/cg_fpga_0/inst/cg_axi_vdma_0/U0/GEN_SPRT_FOR_S2MM.S2MMADDR32.I_S2MM_DMA_MNGR/VIDEO_REG_I/GEN_REGISTER_DIRECT.GEN_REGDIRECT_DRES.VIDREGISTER_I/m_axi_s2mm_aclk
    SLICE_X48Y52         FDRE                                         r  design_1_i/cg_fpga_0/inst/cg_axi_vdma_0/U0/GEN_SPRT_FOR_S2MM.S2MMADDR32.I_S2MM_DMA_MNGR/VIDEO_REG_I/GEN_REGISTER_DIRECT.GEN_REGDIRECT_DRES.VIDREGISTER_I/GEN_START_ADDR_REG[1].start_address_vid_reg[1][31]/C
                         clock pessimism             -0.035     1.156    
    SLICE_X48Y52         FDRE (Hold_fdre_C_D)         0.070     1.226    design_1_i/cg_fpga_0/inst/cg_axi_vdma_0/U0/GEN_SPRT_FOR_S2MM.S2MMADDR32.I_S2MM_DMA_MNGR/VIDEO_REG_I/GEN_REGISTER_DIRECT.GEN_REGDIRECT_DRES.VIDREGISTER_I/GEN_START_ADDR_REG[1].start_address_vid_reg[1][31]
  -------------------------------------------------------------------
                         required time                         -1.226    
                         arrival time                           1.268    
  -------------------------------------------------------------------
                         slack                                  0.042    

Slack (MET) :             0.043ns  (arrival time - required time)
  Source:                 design_1_i/cg_fpga_0/inst/cg_fpga_axi_gpio_i1/U0/INTR_CTRLR_GEN.INTERRUPT_CONTROL_I/DO_IRPT_INPUT[0].GEN_POS_EDGE_DETECT.irpt_dly1_reg/C
                            (rising edge-triggered cell FDSE clocked by clk_fpga_0  {rise@0.000ns fall@5.000ns period=10.000ns})
  Destination:            design_1_i/cg_fpga_0/inst/cg_fpga_axi_gpio_i1/U0/INTR_CTRLR_GEN.INTERRUPT_CONTROL_I/GEN_IP_IRPT_STATUS_REG[0].GEN_REG_STATUS.ip_irpt_status_reg_reg[0]/D
                            (rising edge-triggered cell FDRE clocked by clk_fpga_0  {rise@0.000ns fall@5.000ns period=10.000ns})
  Path Group:             clk_fpga_0
  Path Type:              Hold (Min at Fast Process Corner)
  Requirement:            0.000ns  (clk_fpga_0 rise@0.000ns - clk_fpga_0 rise@0.000ns)
  Data Path Delay:        0.400ns  (logic 0.227ns (56.744%)  route 0.173ns (43.256%))
  Logic Levels:           1  (LUT5=1)
  Clock Path Skew:        0.265ns (DCD - SCD - CPR)
    Destination Clock Delay (DCD):    1.178ns
    Source Clock Delay      (SCD):    0.878ns
    Clock Pessimism Removal (CPR):    0.035ns

    Location             Delay type                Incr(ns)  Path(ns)    Netlist Resource(s)
  -------------------------------------------------------------------    -------------------
                         (clock clk_fpga_0 rise edge)
                                                      0.000     0.000 r  
    PS7_X0Y0             PS7                          0.000     0.000 r  design_1_i/cg_fpga_0/inst/processing_system7_0/inst/PS7_i/FCLKCLK[0]
                         net (fo=1, routed)           0.310     0.310    design_1_i/cg_fpga_0/inst/processing_system7_0/inst/FCLK_CLK_unbuffered[0]
    BUFGCTRL_X0Y16       BUFG (Prop_bufg_I_O)         0.026     0.336 r  design_1_i/cg_fpga_0/inst/processing_system7_0/inst/buffer_fclk_clk_0.FCLK_CLK_0_BUFG/O
                         net (fo=7383, routed)        0.542     0.878    design_1_i/cg_fpga_0/inst/cg_fpga_axi_gpio_i1/U0/INTR_CTRLR_GEN.INTERRUPT_CONTROL_I/s_axi_aclk
    SLICE_X52Y71         FDSE                                         r  design_1_i/cg_fpga_0/inst/cg_fpga_axi_gpio_i1/U0/INTR_CTRLR_GEN.INTERRUPT_CONTROL_I/DO_IRPT_INPUT[0].GEN_POS_EDGE_DETECT.irpt_dly1_reg/C
  -------------------------------------------------------------------    -------------------
    SLICE_X52Y71         FDSE (Prop_fdse_C_Q)         0.128     1.006 r  design_1_i/cg_fpga_0/inst/cg_fpga_axi_gpio_i1/U0/INTR_CTRLR_GEN.INTERRUPT_CONTROL_I/DO_IRPT_INPUT[0].GEN_POS_EDGE_DETECT.irpt_dly1_reg/Q
                         net (fo=2, routed)           0.173     1.179    design_1_i/cg_fpga_0/inst/cg_fpga_axi_gpio_i1/U0/INTR_CTRLR_GEN.INTERRUPT_CONTROL_I/irpt_dly1
    SLICE_X49Y71         LUT5 (Prop_lut5_I1_O)        0.099     1.278 r  design_1_i/cg_fpga_0/inst/cg_fpga_axi_gpio_i1/U0/INTR_CTRLR_GEN.INTERRUPT_CONTROL_I/GEN_IP_IRPT_STATUS_REG[0].GEN_REG_STATUS.ip_irpt_status_reg[0]_i_1/O
                         net (fo=1, routed)           0.000     1.278    design_1_i/cg_fpga_0/inst/cg_fpga_axi_gpio_i1/U0/INTR_CTRLR_GEN.INTERRUPT_CONTROL_I/GEN_IP_IRPT_STATUS_REG[0].GEN_REG_STATUS.ip_irpt_status_reg[0]_i_1_n_0
    SLICE_X49Y71         FDRE                                         r  design_1_i/cg_fpga_0/inst/cg_fpga_axi_gpio_i1/U0/INTR_CTRLR_GEN.INTERRUPT_CONTROL_I/GEN_IP_IRPT_STATUS_REG[0].GEN_REG_STATUS.ip_irpt_status_reg_reg[0]/D
  -------------------------------------------------------------------    -------------------

                         (clock clk_fpga_0 rise edge)
                                                      0.000     0.000 r  
    PS7_X0Y0             PS7                          0.000     0.000 r  design_1_i/cg_fpga_0/inst/processing_system7_0/inst/PS7_i/FCLKCLK[0]
                         net (fo=1, routed)           0.337     0.337    design_1_i/cg_fpga_0/inst/processing_system7_0/inst/FCLK_CLK_unbuffered[0]
    BUFGCTRL_X0Y16       BUFG (Prop_bufg_I_O)         0.029     0.366 r  design_1_i/cg_fpga_0/inst/processing_system7_0/inst/buffer_fclk_clk_0.FCLK_CLK_0_BUFG/O
                         net (fo=7383, routed)        0.812     1.178    design_1_i/cg_fpga_0/inst/cg_fpga_axi_gpio_i1/U0/INTR_CTRLR_GEN.INTERRUPT_CONTROL_I/s_axi_aclk
    SLICE_X49Y71         FDRE                                         r  design_1_i/cg_fpga_0/inst/cg_fpga_axi_gpio_i1/U0/INTR_CTRLR_GEN.INTERRUPT_CONTROL_I/GEN_IP_IRPT_STATUS_REG[0].GEN_REG_STATUS.ip_irpt_status_reg_reg[0]/C
                         clock pessimism             -0.035     1.143    
    SLICE_X49Y71         FDRE (Hold_fdre_C_D)         0.092     1.235    design_1_i/cg_fpga_0/inst/cg_fpga_axi_gpio_i1/U0/INTR_CTRLR_GEN.INTERRUPT_CONTROL_I/GEN_IP_IRPT_STATUS_REG[0].GEN_REG_STATUS.ip_irpt_status_reg_reg[0]
  -------------------------------------------------------------------
                         required time                         -1.235    
                         arrival time                           1.278    
  -------------------------------------------------------------------
                         slack                                  0.043    





Pulse Width Checks
--------------------------------------------------------------------------------------
Clock Name:         clk_fpga_0
Waveform(ns):       { 0.000 5.000 }
Period(ns):         10.000
Sources:            { design_1_i/cg_fpga_0/inst/processing_system7_0/inst/PS7_i/FCLKCLK[0] }

Check Type        Corner  Lib Pin             Reference Pin  Required(ns)  Actual(ns)  Slack(ns)  Location      Pin
Min Period        n/a     RAMB36E1/CLKARDCLK  n/a            2.944         10.000      7.056      RAMB36_X1Y6   design_1_i/cg_fpga_0/inst/cg_axi_vdma_0/U0/GEN_SPRT_FOR_S2MM.S2MM_LINEBUFFER_I/GEN_S2MM_FLUSH_SOF_LOGIC.GEN_LINEBUFFER_FLUSH_SOF.GEN_SYNC_FIFO_FLUSH_SOF.I_LINEBUFFER_FIFO/xpm_fifo_sync_inst/xpm_fifo_base_inst/gen_sdpram.xpm_memory_base_inst/gen_wr_a.gen_word_narrow.mem_reg/CLKARDCLK
Min Period        n/a     RAMB36E1/CLKBWRCLK  n/a            2.944         10.000      7.056      RAMB36_X1Y6   design_1_i/cg_fpga_0/inst/cg_axi_vdma_0/U0/GEN_SPRT_FOR_S2MM.S2MM_LINEBUFFER_I/GEN_S2MM_FLUSH_SOF_LOGIC.GEN_LINEBUFFER_FLUSH_SOF.GEN_SYNC_FIFO_FLUSH_SOF.I_LINEBUFFER_FIFO/xpm_fifo_sync_inst/xpm_fifo_base_inst/gen_sdpram.xpm_memory_base_inst/gen_wr_a.gen_word_narrow.mem_reg/CLKBWRCLK
Min Period        n/a     RAMB18E1/CLKARDCLK  n/a            2.944         10.000      7.056      RAMB18_X0Y16  design_1_i/cg_fpga_0/inst/cg_axi_vdma_0/U0/GEN_SPRT_FOR_MM2S.MM2S_LINEBUFFER_I/GEN_LINEBUF_NO_SOF.GEN_LINEBUFFER.GEN_SYNC_FIFO.I_LINEBUFFER_FIFO/xpm_fifo_sync_inst/xpm_fifo_base_inst/gen_sdpram.xpm_memory_base_inst/gen_wr_a.gen_word_narrow.mem_reg/CLKARDCLK
Min Period        n/a     RAMB18E1/CLKBWRCLK  n/a            2.944         10.000      7.056      RAMB18_X0Y16  design_1_i/cg_fpga_0/inst/cg_axi_vdma_0/U0/GEN_SPRT_FOR_MM2S.MM2S_LINEBUFFER_I/GEN_LINEBUF_NO_SOF.GEN_LINEBUFFER.GEN_SYNC_FIFO.I_LINEBUFFER_FIFO/xpm_fifo_sync_inst/xpm_fifo_base_inst/gen_sdpram.xpm_memory_base_inst/gen_wr_a.gen_word_narrow.mem_reg/CLKBWRCLK
Min Period        n/a     RAMB18E1/CLKARDCLK  n/a            2.576         10.000      7.424      RAMB18_X0Y12  design_1_i/cg_fpga_0/inst/cg_axi_vdma_0/U0/I_PRMRY_DATAMOVER/GEN_S2MM_FULL.I_S2MM_FULL_WRAPPER/GEN_ENABLE_INDET_BTT_SF.I_INDET_BTT/I_DATA_FIFO/BLK_MEM.I_SYNC_FIFOGEN_FIFO/xpm_fifo_instance.xpm_fifo_sync_inst/xpm_fifo_base_inst/gen_sdpram.xpm_memory_base_inst/gen_wr_a.gen_word_narrow.mem_reg_1/CLKARDCLK
Min Period        n/a     RAMB18E1/CLKBWRCLK  n/a            2.576         10.000      7.424      RAMB18_X0Y12  design_1_i/cg_fpga_0/inst/cg_axi_vdma_0/U0/I_PRMRY_DATAMOVER/GEN_S2MM_FULL.I_S2MM_FULL_WRAPPER/GEN_ENABLE_INDET_BTT_SF.I_INDET_BTT/I_DATA_FIFO/BLK_MEM.I_SYNC_FIFOGEN_FIFO/xpm_fifo_instance.xpm_fifo_sync_inst/xpm_fifo_base_inst/gen_sdpram.xpm_memory_base_inst/gen_wr_a.gen_word_narrow.mem_reg_1/CLKBWRCLK
Min Period        n/a     RAMB36E1/CLKARDCLK  n/a            2.576         10.000      7.424      RAMB36_X0Y9   design_1_i/cg_fpga_0/inst/cg_axi_vdma_0/U0/I_PRMRY_DATAMOVER/GEN_MM2S_FULL.I_MM2S_FULL_WRAPPER/GEN_INCLUDE_MM2S_SF.I_RD_SF/I_DATA_FIFO/BLK_MEM.I_SYNC_FIFOGEN_FIFO/xpm_fifo_instance.xpm_fifo_sync_inst/xpm_fifo_base_inst/gen_sdpram.xpm_memory_base_inst/gen_wr_a.gen_word_narrow.mem_reg/CLKARDCLK
Min Period        n/a     RAMB36E1/CLKBWRCLK  n/a            2.576         10.000      7.424      RAMB36_X0Y9   design_1_i/cg_fpga_0/inst/cg_axi_vdma_0/U0/I_PRMRY_DATAMOVER/GEN_MM2S_FULL.I_MM2S_FULL_WRAPPER/GEN_INCLUDE_MM2S_SF.I_RD_SF/I_DATA_FIFO/BLK_MEM.I_SYNC_FIFOGEN_FIFO/xpm_fifo_instance.xpm_fifo_sync_inst/xpm_fifo_base_inst/gen_sdpram.xpm_memory_base_inst/gen_wr_a.gen_word_narrow.mem_reg/CLKBWRCLK
Min Period        n/a     RAMB36E1/CLKARDCLK  n/a            2.576         10.000      7.424      RAMB36_X0Y7   design_1_i/cg_fpga_0/inst/cg_axi_vdma_0/U0/I_PRMRY_DATAMOVER/GEN_S2MM_FULL.I_S2MM_FULL_WRAPPER/GEN_ENABLE_INDET_BTT_SF.I_INDET_BTT/I_DATA_FIFO/BLK_MEM.I_SYNC_FIFOGEN_FIFO/xpm_fifo_instance.xpm_fifo_sync_inst/xpm_fifo_base_inst/gen_sdpram.xpm_memory_base_inst/gen_wr_a.gen_word_narrow.mem_reg_0/CLKARDCLK
Min Period        n/a     RAMB36E1/CLKBWRCLK  n/a            2.576         10.000      7.424      RAMB36_X0Y7   design_1_i/cg_fpga_0/inst/cg_axi_vdma_0/U0/I_PRMRY_DATAMOVER/GEN_S2MM_FULL.I_S2MM_FULL_WRAPPER/GEN_ENABLE_INDET_BTT_SF.I_INDET_BTT/I_DATA_FIFO/BLK_MEM.I_SYNC_FIFOGEN_FIFO/xpm_fifo_instance.xpm_fifo_sync_inst/xpm_fifo_base_inst/gen_sdpram.xpm_memory_base_inst/gen_wr_a.gen_word_narrow.mem_reg_0/CLKBWRCLK
Low Pulse Width   Fast    RAMD32/CLK          n/a            1.250         5.000       3.750      SLICE_X34Y46  design_1_i/cg_fpga_0/inst/axi_interconnect_0/m00_couplers/auto_pc/inst/gen_axi4_axi3.axi3_conv_inst/USE_READ.USE_SPLIT_R.read_addr_inst/USE_R_CHANNEL.cmd_queue/inst/fifo_gen_inst/inst_fifo_gen/gconvfifo.rf/grf.rf/gntv_or_sync_fifo.mem/gdm.dm_gen.dm/RAM_reg_0_31_0_0/DP/CLK
Low Pulse Width   Fast    RAMD32/CLK          n/a            1.250         5.000       3.750      SLICE_X34Y46  design_1_i/cg_fpga_0/inst/axi_interconnect_0/m00_couplers/auto_pc/inst/gen_axi4_axi3.axi3_conv_inst/USE_READ.USE_SPLIT_R.read_addr_inst/USE_R_CHANNEL.cmd_queue/inst/fifo_gen_inst/inst_fifo_gen/gconvfifo.rf/grf.rf/gntv_or_sync_fifo.mem/gdm.dm_gen.dm/RAM_reg_0_31_0_0/SP/CLK
Low Pulse Width   Slow    RAMD32/CLK          n/a            1.250         5.000       3.750      SLICE_X22Y35  design_1_i/cg_fpga_0/inst/cg_axi_vdma_0/U0/I_PRMRY_DATAMOVER/GEN_S2MM_FULL.I_S2MM_FULL_WRAPPER/GEN_ENABLE_INDET_BTT_SF.I_INDET_BTT/I_XD_FIFO/NON_BLK_MEM.I_SYNC_FIFOGEN_FIFO/xpm_fifo_instance.xpm_fifo_sync_inst/xpm_fifo_base_inst/gen_sdpram.xpm_memory_base_inst/gen_wr_a.gen_word_narrow.mem_reg_0_15_0_5/RAMA/CLK
Low Pulse Width   Fast    RAMD32/CLK          n/a            1.250         5.000       3.750      SLICE_X22Y35  design_1_i/cg_fpga_0/inst/cg_axi_vdma_0/U0/I_PRMRY_DATAMOVER/GEN_S2MM_FULL.I_S2MM_FULL_WRAPPER/GEN_ENABLE_INDET_BTT_SF.I_INDET_BTT/I_XD_FIFO/NON_BLK_MEM.I_SYNC_FIFOGEN_FIFO/xpm_fifo_instance.xpm_fifo_sync_inst/xpm_fifo_base_inst/gen_sdpram.xpm_memory_base_inst/gen_wr_a.gen_word_narrow.mem_reg_0_15_0_5/RAMA/CLK
Low Pulse Width   Slow    RAMD32/CLK          n/a            1.250         5.000       3.750      SLICE_X22Y35  design_1_i/cg_fpga_0/inst/cg_axi_vdma_0/U0/I_PRMRY_DATAMOVER/GEN_S2MM_FULL.I_S2MM_FULL_WRAPPER/GEN_ENABLE_INDET_BTT_SF.I_INDET_BTT/I_XD_FIFO/NON_BLK_MEM.I_SYNC_FIFOGEN_FIFO/xpm_fifo_instance.xpm_fifo_sync_inst/xpm_fifo_base_inst/gen_sdpram.xpm_memory_base_inst/gen_wr_a.gen_word_narrow.mem_reg_0_15_0_5/RAMA_D1/CLK
Low Pulse Width   Fast    RAMD32/CLK          n/a            1.250         5.000       3.750      SLICE_X22Y35  design_1_i/cg_fpga_0/inst/cg_axi_vdma_0/U0/I_PRMRY_DATAMOVER/GEN_S2MM_FULL.I_S2MM_FULL_WRAPPER/GEN_ENABLE_INDET_BTT_SF.I_INDET_BTT/I_XD_FIFO/NON_BLK_MEM.I_SYNC_FIFOGEN_FIFO/xpm_fifo_instance.xpm_fifo_sync_inst/xpm_fifo_base_inst/gen_sdpram.xpm_memory_base_inst/gen_wr_a.gen_word_narrow.mem_reg_0_15_0_5/RAMA_D1/CLK
Low Pulse Width   Slow    RAMD32/CLK          n/a            1.250         5.000       3.750      SLICE_X22Y35  design_1_i/cg_fpga_0/inst/cg_axi_vdma_0/U0/I_PRMRY_DATAMOVER/GEN_S2MM_FULL.I_S2MM_FULL_WRAPPER/GEN_ENABLE_INDET_BTT_SF.I_INDET_BTT/I_XD_FIFO/NON_BLK_MEM.I_SYNC_FIFOGEN_FIFO/xpm_fifo_instance.xpm_fifo_sync_inst/xpm_fifo_base_inst/gen_sdpram.xpm_memory_base_inst/gen_wr_a.gen_word_narrow.mem_reg_0_15_0_5/RAMB/CLK
Low Pulse Width   Fast    RAMD32/CLK          n/a            1.250         5.000       3.750      SLICE_X22Y35  design_1_i/cg_fpga_0/inst/cg_axi_vdma_0/U0/I_PRMRY_DATAMOVER/GEN_S2MM_FULL.I_S2MM_FULL_WRAPPER/GEN_ENABLE_INDET_BTT_SF.I_INDET_BTT/I_XD_FIFO/NON_BLK_MEM.I_SYNC_FIFOGEN_FIFO/xpm_fifo_instance.xpm_fifo_sync_inst/xpm_fifo_base_inst/gen_sdpram.xpm_memory_base_inst/gen_wr_a.gen_word_narrow.mem_reg_0_15_0_5/RAMB/CLK
Low Pulse Width   Slow    RAMD32/CLK          n/a            1.250         5.000       3.750      SLICE_X22Y35  design_1_i/cg_fpga_0/inst/cg_axi_vdma_0/U0/I_PRMRY_DATAMOVER/GEN_S2MM_FULL.I_S2MM_FULL_WRAPPER/GEN_ENABLE_INDET_BTT_SF.I_INDET_BTT/I_XD_FIFO/NON_BLK_MEM.I_SYNC_FIFOGEN_FIFO/xpm_fifo_instance.xpm_fifo_sync_inst/xpm_fifo_base_inst/gen_sdpram.xpm_memory_base_inst/gen_wr_a.gen_word_narrow.mem_reg_0_15_0_5/RAMB_D1/CLK
Low Pulse Width   Fast    RAMD32/CLK          n/a            1.250         5.000       3.750      SLICE_X22Y35  design_1_i/cg_fpga_0/inst/cg_axi_vdma_0/U0/I_PRMRY_DATAMOVER/GEN_S2MM_FULL.I_S2MM_FULL_WRAPPER/GEN_ENABLE_INDET_BTT_SF.I_INDET_BTT/I_XD_FIFO/NON_BLK_MEM.I_SYNC_FIFOGEN_FIFO/xpm_fifo_instance.xpm_fifo_sync_inst/xpm_fifo_base_inst/gen_sdpram.xpm_memory_base_inst/gen_wr_a.gen_word_narrow.mem_reg_0_15_0_5/RAMB_D1/CLK
High Pulse Width  Slow    RAMD32/CLK          n/a            1.250         5.000       3.750      SLICE_X22Y34  design_1_i/cg_fpga_0/inst/cg_axi_vdma_0/U0/I_PRMRY_DATAMOVER/GEN_S2MM_FULL.I_S2MM_FULL_WRAPPER/GEN_ENABLE_INDET_BTT_SF.I_INDET_BTT/I_XD_FIFO/NON_BLK_MEM.I_SYNC_FIFOGEN_FIFO/xpm_fifo_instance.xpm_fifo_sync_inst/xpm_fifo_base_inst/gen_sdpram.xpm_memory_base_inst/gen_wr_a.gen_word_narrow.mem_reg_0_15_6_8/RAMA/CLK
High Pulse Width  Slow    RAMD32/CLK          n/a            1.250         5.000       3.750      SLICE_X22Y34  design_1_i/cg_fpga_0/inst/cg_axi_vdma_0/U0/I_PRMRY_DATAMOVER/GEN_S2MM_FULL.I_S2MM_FULL_WRAPPER/GEN_ENABLE_INDET_BTT_SF.I_INDET_BTT/I_XD_FIFO/NON_BLK_MEM.I_SYNC_FIFOGEN_FIFO/xpm_fifo_instance.xpm_fifo_sync_inst/xpm_fifo_base_inst/gen_sdpram.xpm_memory_base_inst/gen_wr_a.gen_word_narrow.mem_reg_0_15_6_8/RAMA_D1/CLK
High Pulse Width  Slow    RAMD32/CLK          n/a            1.250         5.000       3.750      SLICE_X22Y34  design_1_i/cg_fpga_0/inst/cg_axi_vdma_0/U0/I_PRMRY_DATAMOVER/GEN_S2MM_FULL.I_S2MM_FULL_WRAPPER/GEN_ENABLE_INDET_BTT_SF.I_INDET_BTT/I_XD_FIFO/NON_BLK_MEM.I_SYNC_FIFOGEN_FIFO/xpm_fifo_instance.xpm_fifo_sync_inst/xpm_fifo_base_inst/gen_sdpram.xpm_memory_base_inst/gen_wr_a.gen_word_narrow.mem_reg_0_15_6_8/RAMB/CLK
High Pulse Width  Slow    RAMD32/CLK          n/a            1.250         5.000       3.750      SLICE_X22Y34  design_1_i/cg_fpga_0/inst/cg_axi_vdma_0/U0/I_PRMRY_DATAMOVER/GEN_S2MM_FULL.I_S2MM_FULL_WRAPPER/GEN_ENABLE_INDET_BTT_SF.I_INDET_BTT/I_XD_FIFO/NON_BLK_MEM.I_SYNC_FIFOGEN_FIFO/xpm_fifo_instance.xpm_fifo_sync_inst/xpm_fifo_base_inst/gen_sdpram.xpm_memory_base_inst/gen_wr_a.gen_word_narrow.mem_reg_0_15_6_8/RAMB_D1/CLK
High Pulse Width  Slow    RAMD32/CLK          n/a            1.250         5.000       3.750      SLICE_X22Y34  design_1_i/cg_fpga_0/inst/cg_axi_vdma_0/U0/I_PRMRY_DATAMOVER/GEN_S2MM_FULL.I_S2MM_FULL_WRAPPER/GEN_ENABLE_INDET_BTT_SF.I_INDET_BTT/I_XD_FIFO/NON_BLK_MEM.I_SYNC_FIFOGEN_FIFO/xpm_fifo_instance.xpm_fifo_sync_inst/xpm_fifo_base_inst/gen_sdpram.xpm_memory_base_inst/gen_wr_a.gen_word_narrow.mem_reg_0_15_6_8/RAMC/CLK
High Pulse Width  Slow    RAMD32/CLK          n/a            1.250         5.000       3.750      SLICE_X22Y34  design_1_i/cg_fpga_0/inst/cg_axi_vdma_0/U0/I_PRMRY_DATAMOVER/GEN_S2MM_FULL.I_S2MM_FULL_WRAPPER/GEN_ENABLE_INDET_BTT_SF.I_INDET_BTT/I_XD_FIFO/NON_BLK_MEM.I_SYNC_FIFOGEN_FIFO/xpm_fifo_instance.xpm_fifo_sync_inst/xpm_fifo_base_inst/gen_sdpram.xpm_memory_base_inst/gen_wr_a.gen_word_narrow.mem_reg_0_15_6_8/RAMC_D1/CLK
High Pulse Width  Slow    RAMS32/CLK          n/a            1.250         5.000       3.750      SLICE_X22Y34  design_1_i/cg_fpga_0/inst/cg_axi_vdma_0/U0/I_PRMRY_DATAMOVER/GEN_S2MM_FULL.I_S2MM_FULL_WRAPPER/GEN_ENABLE_INDET_BTT_SF.I_INDET_BTT/I_XD_FIFO/NON_BLK_MEM.I_SYNC_FIFOGEN_FIFO/xpm_fifo_instance.xpm_fifo_sync_inst/xpm_fifo_base_inst/gen_sdpram.xpm_memory_base_inst/gen_wr_a.gen_word_narrow.mem_reg_0_15_6_8/RAMD/CLK
High Pulse Width  Slow    RAMS32/CLK          n/a            1.250         5.000       3.750      SLICE_X22Y34  design_1_i/cg_fpga_0/inst/cg_axi_vdma_0/U0/I_PRMRY_DATAMOVER/GEN_S2MM_FULL.I_S2MM_FULL_WRAPPER/GEN_ENABLE_INDET_BTT_SF.I_INDET_BTT/I_XD_FIFO/NON_BLK_MEM.I_SYNC_FIFOGEN_FIFO/xpm_fifo_instance.xpm_fifo_sync_inst/xpm_fifo_base_inst/gen_sdpram.xpm_memory_base_inst/gen_wr_a.gen_word_narrow.mem_reg_0_15_6_8/RAMD_D1/CLK
High Pulse Width  Slow    RAMD32/CLK          n/a            1.250         5.000       3.750      SLICE_X22Y49  design_1_i/cg_fpga_0/inst/axi_interconnect_0/m00_couplers/auto_pc/inst/gen_axi4_axi3.axi3_conv_inst/USE_WRITE.write_addr_inst/USE_BURSTS.cmd_queue/inst/fifo_gen_inst/inst_fifo_gen/gconvfifo.rf/grf.rf/gntv_or_sync_fifo.mem/gdm.dm_gen.dm/RAM_reg_0_31_0_4/RAMA/CLK
High Pulse Width  Slow    RAMD32/CLK          n/a            1.250         5.000       3.750      SLICE_X22Y49  design_1_i/cg_fpga_0/inst/axi_interconnect_0/m00_couplers/auto_pc/inst/gen_axi4_axi3.axi3_conv_inst/USE_WRITE.write_addr_inst/USE_BURSTS.cmd_queue/inst/fifo_gen_inst/inst_fifo_gen/gconvfifo.rf/grf.rf/gntv_or_sync_fifo.mem/gdm.dm_gen.dm/RAM_reg_0_31_0_4/RAMA_D1/CLK



---------------------------------------------------------------------------------------------------
From Clock:  design_1_i/clk_wiz_0/inst/clk_in1
  To Clock:  design_1_i/clk_wiz_0/inst/clk_in1

Setup :           NA  Failing Endpoints,  Worst Slack           NA  ,  Total Violation           NA
Hold  :           NA  Failing Endpoints,  Worst Slack           NA  ,  Total Violation           NA
PW    :            0  Failing Endpoints,  Worst Slack        3.000ns,  Total Violation        0.000ns
---------------------------------------------------------------------------------------------------


Pulse Width Checks
--------------------------------------------------------------------------------------
Clock Name:         design_1_i/clk_wiz_0/inst/clk_in1
Waveform(ns):       { 0.000 5.000 }
Period(ns):         10.000
Sources:            { design_1_i/clk_wiz_0/inst/clk_in1 }

Check Type        Corner  Lib Pin            Reference Pin  Required(ns)  Actual(ns)  Slack(ns)  Location         Pin
Min Period        n/a     MMCME2_ADV/CLKIN1  n/a            1.249         10.000      8.751      MMCME2_ADV_X1Y2  design_1_i/clk_wiz_0/inst/mmcm_adv_inst/CLKIN1
Max Period        n/a     MMCME2_ADV/CLKIN1  n/a            100.000       10.000      90.000     MMCME2_ADV_X1Y2  design_1_i/clk_wiz_0/inst/mmcm_adv_inst/CLKIN1
Low Pulse Width   Fast    MMCME2_ADV/CLKIN1  n/a            2.000         5.000       3.000      MMCME2_ADV_X1Y2  design_1_i/clk_wiz_0/inst/mmcm_adv_inst/CLKIN1
Low Pulse Width   Slow    MMCME2_ADV/CLKIN1  n/a            2.000         5.000       3.000      MMCME2_ADV_X1Y2  design_1_i/clk_wiz_0/inst/mmcm_adv_inst/CLKIN1
High Pulse Width  Slow    MMCME2_ADV/CLKIN1  n/a            2.000         5.000       3.000      MMCME2_ADV_X1Y2  design_1_i/clk_wiz_0/inst/mmcm_adv_inst/CLKIN1
High Pulse Width  Fast    MMCME2_ADV/CLKIN1  n/a            2.000         5.000       3.000      MMCME2_ADV_X1Y2  design_1_i/clk_wiz_0/inst/mmcm_adv_inst/CLKIN1



---------------------------------------------------------------------------------------------------
From Clock:  clk_out1_design_1_clk_wiz_0_0
  To Clock:  clk_out1_design_1_clk_wiz_0_0

Setup :            0  Failing Endpoints,  Worst Slack        1.293ns,  Total Violation        0.000ns
Hold  :            0  Failing Endpoints,  Worst Slack        0.101ns,  Total Violation        0.000ns
PW    :            0  Failing Endpoints,  Worst Slack        8.750ns,  Total Violation        0.000ns
---------------------------------------------------------------------------------------------------


Max Delay Paths
--------------------------------------------------------------------------------------
Slack (MET) :             1.293ns  (required time - arrival time)
  Source:                 design_1_i/top_0/inst/MiniMIPS32_Lite_FullSyS0/cpu_core/exemem_reg0/mem_wd_reg[15]/C
                            (rising edge-triggered cell FDRE clocked by clk_out1_design_1_clk_wiz_0_0  {rise@0.000ns fall@10.000ns period=20.000ns})
  Destination:            design_1_i/top_0/inst/MiniMIPS32_Lite_FullSyS0/cpu_core/ifid_reg0/id_inst_reg[26]/R
                            (rising edge-triggered cell FDRE clocked by clk_out1_design_1_clk_wiz_0_0  {rise@0.000ns fall@10.000ns period=20.000ns})
  Path Group:             clk_out1_design_1_clk_wiz_0_0
  Path Type:              Setup (Max at Slow Process Corner)
  Requirement:            20.000ns  (clk_out1_design_1_clk_wiz_0_0 rise@20.000ns - clk_out1_design_1_clk_wiz_0_0 rise@0.000ns)
  Data Path Delay:        18.205ns  (logic 3.025ns (16.617%)  route 15.180ns (83.383%))
  Logic Levels:           15  (CARRY4=3 LUT3=1 LUT5=4 LUT6=7)
  Clock Path Skew:        0.010ns (DCD - SCD + CPR)
    Destination Clock Delay (DCD):    1.783ns = ( 21.783 - 20.000 ) 
    Source Clock Delay      (SCD):    1.895ns
    Clock Pessimism Removal (CPR):    0.122ns
  Clock Uncertainty:      0.084ns  ((TSJ^2 + DJ^2)^1/2) / 2 + PE
    Total System Jitter     (TSJ):    0.071ns
    Discrete Jitter          (DJ):    0.152ns
    Phase Error              (PE):    0.000ns

    Location             Delay type                Incr(ns)  Path(ns)    Netlist Resource(s)
  -------------------------------------------------------------------    -------------------
                         (clock clk_out1_design_1_clk_wiz_0_0 rise edge)
                                                      0.000     0.000 r  
    BUFGCTRL_X0Y16       BUFG                         0.000     0.000 r  design_1_i/cg_fpga_0/inst/processing_system7_0/inst/buffer_fclk_clk_0.FCLK_CLK_0_BUFG/O
                         net (fo=7383, routed)        1.980     1.980    design_1_i/clk_wiz_0/inst/clk_in1
    MMCME2_ADV_X1Y2      MMCME2_ADV (Prop_mmcme2_adv_CLKIN1_CLKOUT0)
                                                     -4.287    -2.307 r  design_1_i/clk_wiz_0/inst/mmcm_adv_inst/CLKOUT0
                         net (fo=1, routed)           2.206    -0.101    design_1_i/clk_wiz_0/inst/clk_out1_design_1_clk_wiz_0_0
    BUFGCTRL_X0Y18       BUFG (Prop_bufg_I_O)         0.101    -0.000 r  design_1_i/clk_wiz_0/inst/clkout1_buf/O
                         net (fo=9913, routed)        1.895     1.895    design_1_i/top_0/inst/MiniMIPS32_Lite_FullSyS0/cpu_core/exemem_reg0/clk
    SLICE_X67Y130        FDRE                                         r  design_1_i/top_0/inst/MiniMIPS32_Lite_FullSyS0/cpu_core/exemem_reg0/mem_wd_reg[15]/C
  -------------------------------------------------------------------    -------------------
    SLICE_X67Y130        FDRE (Prop_fdre_C_Q)         0.456     2.351 f  design_1_i/top_0/inst/MiniMIPS32_Lite_FullSyS0/cpu_core/exemem_reg0/mem_wd_reg[15]/Q
                         net (fo=104, routed)         2.749     5.100    design_1_i/top_0/inst/MiniMIPS32_Lite_FullSyS0/inst_rom_data/U0/synth_options.dist_mem_inst/gen_rom.rom_inst/a[13]
    SLICE_X107Y92        LUT5 (Prop_lut5_I0_O)        0.124     5.224 r  design_1_i/top_0/inst/MiniMIPS32_Lite_FullSyS0/inst_rom_data/U0/synth_options.dist_mem_inst/gen_rom.rom_inst/spo[6]_INST_0_i_2/O
                         net (fo=63, routed)          1.564     6.788    design_1_i/top_0/inst/MiniMIPS32_Lite_FullSyS0/inst_rom_data/U0/synth_options.dist_mem_inst/gen_rom.rom_inst/spo[6]_INST_0_i_2_n_0
    SLICE_X106Y109       LUT5 (Prop_lut5_I4_O)        0.124     6.912 r  design_1_i/top_0/inst/MiniMIPS32_Lite_FullSyS0/inst_rom_data/U0/synth_options.dist_mem_inst/gen_rom.rom_inst/spo[5]_INST_0_i_18/O
                         net (fo=2, routed)           1.388     8.299    design_1_i/top_0/inst/MiniMIPS32_Lite_FullSyS0/inst_rom_data/U0/synth_options.dist_mem_inst/gen_rom.rom_inst/spo[5]_INST_0_i_18_n_0
    SLICE_X110Y86        LUT6 (Prop_lut6_I0_O)        0.124     8.423 r  design_1_i/top_0/inst/MiniMIPS32_Lite_FullSyS0/inst_rom_data/U0/synth_options.dist_mem_inst/gen_rom.rom_inst/spo[5]_INST_0_i_11/O
                         net (fo=1, routed)           0.718     9.141    design_1_i/top_0/inst/MiniMIPS32_Lite_FullSyS0/inst_rom_data/U0/synth_options.dist_mem_inst/gen_rom.rom_inst/spo[5]_INST_0_i_11_n_0
    SLICE_X109Y86        LUT6 (Prop_lut6_I5_O)        0.124     9.265 r  design_1_i/top_0/inst/MiniMIPS32_Lite_FullSyS0/inst_rom_data/U0/synth_options.dist_mem_inst/gen_rom.rom_inst/spo[5]_INST_0_i_3/O
                         net (fo=1, routed)           0.805    10.071    design_1_i/top_0/inst/MiniMIPS32_Lite_FullSyS0/inst_rom_data/U0/synth_options.dist_mem_inst/gen_rom.rom_inst/spo[5]_INST_0_i_3_n_0
    SLICE_X107Y94        LUT5 (Prop_lut5_I4_O)        0.124    10.195 r  design_1_i/top_0/inst/MiniMIPS32_Lite_FullSyS0/inst_rom_data/U0/synth_options.dist_mem_inst/gen_rom.rom_inst/spo[5]_INST_0/O
                         net (fo=2, routed)           2.124    12.319    design_1_i/top_0/inst/MiniMIPS32_Lite_FullSyS0/cpu_core/exemem_reg0/spo[5]
    SLICE_X85Y122        LUT3 (Prop_lut3_I2_O)        0.124    12.443 f  design_1_i/top_0/inst/MiniMIPS32_Lite_FullSyS0/cpu_core/exemem_reg0/exe_din[29]_i_11/O
                         net (fo=3, routed)           0.596    13.039    design_1_i/top_0/inst/MiniMIPS32_Lite_FullSyS0/cpu_core/exemem_reg0/exe_din[29]_i_11_n_0
    SLICE_X85Y126        LUT6 (Prop_lut6_I0_O)        0.124    13.163 f  design_1_i/top_0/inst/MiniMIPS32_Lite_FullSyS0/cpu_core/exemem_reg0/exe_din[5]_i_7/O
                         net (fo=1, routed)           0.793    13.957    design_1_i/top_0/inst/MiniMIPS32_Lite_FullSyS0/cpu_core/exemem_reg0/exe_din[5]_i_7_n_0
    SLICE_X87Y128        LUT6 (Prop_lut6_I1_O)        0.124    14.081 r  design_1_i/top_0/inst/MiniMIPS32_Lite_FullSyS0/cpu_core/exemem_reg0/exe_din[5]_i_3/O
                         net (fo=3, routed)           0.827    14.908    design_1_i/top_0/inst/MiniMIPS32_Lite_FullSyS0/cpu_core/exemem_reg0/D[5]
    SLICE_X88Y133        LUT5 (Prop_lut5_I2_O)        0.124    15.032 r  design_1_i/top_0/inst/MiniMIPS32_Lite_FullSyS0/cpu_core/exemem_reg0/exe_din[5]_i_1/O
                         net (fo=3, routed)           0.984    16.016    design_1_i/top_0/inst/MiniMIPS32_Lite_FullSyS0/cpu_core/exemem_reg0/rst_n_reg[5]
    SLICE_X84Y139        LUT6 (Prop_lut6_I0_O)        0.124    16.140 r  design_1_i/top_0/inst/MiniMIPS32_Lite_FullSyS0/cpu_core/exemem_reg0/branch_eq_carry_i_3/O
                         net (fo=1, routed)           0.000    16.140    design_1_i/top_0/inst/MiniMIPS32_Lite_FullSyS0/cpu_core/id_stage0/branch_eq_carry__0_0[1]
    SLICE_X84Y139        CARRY4 (Prop_carry4_S[1]_CO[3])
                                                      0.550    16.690 r  design_1_i/top_0/inst/MiniMIPS32_Lite_FullSyS0/cpu_core/id_stage0/branch_eq_carry/CO[3]
                         net (fo=1, routed)           0.000    16.690    design_1_i/top_0/inst/MiniMIPS32_Lite_FullSyS0/cpu_core/id_stage0/branch_eq_carry_n_0
    SLICE_X84Y140        CARRY4 (Prop_carry4_CI_CO[3])
                                                      0.114    16.804 r  design_1_i/top_0/inst/MiniMIPS32_Lite_FullSyS0/cpu_core/id_stage0/branch_eq_carry__0/CO[3]
                         net (fo=1, routed)           0.000    16.804    design_1_i/top_0/inst/MiniMIPS32_Lite_FullSyS0/cpu_core/id_stage0/branch_eq_carry__0_n_0
    SLICE_X84Y141        CARRY4 (Prop_carry4_CI_CO[2])
                                                      0.228    17.032 r  design_1_i/top_0/inst/MiniMIPS32_Lite_FullSyS0/cpu_core/id_stage0/branch_eq_carry__1/CO[2]
                         net (fo=2, routed)           0.703    17.735    design_1_i/top_0/inst/MiniMIPS32_Lite_FullSyS0/cpu_core/ifid_reg0/CO[0]
    SLICE_X87Y143        LUT6 (Prop_lut6_I0_O)        0.313    18.048 f  design_1_i/top_0/inst/MiniMIPS32_Lite_FullSyS0/cpu_core/ifid_reg0/id_inst[31]_i_2/O
                         net (fo=1, routed)           0.433    18.481    design_1_i/top_0/inst/MiniMIPS32_Lite_FullSyS0/cpu_core/ifid_reg0/id_inst[31]_i_2_n_0
    SLICE_X87Y143        LUT6 (Prop_lut6_I2_O)        0.124    18.605 r  design_1_i/top_0/inst/MiniMIPS32_Lite_FullSyS0/cpu_core/ifid_reg0/id_inst[31]_i_1/O
                         net (fo=51, routed)          1.495    20.100    design_1_i/top_0/inst/MiniMIPS32_Lite_FullSyS0/cpu_core/ifid_reg0/id_inst[31]_i_1_n_0
    SLICE_X105Y146       FDRE                                         r  design_1_i/top_0/inst/MiniMIPS32_Lite_FullSyS0/cpu_core/ifid_reg0/id_inst_reg[26]/R
  -------------------------------------------------------------------    -------------------

                         (clock clk_out1_design_1_clk_wiz_0_0 rise edge)
                                                     20.000    20.000 r  
    BUFGCTRL_X0Y16       BUFG                         0.000    20.000 r  design_1_i/cg_fpga_0/inst/processing_system7_0/inst/buffer_fclk_clk_0.FCLK_CLK_0_BUFG/O
                         net (fo=7383, routed)        1.770    21.770    design_1_i/clk_wiz_0/inst/clk_in1
    MMCME2_ADV_X1Y2      MMCME2_ADV (Prop_mmcme2_adv_CLKIN1_CLKOUT0)
                                                     -3.873    17.897 r  design_1_i/clk_wiz_0/inst/mmcm_adv_inst/CLKOUT0
                         net (fo=1, routed)           2.012    19.909    design_1_i/clk_wiz_0/inst/clk_out1_design_1_clk_wiz_0_0
    BUFGCTRL_X0Y18       BUFG (Prop_bufg_I_O)         0.091    20.000 r  design_1_i/clk_wiz_0/inst/clkout1_buf/O
                         net (fo=9913, routed)        1.783    21.783    design_1_i/top_0/inst/MiniMIPS32_Lite_FullSyS0/cpu_core/ifid_reg0/clk
    SLICE_X105Y146       FDRE                                         r  design_1_i/top_0/inst/MiniMIPS32_Lite_FullSyS0/cpu_core/ifid_reg0/id_inst_reg[26]/C
                         clock pessimism              0.122    21.905    
                         clock uncertainty           -0.084    21.821    
    SLICE_X105Y146       FDRE (Setup_fdre_C_R)       -0.429    21.392    design_1_i/top_0/inst/MiniMIPS32_Lite_FullSyS0/cpu_core/ifid_reg0/id_inst_reg[26]
  -------------------------------------------------------------------
                         required time                         21.392    
                         arrival time                         -20.100    
  -------------------------------------------------------------------
                         slack                                  1.293    

Slack (MET) :             1.293ns  (required time - arrival time)
  Source:                 design_1_i/top_0/inst/MiniMIPS32_Lite_FullSyS0/cpu_core/exemem_reg0/mem_wd_reg[15]/C
                            (rising edge-triggered cell FDRE clocked by clk_out1_design_1_clk_wiz_0_0  {rise@0.000ns fall@10.000ns period=20.000ns})
  Destination:            design_1_i/top_0/inst/MiniMIPS32_Lite_FullSyS0/cpu_core/ifid_reg0/id_inst_reg[30]/R
                            (rising edge-triggered cell FDRE clocked by clk_out1_design_1_clk_wiz_0_0  {rise@0.000ns fall@10.000ns period=20.000ns})
  Path Group:             clk_out1_design_1_clk_wiz_0_0
  Path Type:              Setup (Max at Slow Process Corner)
  Requirement:            20.000ns  (clk_out1_design_1_clk_wiz_0_0 rise@20.000ns - clk_out1_design_1_clk_wiz_0_0 rise@0.000ns)
  Data Path Delay:        18.205ns  (logic 3.025ns (16.617%)  route 15.180ns (83.383%))
  Logic Levels:           15  (CARRY4=3 LUT3=1 LUT5=4 LUT6=7)
  Clock Path Skew:        0.010ns (DCD - SCD + CPR)
    Destination Clock Delay (DCD):    1.783ns = ( 21.783 - 20.000 ) 
    Source Clock Delay      (SCD):    1.895ns
    Clock Pessimism Removal (CPR):    0.122ns
  Clock Uncertainty:      0.084ns  ((TSJ^2 + DJ^2)^1/2) / 2 + PE
    Total System Jitter     (TSJ):    0.071ns
    Discrete Jitter          (DJ):    0.152ns
    Phase Error              (PE):    0.000ns

    Location             Delay type                Incr(ns)  Path(ns)    Netlist Resource(s)
  -------------------------------------------------------------------    -------------------
                         (clock clk_out1_design_1_clk_wiz_0_0 rise edge)
                                                      0.000     0.000 r  
    BUFGCTRL_X0Y16       BUFG                         0.000     0.000 r  design_1_i/cg_fpga_0/inst/processing_system7_0/inst/buffer_fclk_clk_0.FCLK_CLK_0_BUFG/O
                         net (fo=7383, routed)        1.980     1.980    design_1_i/clk_wiz_0/inst/clk_in1
    MMCME2_ADV_X1Y2      MMCME2_ADV (Prop_mmcme2_adv_CLKIN1_CLKOUT0)
                                                     -4.287    -2.307 r  design_1_i/clk_wiz_0/inst/mmcm_adv_inst/CLKOUT0
                         net (fo=1, routed)           2.206    -0.101    design_1_i/clk_wiz_0/inst/clk_out1_design_1_clk_wiz_0_0
    BUFGCTRL_X0Y18       BUFG (Prop_bufg_I_O)         0.101    -0.000 r  design_1_i/clk_wiz_0/inst/clkout1_buf/O
                         net (fo=9913, routed)        1.895     1.895    design_1_i/top_0/inst/MiniMIPS32_Lite_FullSyS0/cpu_core/exemem_reg0/clk
    SLICE_X67Y130        FDRE                                         r  design_1_i/top_0/inst/MiniMIPS32_Lite_FullSyS0/cpu_core/exemem_reg0/mem_wd_reg[15]/C
  -------------------------------------------------------------------    -------------------
    SLICE_X67Y130        FDRE (Prop_fdre_C_Q)         0.456     2.351 f  design_1_i/top_0/inst/MiniMIPS32_Lite_FullSyS0/cpu_core/exemem_reg0/mem_wd_reg[15]/Q
                         net (fo=104, routed)         2.749     5.100    design_1_i/top_0/inst/MiniMIPS32_Lite_FullSyS0/inst_rom_data/U0/synth_options.dist_mem_inst/gen_rom.rom_inst/a[13]
    SLICE_X107Y92        LUT5 (Prop_lut5_I0_O)        0.124     5.224 r  design_1_i/top_0/inst/MiniMIPS32_Lite_FullSyS0/inst_rom_data/U0/synth_options.dist_mem_inst/gen_rom.rom_inst/spo[6]_INST_0_i_2/O
                         net (fo=63, routed)          1.564     6.788    design_1_i/top_0/inst/MiniMIPS32_Lite_FullSyS0/inst_rom_data/U0/synth_options.dist_mem_inst/gen_rom.rom_inst/spo[6]_INST_0_i_2_n_0
    SLICE_X106Y109       LUT5 (Prop_lut5_I4_O)        0.124     6.912 r  design_1_i/top_0/inst/MiniMIPS32_Lite_FullSyS0/inst_rom_data/U0/synth_options.dist_mem_inst/gen_rom.rom_inst/spo[5]_INST_0_i_18/O
                         net (fo=2, routed)           1.388     8.299    design_1_i/top_0/inst/MiniMIPS32_Lite_FullSyS0/inst_rom_data/U0/synth_options.dist_mem_inst/gen_rom.rom_inst/spo[5]_INST_0_i_18_n_0
    SLICE_X110Y86        LUT6 (Prop_lut6_I0_O)        0.124     8.423 r  design_1_i/top_0/inst/MiniMIPS32_Lite_FullSyS0/inst_rom_data/U0/synth_options.dist_mem_inst/gen_rom.rom_inst/spo[5]_INST_0_i_11/O
                         net (fo=1, routed)           0.718     9.141    design_1_i/top_0/inst/MiniMIPS32_Lite_FullSyS0/inst_rom_data/U0/synth_options.dist_mem_inst/gen_rom.rom_inst/spo[5]_INST_0_i_11_n_0
    SLICE_X109Y86        LUT6 (Prop_lut6_I5_O)        0.124     9.265 r  design_1_i/top_0/inst/MiniMIPS32_Lite_FullSyS0/inst_rom_data/U0/synth_options.dist_mem_inst/gen_rom.rom_inst/spo[5]_INST_0_i_3/O
                         net (fo=1, routed)           0.805    10.071    design_1_i/top_0/inst/MiniMIPS32_Lite_FullSyS0/inst_rom_data/U0/synth_options.dist_mem_inst/gen_rom.rom_inst/spo[5]_INST_0_i_3_n_0
    SLICE_X107Y94        LUT5 (Prop_lut5_I4_O)        0.124    10.195 r  design_1_i/top_0/inst/MiniMIPS32_Lite_FullSyS0/inst_rom_data/U0/synth_options.dist_mem_inst/gen_rom.rom_inst/spo[5]_INST_0/O
                         net (fo=2, routed)           2.124    12.319    design_1_i/top_0/inst/MiniMIPS32_Lite_FullSyS0/cpu_core/exemem_reg0/spo[5]
    SLICE_X85Y122        LUT3 (Prop_lut3_I2_O)        0.124    12.443 f  design_1_i/top_0/inst/MiniMIPS32_Lite_FullSyS0/cpu_core/exemem_reg0/exe_din[29]_i_11/O
                         net (fo=3, routed)           0.596    13.039    design_1_i/top_0/inst/MiniMIPS32_Lite_FullSyS0/cpu_core/exemem_reg0/exe_din[29]_i_11_n_0
    SLICE_X85Y126        LUT6 (Prop_lut6_I0_O)        0.124    13.163 f  design_1_i/top_0/inst/MiniMIPS32_Lite_FullSyS0/cpu_core/exemem_reg0/exe_din[5]_i_7/O
                         net (fo=1, routed)           0.793    13.957    design_1_i/top_0/inst/MiniMIPS32_Lite_FullSyS0/cpu_core/exemem_reg0/exe_din[5]_i_7_n_0
    SLICE_X87Y128        LUT6 (Prop_lut6_I1_O)        0.124    14.081 r  design_1_i/top_0/inst/MiniMIPS32_Lite_FullSyS0/cpu_core/exemem_reg0/exe_din[5]_i_3/O
                         net (fo=3, routed)           0.827    14.908    design_1_i/top_0/inst/MiniMIPS32_Lite_FullSyS0/cpu_core/exemem_reg0/D[5]
    SLICE_X88Y133        LUT5 (Prop_lut5_I2_O)        0.124    15.032 r  design_1_i/top_0/inst/MiniMIPS32_Lite_FullSyS0/cpu_core/exemem_reg0/exe_din[5]_i_1/O
                         net (fo=3, routed)           0.984    16.016    design_1_i/top_0/inst/MiniMIPS32_Lite_FullSyS0/cpu_core/exemem_reg0/rst_n_reg[5]
    SLICE_X84Y139        LUT6 (Prop_lut6_I0_O)        0.124    16.140 r  design_1_i/top_0/inst/MiniMIPS32_Lite_FullSyS0/cpu_core/exemem_reg0/branch_eq_carry_i_3/O
                         net (fo=1, routed)           0.000    16.140    design_1_i/top_0/inst/MiniMIPS32_Lite_FullSyS0/cpu_core/id_stage0/branch_eq_carry__0_0[1]
    SLICE_X84Y139        CARRY4 (Prop_carry4_S[1]_CO[3])
                                                      0.550    16.690 r  design_1_i/top_0/inst/MiniMIPS32_Lite_FullSyS0/cpu_core/id_stage0/branch_eq_carry/CO[3]
                         net (fo=1, routed)           0.000    16.690    design_1_i/top_0/inst/MiniMIPS32_Lite_FullSyS0/cpu_core/id_stage0/branch_eq_carry_n_0
    SLICE_X84Y140        CARRY4 (Prop_carry4_CI_CO[3])
                                                      0.114    16.804 r  design_1_i/top_0/inst/MiniMIPS32_Lite_FullSyS0/cpu_core/id_stage0/branch_eq_carry__0/CO[3]
                         net (fo=1, routed)           0.000    16.804    design_1_i/top_0/inst/MiniMIPS32_Lite_FullSyS0/cpu_core/id_stage0/branch_eq_carry__0_n_0
    SLICE_X84Y141        CARRY4 (Prop_carry4_CI_CO[2])
                                                      0.228    17.032 r  design_1_i/top_0/inst/MiniMIPS32_Lite_FullSyS0/cpu_core/id_stage0/branch_eq_carry__1/CO[2]
                         net (fo=2, routed)           0.703    17.735    design_1_i/top_0/inst/MiniMIPS32_Lite_FullSyS0/cpu_core/ifid_reg0/CO[0]
    SLICE_X87Y143        LUT6 (Prop_lut6_I0_O)        0.313    18.048 f  design_1_i/top_0/inst/MiniMIPS32_Lite_FullSyS0/cpu_core/ifid_reg0/id_inst[31]_i_2/O
                         net (fo=1, routed)           0.433    18.481    design_1_i/top_0/inst/MiniMIPS32_Lite_FullSyS0/cpu_core/ifid_reg0/id_inst[31]_i_2_n_0
    SLICE_X87Y143        LUT6 (Prop_lut6_I2_O)        0.124    18.605 r  design_1_i/top_0/inst/MiniMIPS32_Lite_FullSyS0/cpu_core/ifid_reg0/id_inst[31]_i_1/O
                         net (fo=51, routed)          1.495    20.100    design_1_i/top_0/inst/MiniMIPS32_Lite_FullSyS0/cpu_core/ifid_reg0/id_inst[31]_i_1_n_0
    SLICE_X105Y146       FDRE                                         r  design_1_i/top_0/inst/MiniMIPS32_Lite_FullSyS0/cpu_core/ifid_reg0/id_inst_reg[30]/R
  -------------------------------------------------------------------    -------------------

                         (clock clk_out1_design_1_clk_wiz_0_0 rise edge)
                                                     20.000    20.000 r  
    BUFGCTRL_X0Y16       BUFG                         0.000    20.000 r  design_1_i/cg_fpga_0/inst/processing_system7_0/inst/buffer_fclk_clk_0.FCLK_CLK_0_BUFG/O
                         net (fo=7383, routed)        1.770    21.770    design_1_i/clk_wiz_0/inst/clk_in1
    MMCME2_ADV_X1Y2      MMCME2_ADV (Prop_mmcme2_adv_CLKIN1_CLKOUT0)
                                                     -3.873    17.897 r  design_1_i/clk_wiz_0/inst/mmcm_adv_inst/CLKOUT0
                         net (fo=1, routed)           2.012    19.909    design_1_i/clk_wiz_0/inst/clk_out1_design_1_clk_wiz_0_0
    BUFGCTRL_X0Y18       BUFG (Prop_bufg_I_O)         0.091    20.000 r  design_1_i/clk_wiz_0/inst/clkout1_buf/O
                         net (fo=9913, routed)        1.783    21.783    design_1_i/top_0/inst/MiniMIPS32_Lite_FullSyS0/cpu_core/ifid_reg0/clk
    SLICE_X105Y146       FDRE                                         r  design_1_i/top_0/inst/MiniMIPS32_Lite_FullSyS0/cpu_core/ifid_reg0/id_inst_reg[30]/C
                         clock pessimism              0.122    21.905    
                         clock uncertainty           -0.084    21.821    
    SLICE_X105Y146       FDRE (Setup_fdre_C_R)       -0.429    21.392    design_1_i/top_0/inst/MiniMIPS32_Lite_FullSyS0/cpu_core/ifid_reg0/id_inst_reg[30]
  -------------------------------------------------------------------
                         required time                         21.392    
                         arrival time                         -20.100    
  -------------------------------------------------------------------
                         slack                                  1.293    

Slack (MET) :             1.410ns  (required time - arrival time)
  Source:                 design_1_i/top_0/inst/MiniMIPS32_Lite_FullSyS0/cpu_core/exemem_reg0/mem_wd_reg[15]/C
                            (rising edge-triggered cell FDRE clocked by clk_out1_design_1_clk_wiz_0_0  {rise@0.000ns fall@10.000ns period=20.000ns})
  Destination:            design_1_i/top_0/inst/MiniMIPS32_Lite_FullSyS0/cpu_core/ifid_reg0/id_inst_reg[25]/R
                            (rising edge-triggered cell FDRE clocked by clk_out1_design_1_clk_wiz_0_0  {rise@0.000ns fall@10.000ns period=20.000ns})
  Path Group:             clk_out1_design_1_clk_wiz_0_0
  Path Type:              Setup (Max at Slow Process Corner)
  Requirement:            20.000ns  (clk_out1_design_1_clk_wiz_0_0 rise@20.000ns - clk_out1_design_1_clk_wiz_0_0 rise@0.000ns)
  Data Path Delay:        18.161ns  (logic 3.025ns (16.657%)  route 15.136ns (83.343%))
  Logic Levels:           15  (CARRY4=3 LUT3=1 LUT5=4 LUT6=7)
  Clock Path Skew:        0.084ns (DCD - SCD + CPR)
    Destination Clock Delay (DCD):    1.857ns = ( 21.857 - 20.000 ) 
    Source Clock Delay      (SCD):    1.895ns
    Clock Pessimism Removal (CPR):    0.122ns
  Clock Uncertainty:      0.084ns  ((TSJ^2 + DJ^2)^1/2) / 2 + PE
    Total System Jitter     (TSJ):    0.071ns
    Discrete Jitter          (DJ):    0.152ns
    Phase Error              (PE):    0.000ns

    Location             Delay type                Incr(ns)  Path(ns)    Netlist Resource(s)
  -------------------------------------------------------------------    -------------------
                         (clock clk_out1_design_1_clk_wiz_0_0 rise edge)
                                                      0.000     0.000 r  
    BUFGCTRL_X0Y16       BUFG                         0.000     0.000 r  design_1_i/cg_fpga_0/inst/processing_system7_0/inst/buffer_fclk_clk_0.FCLK_CLK_0_BUFG/O
                         net (fo=7383, routed)        1.980     1.980    design_1_i/clk_wiz_0/inst/clk_in1
    MMCME2_ADV_X1Y2      MMCME2_ADV (Prop_mmcme2_adv_CLKIN1_CLKOUT0)
                                                     -4.287    -2.307 r  design_1_i/clk_wiz_0/inst/mmcm_adv_inst/CLKOUT0
                         net (fo=1, routed)           2.206    -0.101    design_1_i/clk_wiz_0/inst/clk_out1_design_1_clk_wiz_0_0
    BUFGCTRL_X0Y18       BUFG (Prop_bufg_I_O)         0.101    -0.000 r  design_1_i/clk_wiz_0/inst/clkout1_buf/O
                         net (fo=9913, routed)        1.895     1.895    design_1_i/top_0/inst/MiniMIPS32_Lite_FullSyS0/cpu_core/exemem_reg0/clk
    SLICE_X67Y130        FDRE                                         r  design_1_i/top_0/inst/MiniMIPS32_Lite_FullSyS0/cpu_core/exemem_reg0/mem_wd_reg[15]/C
  -------------------------------------------------------------------    -------------------
    SLICE_X67Y130        FDRE (Prop_fdre_C_Q)         0.456     2.351 f  design_1_i/top_0/inst/MiniMIPS32_Lite_FullSyS0/cpu_core/exemem_reg0/mem_wd_reg[15]/Q
                         net (fo=104, routed)         2.749     5.100    design_1_i/top_0/inst/MiniMIPS32_Lite_FullSyS0/inst_rom_data/U0/synth_options.dist_mem_inst/gen_rom.rom_inst/a[13]
    SLICE_X107Y92        LUT5 (Prop_lut5_I0_O)        0.124     5.224 r  design_1_i/top_0/inst/MiniMIPS32_Lite_FullSyS0/inst_rom_data/U0/synth_options.dist_mem_inst/gen_rom.rom_inst/spo[6]_INST_0_i_2/O
                         net (fo=63, routed)          1.564     6.788    design_1_i/top_0/inst/MiniMIPS32_Lite_FullSyS0/inst_rom_data/U0/synth_options.dist_mem_inst/gen_rom.rom_inst/spo[6]_INST_0_i_2_n_0
    SLICE_X106Y109       LUT5 (Prop_lut5_I4_O)        0.124     6.912 r  design_1_i/top_0/inst/MiniMIPS32_Lite_FullSyS0/inst_rom_data/U0/synth_options.dist_mem_inst/gen_rom.rom_inst/spo[5]_INST_0_i_18/O
                         net (fo=2, routed)           1.388     8.299    design_1_i/top_0/inst/MiniMIPS32_Lite_FullSyS0/inst_rom_data/U0/synth_options.dist_mem_inst/gen_rom.rom_inst/spo[5]_INST_0_i_18_n_0
    SLICE_X110Y86        LUT6 (Prop_lut6_I0_O)        0.124     8.423 r  design_1_i/top_0/inst/MiniMIPS32_Lite_FullSyS0/inst_rom_data/U0/synth_options.dist_mem_inst/gen_rom.rom_inst/spo[5]_INST_0_i_11/O
                         net (fo=1, routed)           0.718     9.141    design_1_i/top_0/inst/MiniMIPS32_Lite_FullSyS0/inst_rom_data/U0/synth_options.dist_mem_inst/gen_rom.rom_inst/spo[5]_INST_0_i_11_n_0
    SLICE_X109Y86        LUT6 (Prop_lut6_I5_O)        0.124     9.265 r  design_1_i/top_0/inst/MiniMIPS32_Lite_FullSyS0/inst_rom_data/U0/synth_options.dist_mem_inst/gen_rom.rom_inst/spo[5]_INST_0_i_3/O
                         net (fo=1, routed)           0.805    10.071    design_1_i/top_0/inst/MiniMIPS32_Lite_FullSyS0/inst_rom_data/U0/synth_options.dist_mem_inst/gen_rom.rom_inst/spo[5]_INST_0_i_3_n_0
    SLICE_X107Y94        LUT5 (Prop_lut5_I4_O)        0.124    10.195 r  design_1_i/top_0/inst/MiniMIPS32_Lite_FullSyS0/inst_rom_data/U0/synth_options.dist_mem_inst/gen_rom.rom_inst/spo[5]_INST_0/O
                         net (fo=2, routed)           2.124    12.319    design_1_i/top_0/inst/MiniMIPS32_Lite_FullSyS0/cpu_core/exemem_reg0/spo[5]
    SLICE_X85Y122        LUT3 (Prop_lut3_I2_O)        0.124    12.443 f  design_1_i/top_0/inst/MiniMIPS32_Lite_FullSyS0/cpu_core/exemem_reg0/exe_din[29]_i_11/O
                         net (fo=3, routed)           0.596    13.039    design_1_i/top_0/inst/MiniMIPS32_Lite_FullSyS0/cpu_core/exemem_reg0/exe_din[29]_i_11_n_0
    SLICE_X85Y126        LUT6 (Prop_lut6_I0_O)        0.124    13.163 f  design_1_i/top_0/inst/MiniMIPS32_Lite_FullSyS0/cpu_core/exemem_reg0/exe_din[5]_i_7/O
                         net (fo=1, routed)           0.793    13.957    design_1_i/top_0/inst/MiniMIPS32_Lite_FullSyS0/cpu_core/exemem_reg0/exe_din[5]_i_7_n_0
    SLICE_X87Y128        LUT6 (Prop_lut6_I1_O)        0.124    14.081 r  design_1_i/top_0/inst/MiniMIPS32_Lite_FullSyS0/cpu_core/exemem_reg0/exe_din[5]_i_3/O
                         net (fo=3, routed)           0.827    14.908    design_1_i/top_0/inst/MiniMIPS32_Lite_FullSyS0/cpu_core/exemem_reg0/D[5]
    SLICE_X88Y133        LUT5 (Prop_lut5_I2_O)        0.124    15.032 r  design_1_i/top_0/inst/MiniMIPS32_Lite_FullSyS0/cpu_core/exemem_reg0/exe_din[5]_i_1/O
                         net (fo=3, routed)           0.984    16.016    design_1_i/top_0/inst/MiniMIPS32_Lite_FullSyS0/cpu_core/exemem_reg0/rst_n_reg[5]
    SLICE_X84Y139        LUT6 (Prop_lut6_I0_O)        0.124    16.140 r  design_1_i/top_0/inst/MiniMIPS32_Lite_FullSyS0/cpu_core/exemem_reg0/branch_eq_carry_i_3/O
                         net (fo=1, routed)           0.000    16.140    design_1_i/top_0/inst/MiniMIPS32_Lite_FullSyS0/cpu_core/id_stage0/branch_eq_carry__0_0[1]
    SLICE_X84Y139        CARRY4 (Prop_carry4_S[1]_CO[3])
                                                      0.550    16.690 r  design_1_i/top_0/inst/MiniMIPS32_Lite_FullSyS0/cpu_core/id_stage0/branch_eq_carry/CO[3]
                         net (fo=1, routed)           0.000    16.690    design_1_i/top_0/inst/MiniMIPS32_Lite_FullSyS0/cpu_core/id_stage0/branch_eq_carry_n_0
    SLICE_X84Y140        CARRY4 (Prop_carry4_CI_CO[3])
                                                      0.114    16.804 r  design_1_i/top_0/inst/MiniMIPS32_Lite_FullSyS0/cpu_core/id_stage0/branch_eq_carry__0/CO[3]
                         net (fo=1, routed)           0.000    16.804    design_1_i/top_0/inst/MiniMIPS32_Lite_FullSyS0/cpu_core/id_stage0/branch_eq_carry__0_n_0
    SLICE_X84Y141        CARRY4 (Prop_carry4_CI_CO[2])
                                                      0.228    17.032 r  design_1_i/top_0/inst/MiniMIPS32_Lite_FullSyS0/cpu_core/id_stage0/branch_eq_carry__1/CO[2]
                         net (fo=2, routed)           0.703    17.735    design_1_i/top_0/inst/MiniMIPS32_Lite_FullSyS0/cpu_core/ifid_reg0/CO[0]
    SLICE_X87Y143        LUT6 (Prop_lut6_I0_O)        0.313    18.048 f  design_1_i/top_0/inst/MiniMIPS32_Lite_FullSyS0/cpu_core/ifid_reg0/id_inst[31]_i_2/O
                         net (fo=1, routed)           0.433    18.481    design_1_i/top_0/inst/MiniMIPS32_Lite_FullSyS0/cpu_core/ifid_reg0/id_inst[31]_i_2_n_0
    SLICE_X87Y143        LUT6 (Prop_lut6_I2_O)        0.124    18.605 r  design_1_i/top_0/inst/MiniMIPS32_Lite_FullSyS0/cpu_core/ifid_reg0/id_inst[31]_i_1/O
                         net (fo=51, routed)          1.451    20.056    design_1_i/top_0/inst/MiniMIPS32_Lite_FullSyS0/cpu_core/ifid_reg0/id_inst[31]_i_1_n_0
    SLICE_X106Y145       FDRE                                         r  design_1_i/top_0/inst/MiniMIPS32_Lite_FullSyS0/cpu_core/ifid_reg0/id_inst_reg[25]/R
  -------------------------------------------------------------------    -------------------

                         (clock clk_out1_design_1_clk_wiz_0_0 rise edge)
                                                     20.000    20.000 r  
    BUFGCTRL_X0Y16       BUFG                         0.000    20.000 r  design_1_i/cg_fpga_0/inst/processing_system7_0/inst/buffer_fclk_clk_0.FCLK_CLK_0_BUFG/O
                         net (fo=7383, routed)        1.770    21.770    design_1_i/clk_wiz_0/inst/clk_in1
    MMCME2_ADV_X1Y2      MMCME2_ADV (Prop_mmcme2_adv_CLKIN1_CLKOUT0)
                                                     -3.873    17.897 r  design_1_i/clk_wiz_0/inst/mmcm_adv_inst/CLKOUT0
                         net (fo=1, routed)           2.012    19.909    design_1_i/clk_wiz_0/inst/clk_out1_design_1_clk_wiz_0_0
    BUFGCTRL_X0Y18       BUFG (Prop_bufg_I_O)         0.091    20.000 r  design_1_i/clk_wiz_0/inst/clkout1_buf/O
                         net (fo=9913, routed)        1.857    21.857    design_1_i/top_0/inst/MiniMIPS32_Lite_FullSyS0/cpu_core/ifid_reg0/clk
    SLICE_X106Y145       FDRE                                         r  design_1_i/top_0/inst/MiniMIPS32_Lite_FullSyS0/cpu_core/ifid_reg0/id_inst_reg[25]/C
                         clock pessimism              0.122    21.979    
                         clock uncertainty           -0.084    21.895    
    SLICE_X106Y145       FDRE (Setup_fdre_C_R)       -0.429    21.466    design_1_i/top_0/inst/MiniMIPS32_Lite_FullSyS0/cpu_core/ifid_reg0/id_inst_reg[25]
  -------------------------------------------------------------------
                         required time                         21.466    
                         arrival time                         -20.056    
  -------------------------------------------------------------------
                         slack                                  1.410    

Slack (MET) :             1.568ns  (required time - arrival time)
  Source:                 design_1_i/top_0/inst/MiniMIPS32_Lite_FullSyS0/cpu_core/exemem_reg0/mem_wd_reg[15]/C
                            (rising edge-triggered cell FDRE clocked by clk_out1_design_1_clk_wiz_0_0  {rise@0.000ns fall@10.000ns period=20.000ns})
  Destination:            design_1_i/top_0/inst/MiniMIPS32_Lite_FullSyS0/cpu_core/ifid_reg0/id_inst_reg[2]/R
                            (rising edge-triggered cell FDRE clocked by clk_out1_design_1_clk_wiz_0_0  {rise@0.000ns fall@10.000ns period=20.000ns})
  Path Group:             clk_out1_design_1_clk_wiz_0_0
  Path Type:              Setup (Max at Slow Process Corner)
  Requirement:            20.000ns  (clk_out1_design_1_clk_wiz_0_0 rise@20.000ns - clk_out1_design_1_clk_wiz_0_0 rise@0.000ns)
  Data Path Delay:        18.004ns  (logic 3.025ns (16.802%)  route 14.979ns (83.198%))
  Logic Levels:           15  (CARRY4=3 LUT3=1 LUT5=4 LUT6=7)
  Clock Path Skew:        0.084ns (DCD - SCD + CPR)
    Destination Clock Delay (DCD):    1.857ns = ( 21.857 - 20.000 ) 
    Source Clock Delay      (SCD):    1.895ns
    Clock Pessimism Removal (CPR):    0.122ns
  Clock Uncertainty:      0.084ns  ((TSJ^2 + DJ^2)^1/2) / 2 + PE
    Total System Jitter     (TSJ):    0.071ns
    Discrete Jitter          (DJ):    0.152ns
    Phase Error              (PE):    0.000ns

    Location             Delay type                Incr(ns)  Path(ns)    Netlist Resource(s)
  -------------------------------------------------------------------    -------------------
                         (clock clk_out1_design_1_clk_wiz_0_0 rise edge)
                                                      0.000     0.000 r  
    BUFGCTRL_X0Y16       BUFG                         0.000     0.000 r  design_1_i/cg_fpga_0/inst/processing_system7_0/inst/buffer_fclk_clk_0.FCLK_CLK_0_BUFG/O
                         net (fo=7383, routed)        1.980     1.980    design_1_i/clk_wiz_0/inst/clk_in1
    MMCME2_ADV_X1Y2      MMCME2_ADV (Prop_mmcme2_adv_CLKIN1_CLKOUT0)
                                                     -4.287    -2.307 r  design_1_i/clk_wiz_0/inst/mmcm_adv_inst/CLKOUT0
                         net (fo=1, routed)           2.206    -0.101    design_1_i/clk_wiz_0/inst/clk_out1_design_1_clk_wiz_0_0
    BUFGCTRL_X0Y18       BUFG (Prop_bufg_I_O)         0.101    -0.000 r  design_1_i/clk_wiz_0/inst/clkout1_buf/O
                         net (fo=9913, routed)        1.895     1.895    design_1_i/top_0/inst/MiniMIPS32_Lite_FullSyS0/cpu_core/exemem_reg0/clk
    SLICE_X67Y130        FDRE                                         r  design_1_i/top_0/inst/MiniMIPS32_Lite_FullSyS0/cpu_core/exemem_reg0/mem_wd_reg[15]/C
  -------------------------------------------------------------------    -------------------
    SLICE_X67Y130        FDRE (Prop_fdre_C_Q)         0.456     2.351 f  design_1_i/top_0/inst/MiniMIPS32_Lite_FullSyS0/cpu_core/exemem_reg0/mem_wd_reg[15]/Q
                         net (fo=104, routed)         2.749     5.100    design_1_i/top_0/inst/MiniMIPS32_Lite_FullSyS0/inst_rom_data/U0/synth_options.dist_mem_inst/gen_rom.rom_inst/a[13]
    SLICE_X107Y92        LUT5 (Prop_lut5_I0_O)        0.124     5.224 r  design_1_i/top_0/inst/MiniMIPS32_Lite_FullSyS0/inst_rom_data/U0/synth_options.dist_mem_inst/gen_rom.rom_inst/spo[6]_INST_0_i_2/O
                         net (fo=63, routed)          1.564     6.788    design_1_i/top_0/inst/MiniMIPS32_Lite_FullSyS0/inst_rom_data/U0/synth_options.dist_mem_inst/gen_rom.rom_inst/spo[6]_INST_0_i_2_n_0
    SLICE_X106Y109       LUT5 (Prop_lut5_I4_O)        0.124     6.912 r  design_1_i/top_0/inst/MiniMIPS32_Lite_FullSyS0/inst_rom_data/U0/synth_options.dist_mem_inst/gen_rom.rom_inst/spo[5]_INST_0_i_18/O
                         net (fo=2, routed)           1.388     8.299    design_1_i/top_0/inst/MiniMIPS32_Lite_FullSyS0/inst_rom_data/U0/synth_options.dist_mem_inst/gen_rom.rom_inst/spo[5]_INST_0_i_18_n_0
    SLICE_X110Y86        LUT6 (Prop_lut6_I0_O)        0.124     8.423 r  design_1_i/top_0/inst/MiniMIPS32_Lite_FullSyS0/inst_rom_data/U0/synth_options.dist_mem_inst/gen_rom.rom_inst/spo[5]_INST_0_i_11/O
                         net (fo=1, routed)           0.718     9.141    design_1_i/top_0/inst/MiniMIPS32_Lite_FullSyS0/inst_rom_data/U0/synth_options.dist_mem_inst/gen_rom.rom_inst/spo[5]_INST_0_i_11_n_0
    SLICE_X109Y86        LUT6 (Prop_lut6_I5_O)        0.124     9.265 r  design_1_i/top_0/inst/MiniMIPS32_Lite_FullSyS0/inst_rom_data/U0/synth_options.dist_mem_inst/gen_rom.rom_inst/spo[5]_INST_0_i_3/O
                         net (fo=1, routed)           0.805    10.071    design_1_i/top_0/inst/MiniMIPS32_Lite_FullSyS0/inst_rom_data/U0/synth_options.dist_mem_inst/gen_rom.rom_inst/spo[5]_INST_0_i_3_n_0
    SLICE_X107Y94        LUT5 (Prop_lut5_I4_O)        0.124    10.195 r  design_1_i/top_0/inst/MiniMIPS32_Lite_FullSyS0/inst_rom_data/U0/synth_options.dist_mem_inst/gen_rom.rom_inst/spo[5]_INST_0/O
                         net (fo=2, routed)           2.124    12.319    design_1_i/top_0/inst/MiniMIPS32_Lite_FullSyS0/cpu_core/exemem_reg0/spo[5]
    SLICE_X85Y122        LUT3 (Prop_lut3_I2_O)        0.124    12.443 f  design_1_i/top_0/inst/MiniMIPS32_Lite_FullSyS0/cpu_core/exemem_reg0/exe_din[29]_i_11/O
                         net (fo=3, routed)           0.596    13.039    design_1_i/top_0/inst/MiniMIPS32_Lite_FullSyS0/cpu_core/exemem_reg0/exe_din[29]_i_11_n_0
    SLICE_X85Y126        LUT6 (Prop_lut6_I0_O)        0.124    13.163 f  design_1_i/top_0/inst/MiniMIPS32_Lite_FullSyS0/cpu_core/exemem_reg0/exe_din[5]_i_7/O
                         net (fo=1, routed)           0.793    13.957    design_1_i/top_0/inst/MiniMIPS32_Lite_FullSyS0/cpu_core/exemem_reg0/exe_din[5]_i_7_n_0
    SLICE_X87Y128        LUT6 (Prop_lut6_I1_O)        0.124    14.081 r  design_1_i/top_0/inst/MiniMIPS32_Lite_FullSyS0/cpu_core/exemem_reg0/exe_din[5]_i_3/O
                         net (fo=3, routed)           0.827    14.908    design_1_i/top_0/inst/MiniMIPS32_Lite_FullSyS0/cpu_core/exemem_reg0/D[5]
    SLICE_X88Y133        LUT5 (Prop_lut5_I2_O)        0.124    15.032 r  design_1_i/top_0/inst/MiniMIPS32_Lite_FullSyS0/cpu_core/exemem_reg0/exe_din[5]_i_1/O
                         net (fo=3, routed)           0.984    16.016    design_1_i/top_0/inst/MiniMIPS32_Lite_FullSyS0/cpu_core/exemem_reg0/rst_n_reg[5]
    SLICE_X84Y139        LUT6 (Prop_lut6_I0_O)        0.124    16.140 r  design_1_i/top_0/inst/MiniMIPS32_Lite_FullSyS0/cpu_core/exemem_reg0/branch_eq_carry_i_3/O
                         net (fo=1, routed)           0.000    16.140    design_1_i/top_0/inst/MiniMIPS32_Lite_FullSyS0/cpu_core/id_stage0/branch_eq_carry__0_0[1]
    SLICE_X84Y139        CARRY4 (Prop_carry4_S[1]_CO[3])
                                                      0.550    16.690 r  design_1_i/top_0/inst/MiniMIPS32_Lite_FullSyS0/cpu_core/id_stage0/branch_eq_carry/CO[3]
                         net (fo=1, routed)           0.000    16.690    design_1_i/top_0/inst/MiniMIPS32_Lite_FullSyS0/cpu_core/id_stage0/branch_eq_carry_n_0
    SLICE_X84Y140        CARRY4 (Prop_carry4_CI_CO[3])
                                                      0.114    16.804 r  design_1_i/top_0/inst/MiniMIPS32_Lite_FullSyS0/cpu_core/id_stage0/branch_eq_carry__0/CO[3]
                         net (fo=1, routed)           0.000    16.804    design_1_i/top_0/inst/MiniMIPS32_Lite_FullSyS0/cpu_core/id_stage0/branch_eq_carry__0_n_0
    SLICE_X84Y141        CARRY4 (Prop_carry4_CI_CO[2])
                                                      0.228    17.032 r  design_1_i/top_0/inst/MiniMIPS32_Lite_FullSyS0/cpu_core/id_stage0/branch_eq_carry__1/CO[2]
                         net (fo=2, routed)           0.703    17.735    design_1_i/top_0/inst/MiniMIPS32_Lite_FullSyS0/cpu_core/ifid_reg0/CO[0]
    SLICE_X87Y143        LUT6 (Prop_lut6_I0_O)        0.313    18.048 f  design_1_i/top_0/inst/MiniMIPS32_Lite_FullSyS0/cpu_core/ifid_reg0/id_inst[31]_i_2/O
                         net (fo=1, routed)           0.433    18.481    design_1_i/top_0/inst/MiniMIPS32_Lite_FullSyS0/cpu_core/ifid_reg0/id_inst[31]_i_2_n_0
    SLICE_X87Y143        LUT6 (Prop_lut6_I2_O)        0.124    18.605 r  design_1_i/top_0/inst/MiniMIPS32_Lite_FullSyS0/cpu_core/ifid_reg0/id_inst[31]_i_1/O
                         net (fo=51, routed)          1.294    19.899    design_1_i/top_0/inst/MiniMIPS32_Lite_FullSyS0/cpu_core/ifid_reg0/id_inst[31]_i_1_n_0
    SLICE_X107Y143       FDRE                                         r  design_1_i/top_0/inst/MiniMIPS32_Lite_FullSyS0/cpu_core/ifid_reg0/id_inst_reg[2]/R
  -------------------------------------------------------------------    -------------------

                         (clock clk_out1_design_1_clk_wiz_0_0 rise edge)
                                                     20.000    20.000 r  
    BUFGCTRL_X0Y16       BUFG                         0.000    20.000 r  design_1_i/cg_fpga_0/inst/processing_system7_0/inst/buffer_fclk_clk_0.FCLK_CLK_0_BUFG/O
                         net (fo=7383, routed)        1.770    21.770    design_1_i/clk_wiz_0/inst/clk_in1
    MMCME2_ADV_X1Y2      MMCME2_ADV (Prop_mmcme2_adv_CLKIN1_CLKOUT0)
                                                     -3.873    17.897 r  design_1_i/clk_wiz_0/inst/mmcm_adv_inst/CLKOUT0
                         net (fo=1, routed)           2.012    19.909    design_1_i/clk_wiz_0/inst/clk_out1_design_1_clk_wiz_0_0
    BUFGCTRL_X0Y18       BUFG (Prop_bufg_I_O)         0.091    20.000 r  design_1_i/clk_wiz_0/inst/clkout1_buf/O
                         net (fo=9913, routed)        1.857    21.857    design_1_i/top_0/inst/MiniMIPS32_Lite_FullSyS0/cpu_core/ifid_reg0/clk
    SLICE_X107Y143       FDRE                                         r  design_1_i/top_0/inst/MiniMIPS32_Lite_FullSyS0/cpu_core/ifid_reg0/id_inst_reg[2]/C
                         clock pessimism              0.122    21.979    
                         clock uncertainty           -0.084    21.895    
    SLICE_X107Y143       FDRE (Setup_fdre_C_R)       -0.429    21.466    design_1_i/top_0/inst/MiniMIPS32_Lite_FullSyS0/cpu_core/ifid_reg0/id_inst_reg[2]
  -------------------------------------------------------------------
                         required time                         21.466    
                         arrival time                         -19.899    
  -------------------------------------------------------------------
                         slack                                  1.568    

Slack (MET) :             1.568ns  (required time - arrival time)
  Source:                 design_1_i/top_0/inst/MiniMIPS32_Lite_FullSyS0/cpu_core/exemem_reg0/mem_wd_reg[15]/C
                            (rising edge-triggered cell FDRE clocked by clk_out1_design_1_clk_wiz_0_0  {rise@0.000ns fall@10.000ns period=20.000ns})
  Destination:            design_1_i/top_0/inst/MiniMIPS32_Lite_FullSyS0/cpu_core/ifid_reg0/id_inst_reg[4]/R
                            (rising edge-triggered cell FDRE clocked by clk_out1_design_1_clk_wiz_0_0  {rise@0.000ns fall@10.000ns period=20.000ns})
  Path Group:             clk_out1_design_1_clk_wiz_0_0
  Path Type:              Setup (Max at Slow Process Corner)
  Requirement:            20.000ns  (clk_out1_design_1_clk_wiz_0_0 rise@20.000ns - clk_out1_design_1_clk_wiz_0_0 rise@0.000ns)
  Data Path Delay:        18.004ns  (logic 3.025ns (16.802%)  route 14.979ns (83.198%))
  Logic Levels:           15  (CARRY4=3 LUT3=1 LUT5=4 LUT6=7)
  Clock Path Skew:        0.084ns (DCD - SCD + CPR)
    Destination Clock Delay (DCD):    1.857ns = ( 21.857 - 20.000 ) 
    Source Clock Delay      (SCD):    1.895ns
    Clock Pessimism Removal (CPR):    0.122ns
  Clock Uncertainty:      0.084ns  ((TSJ^2 + DJ^2)^1/2) / 2 + PE
    Total System Jitter     (TSJ):    0.071ns
    Discrete Jitter          (DJ):    0.152ns
    Phase Error              (PE):    0.000ns

    Location             Delay type                Incr(ns)  Path(ns)    Netlist Resource(s)
  -------------------------------------------------------------------    -------------------
                         (clock clk_out1_design_1_clk_wiz_0_0 rise edge)
                                                      0.000     0.000 r  
    BUFGCTRL_X0Y16       BUFG                         0.000     0.000 r  design_1_i/cg_fpga_0/inst/processing_system7_0/inst/buffer_fclk_clk_0.FCLK_CLK_0_BUFG/O
                         net (fo=7383, routed)        1.980     1.980    design_1_i/clk_wiz_0/inst/clk_in1
    MMCME2_ADV_X1Y2      MMCME2_ADV (Prop_mmcme2_adv_CLKIN1_CLKOUT0)
                                                     -4.287    -2.307 r  design_1_i/clk_wiz_0/inst/mmcm_adv_inst/CLKOUT0
                         net (fo=1, routed)           2.206    -0.101    design_1_i/clk_wiz_0/inst/clk_out1_design_1_clk_wiz_0_0
    BUFGCTRL_X0Y18       BUFG (Prop_bufg_I_O)         0.101    -0.000 r  design_1_i/clk_wiz_0/inst/clkout1_buf/O
                         net (fo=9913, routed)        1.895     1.895    design_1_i/top_0/inst/MiniMIPS32_Lite_FullSyS0/cpu_core/exemem_reg0/clk
    SLICE_X67Y130        FDRE                                         r  design_1_i/top_0/inst/MiniMIPS32_Lite_FullSyS0/cpu_core/exemem_reg0/mem_wd_reg[15]/C
  -------------------------------------------------------------------    -------------------
    SLICE_X67Y130        FDRE (Prop_fdre_C_Q)         0.456     2.351 f  design_1_i/top_0/inst/MiniMIPS32_Lite_FullSyS0/cpu_core/exemem_reg0/mem_wd_reg[15]/Q
                         net (fo=104, routed)         2.749     5.100    design_1_i/top_0/inst/MiniMIPS32_Lite_FullSyS0/inst_rom_data/U0/synth_options.dist_mem_inst/gen_rom.rom_inst/a[13]
    SLICE_X107Y92        LUT5 (Prop_lut5_I0_O)        0.124     5.224 r  design_1_i/top_0/inst/MiniMIPS32_Lite_FullSyS0/inst_rom_data/U0/synth_options.dist_mem_inst/gen_rom.rom_inst/spo[6]_INST_0_i_2/O
                         net (fo=63, routed)          1.564     6.788    design_1_i/top_0/inst/MiniMIPS32_Lite_FullSyS0/inst_rom_data/U0/synth_options.dist_mem_inst/gen_rom.rom_inst/spo[6]_INST_0_i_2_n_0
    SLICE_X106Y109       LUT5 (Prop_lut5_I4_O)        0.124     6.912 r  design_1_i/top_0/inst/MiniMIPS32_Lite_FullSyS0/inst_rom_data/U0/synth_options.dist_mem_inst/gen_rom.rom_inst/spo[5]_INST_0_i_18/O
                         net (fo=2, routed)           1.388     8.299    design_1_i/top_0/inst/MiniMIPS32_Lite_FullSyS0/inst_rom_data/U0/synth_options.dist_mem_inst/gen_rom.rom_inst/spo[5]_INST_0_i_18_n_0
    SLICE_X110Y86        LUT6 (Prop_lut6_I0_O)        0.124     8.423 r  design_1_i/top_0/inst/MiniMIPS32_Lite_FullSyS0/inst_rom_data/U0/synth_options.dist_mem_inst/gen_rom.rom_inst/spo[5]_INST_0_i_11/O
                         net (fo=1, routed)           0.718     9.141    design_1_i/top_0/inst/MiniMIPS32_Lite_FullSyS0/inst_rom_data/U0/synth_options.dist_mem_inst/gen_rom.rom_inst/spo[5]_INST_0_i_11_n_0
    SLICE_X109Y86        LUT6 (Prop_lut6_I5_O)        0.124     9.265 r  design_1_i/top_0/inst/MiniMIPS32_Lite_FullSyS0/inst_rom_data/U0/synth_options.dist_mem_inst/gen_rom.rom_inst/spo[5]_INST_0_i_3/O
                         net (fo=1, routed)           0.805    10.071    design_1_i/top_0/inst/MiniMIPS32_Lite_FullSyS0/inst_rom_data/U0/synth_options.dist_mem_inst/gen_rom.rom_inst/spo[5]_INST_0_i_3_n_0
    SLICE_X107Y94        LUT5 (Prop_lut5_I4_O)        0.124    10.195 r  design_1_i/top_0/inst/MiniMIPS32_Lite_FullSyS0/inst_rom_data/U0/synth_options.dist_mem_inst/gen_rom.rom_inst/spo[5]_INST_0/O
                         net (fo=2, routed)           2.124    12.319    design_1_i/top_0/inst/MiniMIPS32_Lite_FullSyS0/cpu_core/exemem_reg0/spo[5]
    SLICE_X85Y122        LUT3 (Prop_lut3_I2_O)        0.124    12.443 f  design_1_i/top_0/inst/MiniMIPS32_Lite_FullSyS0/cpu_core/exemem_reg0/exe_din[29]_i_11/O
                         net (fo=3, routed)           0.596    13.039    design_1_i/top_0/inst/MiniMIPS32_Lite_FullSyS0/cpu_core/exemem_reg0/exe_din[29]_i_11_n_0
    SLICE_X85Y126        LUT6 (Prop_lut6_I0_O)        0.124    13.163 f  design_1_i/top_0/inst/MiniMIPS32_Lite_FullSyS0/cpu_core/exemem_reg0/exe_din[5]_i_7/O
                         net (fo=1, routed)           0.793    13.957    design_1_i/top_0/inst/MiniMIPS32_Lite_FullSyS0/cpu_core/exemem_reg0/exe_din[5]_i_7_n_0
    SLICE_X87Y128        LUT6 (Prop_lut6_I1_O)        0.124    14.081 r  design_1_i/top_0/inst/MiniMIPS32_Lite_FullSyS0/cpu_core/exemem_reg0/exe_din[5]_i_3/O
                         net (fo=3, routed)           0.827    14.908    design_1_i/top_0/inst/MiniMIPS32_Lite_FullSyS0/cpu_core/exemem_reg0/D[5]
    SLICE_X88Y133        LUT5 (Prop_lut5_I2_O)        0.124    15.032 r  design_1_i/top_0/inst/MiniMIPS32_Lite_FullSyS0/cpu_core/exemem_reg0/exe_din[5]_i_1/O
                         net (fo=3, routed)           0.984    16.016    design_1_i/top_0/inst/MiniMIPS32_Lite_FullSyS0/cpu_core/exemem_reg0/rst_n_reg[5]
    SLICE_X84Y139        LUT6 (Prop_lut6_I0_O)        0.124    16.140 r  design_1_i/top_0/inst/MiniMIPS32_Lite_FullSyS0/cpu_core/exemem_reg0/branch_eq_carry_i_3/O
                         net (fo=1, routed)           0.000    16.140    design_1_i/top_0/inst/MiniMIPS32_Lite_FullSyS0/cpu_core/id_stage0/branch_eq_carry__0_0[1]
    SLICE_X84Y139        CARRY4 (Prop_carry4_S[1]_CO[3])
                                                      0.550    16.690 r  design_1_i/top_0/inst/MiniMIPS32_Lite_FullSyS0/cpu_core/id_stage0/branch_eq_carry/CO[3]
                         net (fo=1, routed)           0.000    16.690    design_1_i/top_0/inst/MiniMIPS32_Lite_FullSyS0/cpu_core/id_stage0/branch_eq_carry_n_0
    SLICE_X84Y140        CARRY4 (Prop_carry4_CI_CO[3])
                                                      0.114    16.804 r  design_1_i/top_0/inst/MiniMIPS32_Lite_FullSyS0/cpu_core/id_stage0/branch_eq_carry__0/CO[3]
                         net (fo=1, routed)           0.000    16.804    design_1_i/top_0/inst/MiniMIPS32_Lite_FullSyS0/cpu_core/id_stage0/branch_eq_carry__0_n_0
    SLICE_X84Y141        CARRY4 (Prop_carry4_CI_CO[2])
                                                      0.228    17.032 r  design_1_i/top_0/inst/MiniMIPS32_Lite_FullSyS0/cpu_core/id_stage0/branch_eq_carry__1/CO[2]
                         net (fo=2, routed)           0.703    17.735    design_1_i/top_0/inst/MiniMIPS32_Lite_FullSyS0/cpu_core/ifid_reg0/CO[0]
    SLICE_X87Y143        LUT6 (Prop_lut6_I0_O)        0.313    18.048 f  design_1_i/top_0/inst/MiniMIPS32_Lite_FullSyS0/cpu_core/ifid_reg0/id_inst[31]_i_2/O
                         net (fo=1, routed)           0.433    18.481    design_1_i/top_0/inst/MiniMIPS32_Lite_FullSyS0/cpu_core/ifid_reg0/id_inst[31]_i_2_n_0
    SLICE_X87Y143        LUT6 (Prop_lut6_I2_O)        0.124    18.605 r  design_1_i/top_0/inst/MiniMIPS32_Lite_FullSyS0/cpu_core/ifid_reg0/id_inst[31]_i_1/O
                         net (fo=51, routed)          1.294    19.899    design_1_i/top_0/inst/MiniMIPS32_Lite_FullSyS0/cpu_core/ifid_reg0/id_inst[31]_i_1_n_0
    SLICE_X107Y143       FDRE                                         r  design_1_i/top_0/inst/MiniMIPS32_Lite_FullSyS0/cpu_core/ifid_reg0/id_inst_reg[4]/R
  -------------------------------------------------------------------    -------------------

                         (clock clk_out1_design_1_clk_wiz_0_0 rise edge)
                                                     20.000    20.000 r  
    BUFGCTRL_X0Y16       BUFG                         0.000    20.000 r  design_1_i/cg_fpga_0/inst/processing_system7_0/inst/buffer_fclk_clk_0.FCLK_CLK_0_BUFG/O
                         net (fo=7383, routed)        1.770    21.770    design_1_i/clk_wiz_0/inst/clk_in1
    MMCME2_ADV_X1Y2      MMCME2_ADV (Prop_mmcme2_adv_CLKIN1_CLKOUT0)
                                                     -3.873    17.897 r  design_1_i/clk_wiz_0/inst/mmcm_adv_inst/CLKOUT0
                         net (fo=1, routed)           2.012    19.909    design_1_i/clk_wiz_0/inst/clk_out1_design_1_clk_wiz_0_0
    BUFGCTRL_X0Y18       BUFG (Prop_bufg_I_O)         0.091    20.000 r  design_1_i/clk_wiz_0/inst/clkout1_buf/O
                         net (fo=9913, routed)        1.857    21.857    design_1_i/top_0/inst/MiniMIPS32_Lite_FullSyS0/cpu_core/ifid_reg0/clk
    SLICE_X107Y143       FDRE                                         r  design_1_i/top_0/inst/MiniMIPS32_Lite_FullSyS0/cpu_core/ifid_reg0/id_inst_reg[4]/C
                         clock pessimism              0.122    21.979    
                         clock uncertainty           -0.084    21.895    
    SLICE_X107Y143       FDRE (Setup_fdre_C_R)       -0.429    21.466    design_1_i/top_0/inst/MiniMIPS32_Lite_FullSyS0/cpu_core/ifid_reg0/id_inst_reg[4]
  -------------------------------------------------------------------
                         required time                         21.466    
                         arrival time                         -19.899    
  -------------------------------------------------------------------
                         slack                                  1.568    

Slack (MET) :             1.568ns  (required time - arrival time)
  Source:                 design_1_i/top_0/inst/MiniMIPS32_Lite_FullSyS0/cpu_core/exemem_reg0/mem_wd_reg[15]/C
                            (rising edge-triggered cell FDRE clocked by clk_out1_design_1_clk_wiz_0_0  {rise@0.000ns fall@10.000ns period=20.000ns})
  Destination:            design_1_i/top_0/inst/MiniMIPS32_Lite_FullSyS0/cpu_core/ifid_reg0/id_inst_reg[8]/R
                            (rising edge-triggered cell FDRE clocked by clk_out1_design_1_clk_wiz_0_0  {rise@0.000ns fall@10.000ns period=20.000ns})
  Path Group:             clk_out1_design_1_clk_wiz_0_0
  Path Type:              Setup (Max at Slow Process Corner)
  Requirement:            20.000ns  (clk_out1_design_1_clk_wiz_0_0 rise@20.000ns - clk_out1_design_1_clk_wiz_0_0 rise@0.000ns)
  Data Path Delay:        18.004ns  (logic 3.025ns (16.802%)  route 14.979ns (83.198%))
  Logic Levels:           15  (CARRY4=3 LUT3=1 LUT5=4 LUT6=7)
  Clock Path Skew:        0.084ns (DCD - SCD + CPR)
    Destination Clock Delay (DCD):    1.857ns = ( 21.857 - 20.000 ) 
    Source Clock Delay      (SCD):    1.895ns
    Clock Pessimism Removal (CPR):    0.122ns
  Clock Uncertainty:      0.084ns  ((TSJ^2 + DJ^2)^1/2) / 2 + PE
    Total System Jitter     (TSJ):    0.071ns
    Discrete Jitter          (DJ):    0.152ns
    Phase Error              (PE):    0.000ns

    Location             Delay type                Incr(ns)  Path(ns)    Netlist Resource(s)
  -------------------------------------------------------------------    -------------------
                         (clock clk_out1_design_1_clk_wiz_0_0 rise edge)
                                                      0.000     0.000 r  
    BUFGCTRL_X0Y16       BUFG                         0.000     0.000 r  design_1_i/cg_fpga_0/inst/processing_system7_0/inst/buffer_fclk_clk_0.FCLK_CLK_0_BUFG/O
                         net (fo=7383, routed)        1.980     1.980    design_1_i/clk_wiz_0/inst/clk_in1
    MMCME2_ADV_X1Y2      MMCME2_ADV (Prop_mmcme2_adv_CLKIN1_CLKOUT0)
                                                     -4.287    -2.307 r  design_1_i/clk_wiz_0/inst/mmcm_adv_inst/CLKOUT0
                         net (fo=1, routed)           2.206    -0.101    design_1_i/clk_wiz_0/inst/clk_out1_design_1_clk_wiz_0_0
    BUFGCTRL_X0Y18       BUFG (Prop_bufg_I_O)         0.101    -0.000 r  design_1_i/clk_wiz_0/inst/clkout1_buf/O
                         net (fo=9913, routed)        1.895     1.895    design_1_i/top_0/inst/MiniMIPS32_Lite_FullSyS0/cpu_core/exemem_reg0/clk
    SLICE_X67Y130        FDRE                                         r  design_1_i/top_0/inst/MiniMIPS32_Lite_FullSyS0/cpu_core/exemem_reg0/mem_wd_reg[15]/C
  -------------------------------------------------------------------    -------------------
    SLICE_X67Y130        FDRE (Prop_fdre_C_Q)         0.456     2.351 f  design_1_i/top_0/inst/MiniMIPS32_Lite_FullSyS0/cpu_core/exemem_reg0/mem_wd_reg[15]/Q
                         net (fo=104, routed)         2.749     5.100    design_1_i/top_0/inst/MiniMIPS32_Lite_FullSyS0/inst_rom_data/U0/synth_options.dist_mem_inst/gen_rom.rom_inst/a[13]
    SLICE_X107Y92        LUT5 (Prop_lut5_I0_O)        0.124     5.224 r  design_1_i/top_0/inst/MiniMIPS32_Lite_FullSyS0/inst_rom_data/U0/synth_options.dist_mem_inst/gen_rom.rom_inst/spo[6]_INST_0_i_2/O
                         net (fo=63, routed)          1.564     6.788    design_1_i/top_0/inst/MiniMIPS32_Lite_FullSyS0/inst_rom_data/U0/synth_options.dist_mem_inst/gen_rom.rom_inst/spo[6]_INST_0_i_2_n_0
    SLICE_X106Y109       LUT5 (Prop_lut5_I4_O)        0.124     6.912 r  design_1_i/top_0/inst/MiniMIPS32_Lite_FullSyS0/inst_rom_data/U0/synth_options.dist_mem_inst/gen_rom.rom_inst/spo[5]_INST_0_i_18/O
                         net (fo=2, routed)           1.388     8.299    design_1_i/top_0/inst/MiniMIPS32_Lite_FullSyS0/inst_rom_data/U0/synth_options.dist_mem_inst/gen_rom.rom_inst/spo[5]_INST_0_i_18_n_0
    SLICE_X110Y86        LUT6 (Prop_lut6_I0_O)        0.124     8.423 r  design_1_i/top_0/inst/MiniMIPS32_Lite_FullSyS0/inst_rom_data/U0/synth_options.dist_mem_inst/gen_rom.rom_inst/spo[5]_INST_0_i_11/O
                         net (fo=1, routed)           0.718     9.141    design_1_i/top_0/inst/MiniMIPS32_Lite_FullSyS0/inst_rom_data/U0/synth_options.dist_mem_inst/gen_rom.rom_inst/spo[5]_INST_0_i_11_n_0
    SLICE_X109Y86        LUT6 (Prop_lut6_I5_O)        0.124     9.265 r  design_1_i/top_0/inst/MiniMIPS32_Lite_FullSyS0/inst_rom_data/U0/synth_options.dist_mem_inst/gen_rom.rom_inst/spo[5]_INST_0_i_3/O
                         net (fo=1, routed)           0.805    10.071    design_1_i/top_0/inst/MiniMIPS32_Lite_FullSyS0/inst_rom_data/U0/synth_options.dist_mem_inst/gen_rom.rom_inst/spo[5]_INST_0_i_3_n_0
    SLICE_X107Y94        LUT5 (Prop_lut5_I4_O)        0.124    10.195 r  design_1_i/top_0/inst/MiniMIPS32_Lite_FullSyS0/inst_rom_data/U0/synth_options.dist_mem_inst/gen_rom.rom_inst/spo[5]_INST_0/O
                         net (fo=2, routed)           2.124    12.319    design_1_i/top_0/inst/MiniMIPS32_Lite_FullSyS0/cpu_core/exemem_reg0/spo[5]
    SLICE_X85Y122        LUT3 (Prop_lut3_I2_O)        0.124    12.443 f  design_1_i/top_0/inst/MiniMIPS32_Lite_FullSyS0/cpu_core/exemem_reg0/exe_din[29]_i_11/O
                         net (fo=3, routed)           0.596    13.039    design_1_i/top_0/inst/MiniMIPS32_Lite_FullSyS0/cpu_core/exemem_reg0/exe_din[29]_i_11_n_0
    SLICE_X85Y126        LUT6 (Prop_lut6_I0_O)        0.124    13.163 f  design_1_i/top_0/inst/MiniMIPS32_Lite_FullSyS0/cpu_core/exemem_reg0/exe_din[5]_i_7/O
                         net (fo=1, routed)           0.793    13.957    design_1_i/top_0/inst/MiniMIPS32_Lite_FullSyS0/cpu_core/exemem_reg0/exe_din[5]_i_7_n_0
    SLICE_X87Y128        LUT6 (Prop_lut6_I1_O)        0.124    14.081 r  design_1_i/top_0/inst/MiniMIPS32_Lite_FullSyS0/cpu_core/exemem_reg0/exe_din[5]_i_3/O
                         net (fo=3, routed)           0.827    14.908    design_1_i/top_0/inst/MiniMIPS32_Lite_FullSyS0/cpu_core/exemem_reg0/D[5]
    SLICE_X88Y133        LUT5 (Prop_lut5_I2_O)        0.124    15.032 r  design_1_i/top_0/inst/MiniMIPS32_Lite_FullSyS0/cpu_core/exemem_reg0/exe_din[5]_i_1/O
                         net (fo=3, routed)           0.984    16.016    design_1_i/top_0/inst/MiniMIPS32_Lite_FullSyS0/cpu_core/exemem_reg0/rst_n_reg[5]
    SLICE_X84Y139        LUT6 (Prop_lut6_I0_O)        0.124    16.140 r  design_1_i/top_0/inst/MiniMIPS32_Lite_FullSyS0/cpu_core/exemem_reg0/branch_eq_carry_i_3/O
                         net (fo=1, routed)           0.000    16.140    design_1_i/top_0/inst/MiniMIPS32_Lite_FullSyS0/cpu_core/id_stage0/branch_eq_carry__0_0[1]
    SLICE_X84Y139        CARRY4 (Prop_carry4_S[1]_CO[3])
                                                      0.550    16.690 r  design_1_i/top_0/inst/MiniMIPS32_Lite_FullSyS0/cpu_core/id_stage0/branch_eq_carry/CO[3]
                         net (fo=1, routed)           0.000    16.690    design_1_i/top_0/inst/MiniMIPS32_Lite_FullSyS0/cpu_core/id_stage0/branch_eq_carry_n_0
    SLICE_X84Y140        CARRY4 (Prop_carry4_CI_CO[3])
                                                      0.114    16.804 r  design_1_i/top_0/inst/MiniMIPS32_Lite_FullSyS0/cpu_core/id_stage0/branch_eq_carry__0/CO[3]
                         net (fo=1, routed)           0.000    16.804    design_1_i/top_0/inst/MiniMIPS32_Lite_FullSyS0/cpu_core/id_stage0/branch_eq_carry__0_n_0
    SLICE_X84Y141        CARRY4 (Prop_carry4_CI_CO[2])
                                                      0.228    17.032 r  design_1_i/top_0/inst/MiniMIPS32_Lite_FullSyS0/cpu_core/id_stage0/branch_eq_carry__1/CO[2]
                         net (fo=2, routed)           0.703    17.735    design_1_i/top_0/inst/MiniMIPS32_Lite_FullSyS0/cpu_core/ifid_reg0/CO[0]
    SLICE_X87Y143        LUT6 (Prop_lut6_I0_O)        0.313    18.048 f  design_1_i/top_0/inst/MiniMIPS32_Lite_FullSyS0/cpu_core/ifid_reg0/id_inst[31]_i_2/O
                         net (fo=1, routed)           0.433    18.481    design_1_i/top_0/inst/MiniMIPS32_Lite_FullSyS0/cpu_core/ifid_reg0/id_inst[31]_i_2_n_0
    SLICE_X87Y143        LUT6 (Prop_lut6_I2_O)        0.124    18.605 r  design_1_i/top_0/inst/MiniMIPS32_Lite_FullSyS0/cpu_core/ifid_reg0/id_inst[31]_i_1/O
                         net (fo=51, routed)          1.294    19.899    design_1_i/top_0/inst/MiniMIPS32_Lite_FullSyS0/cpu_core/ifid_reg0/id_inst[31]_i_1_n_0
    SLICE_X107Y143       FDRE                                         r  design_1_i/top_0/inst/MiniMIPS32_Lite_FullSyS0/cpu_core/ifid_reg0/id_inst_reg[8]/R
  -------------------------------------------------------------------    -------------------

                         (clock clk_out1_design_1_clk_wiz_0_0 rise edge)
                                                     20.000    20.000 r  
    BUFGCTRL_X0Y16       BUFG                         0.000    20.000 r  design_1_i/cg_fpga_0/inst/processing_system7_0/inst/buffer_fclk_clk_0.FCLK_CLK_0_BUFG/O
                         net (fo=7383, routed)        1.770    21.770    design_1_i/clk_wiz_0/inst/clk_in1
    MMCME2_ADV_X1Y2      MMCME2_ADV (Prop_mmcme2_adv_CLKIN1_CLKOUT0)
                                                     -3.873    17.897 r  design_1_i/clk_wiz_0/inst/mmcm_adv_inst/CLKOUT0
                         net (fo=1, routed)           2.012    19.909    design_1_i/clk_wiz_0/inst/clk_out1_design_1_clk_wiz_0_0
    BUFGCTRL_X0Y18       BUFG (Prop_bufg_I_O)         0.091    20.000 r  design_1_i/clk_wiz_0/inst/clkout1_buf/O
                         net (fo=9913, routed)        1.857    21.857    design_1_i/top_0/inst/MiniMIPS32_Lite_FullSyS0/cpu_core/ifid_reg0/clk
    SLICE_X107Y143       FDRE                                         r  design_1_i/top_0/inst/MiniMIPS32_Lite_FullSyS0/cpu_core/ifid_reg0/id_inst_reg[8]/C
                         clock pessimism              0.122    21.979    
                         clock uncertainty           -0.084    21.895    
    SLICE_X107Y143       FDRE (Setup_fdre_C_R)       -0.429    21.466    design_1_i/top_0/inst/MiniMIPS32_Lite_FullSyS0/cpu_core/ifid_reg0/id_inst_reg[8]
  -------------------------------------------------------------------
                         required time                         21.466    
                         arrival time                         -19.899    
  -------------------------------------------------------------------
                         slack                                  1.568    

Slack (MET) :             1.571ns  (required time - arrival time)
  Source:                 design_1_i/top_0/inst/MiniMIPS32_Lite_FullSyS0/cpu_core/exemem_reg0/mem_wd_reg[15]/C
                            (rising edge-triggered cell FDRE clocked by clk_out1_design_1_clk_wiz_0_0  {rise@0.000ns fall@10.000ns period=20.000ns})
  Destination:            design_1_i/top_0/inst/MiniMIPS32_Lite_FullSyS0/cpu_core/ifid_reg0/id_inst_reg[18]/R
                            (rising edge-triggered cell FDRE clocked by clk_out1_design_1_clk_wiz_0_0  {rise@0.000ns fall@10.000ns period=20.000ns})
  Path Group:             clk_out1_design_1_clk_wiz_0_0
  Path Type:              Setup (Max at Slow Process Corner)
  Requirement:            20.000ns  (clk_out1_design_1_clk_wiz_0_0 rise@20.000ns - clk_out1_design_1_clk_wiz_0_0 rise@0.000ns)
  Data Path Delay:        17.927ns  (logic 3.025ns (16.874%)  route 14.902ns (83.126%))
  Logic Levels:           15  (CARRY4=3 LUT3=1 LUT5=4 LUT6=7)
  Clock Path Skew:        0.010ns (DCD - SCD + CPR)
    Destination Clock Delay (DCD):    1.783ns = ( 21.783 - 20.000 ) 
    Source Clock Delay      (SCD):    1.895ns
    Clock Pessimism Removal (CPR):    0.122ns
  Clock Uncertainty:      0.084ns  ((TSJ^2 + DJ^2)^1/2) / 2 + PE
    Total System Jitter     (TSJ):    0.071ns
    Discrete Jitter          (DJ):    0.152ns
    Phase Error              (PE):    0.000ns

    Location             Delay type                Incr(ns)  Path(ns)    Netlist Resource(s)
  -------------------------------------------------------------------    -------------------
                         (clock clk_out1_design_1_clk_wiz_0_0 rise edge)
                                                      0.000     0.000 r  
    BUFGCTRL_X0Y16       BUFG                         0.000     0.000 r  design_1_i/cg_fpga_0/inst/processing_system7_0/inst/buffer_fclk_clk_0.FCLK_CLK_0_BUFG/O
                         net (fo=7383, routed)        1.980     1.980    design_1_i/clk_wiz_0/inst/clk_in1
    MMCME2_ADV_X1Y2      MMCME2_ADV (Prop_mmcme2_adv_CLKIN1_CLKOUT0)
                                                     -4.287    -2.307 r  design_1_i/clk_wiz_0/inst/mmcm_adv_inst/CLKOUT0
                         net (fo=1, routed)           2.206    -0.101    design_1_i/clk_wiz_0/inst/clk_out1_design_1_clk_wiz_0_0
    BUFGCTRL_X0Y18       BUFG (Prop_bufg_I_O)         0.101    -0.000 r  design_1_i/clk_wiz_0/inst/clkout1_buf/O
                         net (fo=9913, routed)        1.895     1.895    design_1_i/top_0/inst/MiniMIPS32_Lite_FullSyS0/cpu_core/exemem_reg0/clk
    SLICE_X67Y130        FDRE                                         r  design_1_i/top_0/inst/MiniMIPS32_Lite_FullSyS0/cpu_core/exemem_reg0/mem_wd_reg[15]/C
  -------------------------------------------------------------------    -------------------
    SLICE_X67Y130        FDRE (Prop_fdre_C_Q)         0.456     2.351 f  design_1_i/top_0/inst/MiniMIPS32_Lite_FullSyS0/cpu_core/exemem_reg0/mem_wd_reg[15]/Q
                         net (fo=104, routed)         2.749     5.100    design_1_i/top_0/inst/MiniMIPS32_Lite_FullSyS0/inst_rom_data/U0/synth_options.dist_mem_inst/gen_rom.rom_inst/a[13]
    SLICE_X107Y92        LUT5 (Prop_lut5_I0_O)        0.124     5.224 r  design_1_i/top_0/inst/MiniMIPS32_Lite_FullSyS0/inst_rom_data/U0/synth_options.dist_mem_inst/gen_rom.rom_inst/spo[6]_INST_0_i_2/O
                         net (fo=63, routed)          1.564     6.788    design_1_i/top_0/inst/MiniMIPS32_Lite_FullSyS0/inst_rom_data/U0/synth_options.dist_mem_inst/gen_rom.rom_inst/spo[6]_INST_0_i_2_n_0
    SLICE_X106Y109       LUT5 (Prop_lut5_I4_O)        0.124     6.912 r  design_1_i/top_0/inst/MiniMIPS32_Lite_FullSyS0/inst_rom_data/U0/synth_options.dist_mem_inst/gen_rom.rom_inst/spo[5]_INST_0_i_18/O
                         net (fo=2, routed)           1.388     8.299    design_1_i/top_0/inst/MiniMIPS32_Lite_FullSyS0/inst_rom_data/U0/synth_options.dist_mem_inst/gen_rom.rom_inst/spo[5]_INST_0_i_18_n_0
    SLICE_X110Y86        LUT6 (Prop_lut6_I0_O)        0.124     8.423 r  design_1_i/top_0/inst/MiniMIPS32_Lite_FullSyS0/inst_rom_data/U0/synth_options.dist_mem_inst/gen_rom.rom_inst/spo[5]_INST_0_i_11/O
                         net (fo=1, routed)           0.718     9.141    design_1_i/top_0/inst/MiniMIPS32_Lite_FullSyS0/inst_rom_data/U0/synth_options.dist_mem_inst/gen_rom.rom_inst/spo[5]_INST_0_i_11_n_0
    SLICE_X109Y86        LUT6 (Prop_lut6_I5_O)        0.124     9.265 r  design_1_i/top_0/inst/MiniMIPS32_Lite_FullSyS0/inst_rom_data/U0/synth_options.dist_mem_inst/gen_rom.rom_inst/spo[5]_INST_0_i_3/O
                         net (fo=1, routed)           0.805    10.071    design_1_i/top_0/inst/MiniMIPS32_Lite_FullSyS0/inst_rom_data/U0/synth_options.dist_mem_inst/gen_rom.rom_inst/spo[5]_INST_0_i_3_n_0
    SLICE_X107Y94        LUT5 (Prop_lut5_I4_O)        0.124    10.195 r  design_1_i/top_0/inst/MiniMIPS32_Lite_FullSyS0/inst_rom_data/U0/synth_options.dist_mem_inst/gen_rom.rom_inst/spo[5]_INST_0/O
                         net (fo=2, routed)           2.124    12.319    design_1_i/top_0/inst/MiniMIPS32_Lite_FullSyS0/cpu_core/exemem_reg0/spo[5]
    SLICE_X85Y122        LUT3 (Prop_lut3_I2_O)        0.124    12.443 f  design_1_i/top_0/inst/MiniMIPS32_Lite_FullSyS0/cpu_core/exemem_reg0/exe_din[29]_i_11/O
                         net (fo=3, routed)           0.596    13.039    design_1_i/top_0/inst/MiniMIPS32_Lite_FullSyS0/cpu_core/exemem_reg0/exe_din[29]_i_11_n_0
    SLICE_X85Y126        LUT6 (Prop_lut6_I0_O)        0.124    13.163 f  design_1_i/top_0/inst/MiniMIPS32_Lite_FullSyS0/cpu_core/exemem_reg0/exe_din[5]_i_7/O
                         net (fo=1, routed)           0.793    13.957    design_1_i/top_0/inst/MiniMIPS32_Lite_FullSyS0/cpu_core/exemem_reg0/exe_din[5]_i_7_n_0
    SLICE_X87Y128        LUT6 (Prop_lut6_I1_O)        0.124    14.081 r  design_1_i/top_0/inst/MiniMIPS32_Lite_FullSyS0/cpu_core/exemem_reg0/exe_din[5]_i_3/O
                         net (fo=3, routed)           0.827    14.908    design_1_i/top_0/inst/MiniMIPS32_Lite_FullSyS0/cpu_core/exemem_reg0/D[5]
    SLICE_X88Y133        LUT5 (Prop_lut5_I2_O)        0.124    15.032 r  design_1_i/top_0/inst/MiniMIPS32_Lite_FullSyS0/cpu_core/exemem_reg0/exe_din[5]_i_1/O
                         net (fo=3, routed)           0.984    16.016    design_1_i/top_0/inst/MiniMIPS32_Lite_FullSyS0/cpu_core/exemem_reg0/rst_n_reg[5]
    SLICE_X84Y139        LUT6 (Prop_lut6_I0_O)        0.124    16.140 r  design_1_i/top_0/inst/MiniMIPS32_Lite_FullSyS0/cpu_core/exemem_reg0/branch_eq_carry_i_3/O
                         net (fo=1, routed)           0.000    16.140    design_1_i/top_0/inst/MiniMIPS32_Lite_FullSyS0/cpu_core/id_stage0/branch_eq_carry__0_0[1]
    SLICE_X84Y139        CARRY4 (Prop_carry4_S[1]_CO[3])
                                                      0.550    16.690 r  design_1_i/top_0/inst/MiniMIPS32_Lite_FullSyS0/cpu_core/id_stage0/branch_eq_carry/CO[3]
                         net (fo=1, routed)           0.000    16.690    design_1_i/top_0/inst/MiniMIPS32_Lite_FullSyS0/cpu_core/id_stage0/branch_eq_carry_n_0
    SLICE_X84Y140        CARRY4 (Prop_carry4_CI_CO[3])
                                                      0.114    16.804 r  design_1_i/top_0/inst/MiniMIPS32_Lite_FullSyS0/cpu_core/id_stage0/branch_eq_carry__0/CO[3]
                         net (fo=1, routed)           0.000    16.804    design_1_i/top_0/inst/MiniMIPS32_Lite_FullSyS0/cpu_core/id_stage0/branch_eq_carry__0_n_0
    SLICE_X84Y141        CARRY4 (Prop_carry4_CI_CO[2])
                                                      0.228    17.032 r  design_1_i/top_0/inst/MiniMIPS32_Lite_FullSyS0/cpu_core/id_stage0/branch_eq_carry__1/CO[2]
                         net (fo=2, routed)           0.703    17.735    design_1_i/top_0/inst/MiniMIPS32_Lite_FullSyS0/cpu_core/ifid_reg0/CO[0]
    SLICE_X87Y143        LUT6 (Prop_lut6_I0_O)        0.313    18.048 f  design_1_i/top_0/inst/MiniMIPS32_Lite_FullSyS0/cpu_core/ifid_reg0/id_inst[31]_i_2/O
                         net (fo=1, routed)           0.433    18.481    design_1_i/top_0/inst/MiniMIPS32_Lite_FullSyS0/cpu_core/ifid_reg0/id_inst[31]_i_2_n_0
    SLICE_X87Y143        LUT6 (Prop_lut6_I2_O)        0.124    18.605 r  design_1_i/top_0/inst/MiniMIPS32_Lite_FullSyS0/cpu_core/ifid_reg0/id_inst[31]_i_1/O
                         net (fo=51, routed)          1.217    19.822    design_1_i/top_0/inst/MiniMIPS32_Lite_FullSyS0/cpu_core/ifid_reg0/id_inst[31]_i_1_n_0
    SLICE_X101Y147       FDRE                                         r  design_1_i/top_0/inst/MiniMIPS32_Lite_FullSyS0/cpu_core/ifid_reg0/id_inst_reg[18]/R
  -------------------------------------------------------------------    -------------------

                         (clock clk_out1_design_1_clk_wiz_0_0 rise edge)
                                                     20.000    20.000 r  
    BUFGCTRL_X0Y16       BUFG                         0.000    20.000 r  design_1_i/cg_fpga_0/inst/processing_system7_0/inst/buffer_fclk_clk_0.FCLK_CLK_0_BUFG/O
                         net (fo=7383, routed)        1.770    21.770    design_1_i/clk_wiz_0/inst/clk_in1
    MMCME2_ADV_X1Y2      MMCME2_ADV (Prop_mmcme2_adv_CLKIN1_CLKOUT0)
                                                     -3.873    17.897 r  design_1_i/clk_wiz_0/inst/mmcm_adv_inst/CLKOUT0
                         net (fo=1, routed)           2.012    19.909    design_1_i/clk_wiz_0/inst/clk_out1_design_1_clk_wiz_0_0
    BUFGCTRL_X0Y18       BUFG (Prop_bufg_I_O)         0.091    20.000 r  design_1_i/clk_wiz_0/inst/clkout1_buf/O
                         net (fo=9913, routed)        1.783    21.783    design_1_i/top_0/inst/MiniMIPS32_Lite_FullSyS0/cpu_core/ifid_reg0/clk
    SLICE_X101Y147       FDRE                                         r  design_1_i/top_0/inst/MiniMIPS32_Lite_FullSyS0/cpu_core/ifid_reg0/id_inst_reg[18]/C
                         clock pessimism              0.122    21.905    
                         clock uncertainty           -0.084    21.821    
    SLICE_X101Y147       FDRE (Setup_fdre_C_R)       -0.429    21.392    design_1_i/top_0/inst/MiniMIPS32_Lite_FullSyS0/cpu_core/ifid_reg0/id_inst_reg[18]
  -------------------------------------------------------------------
                         required time                         21.392    
                         arrival time                         -19.822    
  -------------------------------------------------------------------
                         slack                                  1.571    

Slack (MET) :             1.571ns  (required time - arrival time)
  Source:                 design_1_i/top_0/inst/MiniMIPS32_Lite_FullSyS0/cpu_core/exemem_reg0/mem_wd_reg[15]/C
                            (rising edge-triggered cell FDRE clocked by clk_out1_design_1_clk_wiz_0_0  {rise@0.000ns fall@10.000ns period=20.000ns})
  Destination:            design_1_i/top_0/inst/MiniMIPS32_Lite_FullSyS0/cpu_core/ifid_reg0/id_inst_reg[28]/R
                            (rising edge-triggered cell FDRE clocked by clk_out1_design_1_clk_wiz_0_0  {rise@0.000ns fall@10.000ns period=20.000ns})
  Path Group:             clk_out1_design_1_clk_wiz_0_0
  Path Type:              Setup (Max at Slow Process Corner)
  Requirement:            20.000ns  (clk_out1_design_1_clk_wiz_0_0 rise@20.000ns - clk_out1_design_1_clk_wiz_0_0 rise@0.000ns)
  Data Path Delay:        17.927ns  (logic 3.025ns (16.874%)  route 14.902ns (83.126%))
  Logic Levels:           15  (CARRY4=3 LUT3=1 LUT5=4 LUT6=7)
  Clock Path Skew:        0.010ns (DCD - SCD + CPR)
    Destination Clock Delay (DCD):    1.783ns = ( 21.783 - 20.000 ) 
    Source Clock Delay      (SCD):    1.895ns
    Clock Pessimism Removal (CPR):    0.122ns
  Clock Uncertainty:      0.084ns  ((TSJ^2 + DJ^2)^1/2) / 2 + PE
    Total System Jitter     (TSJ):    0.071ns
    Discrete Jitter          (DJ):    0.152ns
    Phase Error              (PE):    0.000ns

    Location             Delay type                Incr(ns)  Path(ns)    Netlist Resource(s)
  -------------------------------------------------------------------    -------------------
                         (clock clk_out1_design_1_clk_wiz_0_0 rise edge)
                                                      0.000     0.000 r  
    BUFGCTRL_X0Y16       BUFG                         0.000     0.000 r  design_1_i/cg_fpga_0/inst/processing_system7_0/inst/buffer_fclk_clk_0.FCLK_CLK_0_BUFG/O
                         net (fo=7383, routed)        1.980     1.980    design_1_i/clk_wiz_0/inst/clk_in1
    MMCME2_ADV_X1Y2      MMCME2_ADV (Prop_mmcme2_adv_CLKIN1_CLKOUT0)
                                                     -4.287    -2.307 r  design_1_i/clk_wiz_0/inst/mmcm_adv_inst/CLKOUT0
                         net (fo=1, routed)           2.206    -0.101    design_1_i/clk_wiz_0/inst/clk_out1_design_1_clk_wiz_0_0
    BUFGCTRL_X0Y18       BUFG (Prop_bufg_I_O)         0.101    -0.000 r  design_1_i/clk_wiz_0/inst/clkout1_buf/O
                         net (fo=9913, routed)        1.895     1.895    design_1_i/top_0/inst/MiniMIPS32_Lite_FullSyS0/cpu_core/exemem_reg0/clk
    SLICE_X67Y130        FDRE                                         r  design_1_i/top_0/inst/MiniMIPS32_Lite_FullSyS0/cpu_core/exemem_reg0/mem_wd_reg[15]/C
  -------------------------------------------------------------------    -------------------
    SLICE_X67Y130        FDRE (Prop_fdre_C_Q)         0.456     2.351 f  design_1_i/top_0/inst/MiniMIPS32_Lite_FullSyS0/cpu_core/exemem_reg0/mem_wd_reg[15]/Q
                         net (fo=104, routed)         2.749     5.100    design_1_i/top_0/inst/MiniMIPS32_Lite_FullSyS0/inst_rom_data/U0/synth_options.dist_mem_inst/gen_rom.rom_inst/a[13]
    SLICE_X107Y92        LUT5 (Prop_lut5_I0_O)        0.124     5.224 r  design_1_i/top_0/inst/MiniMIPS32_Lite_FullSyS0/inst_rom_data/U0/synth_options.dist_mem_inst/gen_rom.rom_inst/spo[6]_INST_0_i_2/O
                         net (fo=63, routed)          1.564     6.788    design_1_i/top_0/inst/MiniMIPS32_Lite_FullSyS0/inst_rom_data/U0/synth_options.dist_mem_inst/gen_rom.rom_inst/spo[6]_INST_0_i_2_n_0
    SLICE_X106Y109       LUT5 (Prop_lut5_I4_O)        0.124     6.912 r  design_1_i/top_0/inst/MiniMIPS32_Lite_FullSyS0/inst_rom_data/U0/synth_options.dist_mem_inst/gen_rom.rom_inst/spo[5]_INST_0_i_18/O
                         net (fo=2, routed)           1.388     8.299    design_1_i/top_0/inst/MiniMIPS32_Lite_FullSyS0/inst_rom_data/U0/synth_options.dist_mem_inst/gen_rom.rom_inst/spo[5]_INST_0_i_18_n_0
    SLICE_X110Y86        LUT6 (Prop_lut6_I0_O)        0.124     8.423 r  design_1_i/top_0/inst/MiniMIPS32_Lite_FullSyS0/inst_rom_data/U0/synth_options.dist_mem_inst/gen_rom.rom_inst/spo[5]_INST_0_i_11/O
                         net (fo=1, routed)           0.718     9.141    design_1_i/top_0/inst/MiniMIPS32_Lite_FullSyS0/inst_rom_data/U0/synth_options.dist_mem_inst/gen_rom.rom_inst/spo[5]_INST_0_i_11_n_0
    SLICE_X109Y86        LUT6 (Prop_lut6_I5_O)        0.124     9.265 r  design_1_i/top_0/inst/MiniMIPS32_Lite_FullSyS0/inst_rom_data/U0/synth_options.dist_mem_inst/gen_rom.rom_inst/spo[5]_INST_0_i_3/O
                         net (fo=1, routed)           0.805    10.071    design_1_i/top_0/inst/MiniMIPS32_Lite_FullSyS0/inst_rom_data/U0/synth_options.dist_mem_inst/gen_rom.rom_inst/spo[5]_INST_0_i_3_n_0
    SLICE_X107Y94        LUT5 (Prop_lut5_I4_O)        0.124    10.195 r  design_1_i/top_0/inst/MiniMIPS32_Lite_FullSyS0/inst_rom_data/U0/synth_options.dist_mem_inst/gen_rom.rom_inst/spo[5]_INST_0/O
                         net (fo=2, routed)           2.124    12.319    design_1_i/top_0/inst/MiniMIPS32_Lite_FullSyS0/cpu_core/exemem_reg0/spo[5]
    SLICE_X85Y122        LUT3 (Prop_lut3_I2_O)        0.124    12.443 f  design_1_i/top_0/inst/MiniMIPS32_Lite_FullSyS0/cpu_core/exemem_reg0/exe_din[29]_i_11/O
                         net (fo=3, routed)           0.596    13.039    design_1_i/top_0/inst/MiniMIPS32_Lite_FullSyS0/cpu_core/exemem_reg0/exe_din[29]_i_11_n_0
    SLICE_X85Y126        LUT6 (Prop_lut6_I0_O)        0.124    13.163 f  design_1_i/top_0/inst/MiniMIPS32_Lite_FullSyS0/cpu_core/exemem_reg0/exe_din[5]_i_7/O
                         net (fo=1, routed)           0.793    13.957    design_1_i/top_0/inst/MiniMIPS32_Lite_FullSyS0/cpu_core/exemem_reg0/exe_din[5]_i_7_n_0
    SLICE_X87Y128        LUT6 (Prop_lut6_I1_O)        0.124    14.081 r  design_1_i/top_0/inst/MiniMIPS32_Lite_FullSyS0/cpu_core/exemem_reg0/exe_din[5]_i_3/O
                         net (fo=3, routed)           0.827    14.908    design_1_i/top_0/inst/MiniMIPS32_Lite_FullSyS0/cpu_core/exemem_reg0/D[5]
    SLICE_X88Y133        LUT5 (Prop_lut5_I2_O)        0.124    15.032 r  design_1_i/top_0/inst/MiniMIPS32_Lite_FullSyS0/cpu_core/exemem_reg0/exe_din[5]_i_1/O
                         net (fo=3, routed)           0.984    16.016    design_1_i/top_0/inst/MiniMIPS32_Lite_FullSyS0/cpu_core/exemem_reg0/rst_n_reg[5]
    SLICE_X84Y139        LUT6 (Prop_lut6_I0_O)        0.124    16.140 r  design_1_i/top_0/inst/MiniMIPS32_Lite_FullSyS0/cpu_core/exemem_reg0/branch_eq_carry_i_3/O
                         net (fo=1, routed)           0.000    16.140    design_1_i/top_0/inst/MiniMIPS32_Lite_FullSyS0/cpu_core/id_stage0/branch_eq_carry__0_0[1]
    SLICE_X84Y139        CARRY4 (Prop_carry4_S[1]_CO[3])
                                                      0.550    16.690 r  design_1_i/top_0/inst/MiniMIPS32_Lite_FullSyS0/cpu_core/id_stage0/branch_eq_carry/CO[3]
                         net (fo=1, routed)           0.000    16.690    design_1_i/top_0/inst/MiniMIPS32_Lite_FullSyS0/cpu_core/id_stage0/branch_eq_carry_n_0
    SLICE_X84Y140        CARRY4 (Prop_carry4_CI_CO[3])
                                                      0.114    16.804 r  design_1_i/top_0/inst/MiniMIPS32_Lite_FullSyS0/cpu_core/id_stage0/branch_eq_carry__0/CO[3]
                         net (fo=1, routed)           0.000    16.804    design_1_i/top_0/inst/MiniMIPS32_Lite_FullSyS0/cpu_core/id_stage0/branch_eq_carry__0_n_0
    SLICE_X84Y141        CARRY4 (Prop_carry4_CI_CO[2])
                                                      0.228    17.032 r  design_1_i/top_0/inst/MiniMIPS32_Lite_FullSyS0/cpu_core/id_stage0/branch_eq_carry__1/CO[2]
                         net (fo=2, routed)           0.703    17.735    design_1_i/top_0/inst/MiniMIPS32_Lite_FullSyS0/cpu_core/ifid_reg0/CO[0]
    SLICE_X87Y143        LUT6 (Prop_lut6_I0_O)        0.313    18.048 f  design_1_i/top_0/inst/MiniMIPS32_Lite_FullSyS0/cpu_core/ifid_reg0/id_inst[31]_i_2/O
                         net (fo=1, routed)           0.433    18.481    design_1_i/top_0/inst/MiniMIPS32_Lite_FullSyS0/cpu_core/ifid_reg0/id_inst[31]_i_2_n_0
    SLICE_X87Y143        LUT6 (Prop_lut6_I2_O)        0.124    18.605 r  design_1_i/top_0/inst/MiniMIPS32_Lite_FullSyS0/cpu_core/ifid_reg0/id_inst[31]_i_1/O
                         net (fo=51, routed)          1.217    19.822    design_1_i/top_0/inst/MiniMIPS32_Lite_FullSyS0/cpu_core/ifid_reg0/id_inst[31]_i_1_n_0
    SLICE_X101Y147       FDRE                                         r  design_1_i/top_0/inst/MiniMIPS32_Lite_FullSyS0/cpu_core/ifid_reg0/id_inst_reg[28]/R
  -------------------------------------------------------------------    -------------------

                         (clock clk_out1_design_1_clk_wiz_0_0 rise edge)
                                                     20.000    20.000 r  
    BUFGCTRL_X0Y16       BUFG                         0.000    20.000 r  design_1_i/cg_fpga_0/inst/processing_system7_0/inst/buffer_fclk_clk_0.FCLK_CLK_0_BUFG/O
                         net (fo=7383, routed)        1.770    21.770    design_1_i/clk_wiz_0/inst/clk_in1
    MMCME2_ADV_X1Y2      MMCME2_ADV (Prop_mmcme2_adv_CLKIN1_CLKOUT0)
                                                     -3.873    17.897 r  design_1_i/clk_wiz_0/inst/mmcm_adv_inst/CLKOUT0
                         net (fo=1, routed)           2.012    19.909    design_1_i/clk_wiz_0/inst/clk_out1_design_1_clk_wiz_0_0
    BUFGCTRL_X0Y18       BUFG (Prop_bufg_I_O)         0.091    20.000 r  design_1_i/clk_wiz_0/inst/clkout1_buf/O
                         net (fo=9913, routed)        1.783    21.783    design_1_i/top_0/inst/MiniMIPS32_Lite_FullSyS0/cpu_core/ifid_reg0/clk
    SLICE_X101Y147       FDRE                                         r  design_1_i/top_0/inst/MiniMIPS32_Lite_FullSyS0/cpu_core/ifid_reg0/id_inst_reg[28]/C
                         clock pessimism              0.122    21.905    
                         clock uncertainty           -0.084    21.821    
    SLICE_X101Y147       FDRE (Setup_fdre_C_R)       -0.429    21.392    design_1_i/top_0/inst/MiniMIPS32_Lite_FullSyS0/cpu_core/ifid_reg0/id_inst_reg[28]
  -------------------------------------------------------------------
                         required time                         21.392    
                         arrival time                         -19.822    
  -------------------------------------------------------------------
                         slack                                  1.571    

Slack (MET) :             1.575ns  (required time - arrival time)
  Source:                 design_1_i/top_0/inst/MiniMIPS32_Lite_FullSyS0/cpu_core/exemem_reg0/mem_wd_reg[15]/C
                            (rising edge-triggered cell FDRE clocked by clk_out1_design_1_clk_wiz_0_0  {rise@0.000ns fall@10.000ns period=20.000ns})
  Destination:            design_1_i/top_0/inst/MiniMIPS32_Lite_FullSyS0/cpu_core/ifid_reg0/id_inst_reg[3]/R
                            (rising edge-triggered cell FDRE clocked by clk_out1_design_1_clk_wiz_0_0  {rise@0.000ns fall@10.000ns period=20.000ns})
  Path Group:             clk_out1_design_1_clk_wiz_0_0
  Path Type:              Setup (Max at Slow Process Corner)
  Requirement:            20.000ns  (clk_out1_design_1_clk_wiz_0_0 rise@20.000ns - clk_out1_design_1_clk_wiz_0_0 rise@0.000ns)
  Data Path Delay:        17.923ns  (logic 3.025ns (16.878%)  route 14.898ns (83.122%))
  Logic Levels:           15  (CARRY4=3 LUT3=1 LUT5=4 LUT6=7)
  Clock Path Skew:        0.010ns (DCD - SCD + CPR)
    Destination Clock Delay (DCD):    1.783ns = ( 21.783 - 20.000 ) 
    Source Clock Delay      (SCD):    1.895ns
    Clock Pessimism Removal (CPR):    0.122ns
  Clock Uncertainty:      0.084ns  ((TSJ^2 + DJ^2)^1/2) / 2 + PE
    Total System Jitter     (TSJ):    0.071ns
    Discrete Jitter          (DJ):    0.152ns
    Phase Error              (PE):    0.000ns

    Location             Delay type                Incr(ns)  Path(ns)    Netlist Resource(s)
  -------------------------------------------------------------------    -------------------
                         (clock clk_out1_design_1_clk_wiz_0_0 rise edge)
                                                      0.000     0.000 r  
    BUFGCTRL_X0Y16       BUFG                         0.000     0.000 r  design_1_i/cg_fpga_0/inst/processing_system7_0/inst/buffer_fclk_clk_0.FCLK_CLK_0_BUFG/O
                         net (fo=7383, routed)        1.980     1.980    design_1_i/clk_wiz_0/inst/clk_in1
    MMCME2_ADV_X1Y2      MMCME2_ADV (Prop_mmcme2_adv_CLKIN1_CLKOUT0)
                                                     -4.287    -2.307 r  design_1_i/clk_wiz_0/inst/mmcm_adv_inst/CLKOUT0
                         net (fo=1, routed)           2.206    -0.101    design_1_i/clk_wiz_0/inst/clk_out1_design_1_clk_wiz_0_0
    BUFGCTRL_X0Y18       BUFG (Prop_bufg_I_O)         0.101    -0.000 r  design_1_i/clk_wiz_0/inst/clkout1_buf/O
                         net (fo=9913, routed)        1.895     1.895    design_1_i/top_0/inst/MiniMIPS32_Lite_FullSyS0/cpu_core/exemem_reg0/clk
    SLICE_X67Y130        FDRE                                         r  design_1_i/top_0/inst/MiniMIPS32_Lite_FullSyS0/cpu_core/exemem_reg0/mem_wd_reg[15]/C
  -------------------------------------------------------------------    -------------------
    SLICE_X67Y130        FDRE (Prop_fdre_C_Q)         0.456     2.351 f  design_1_i/top_0/inst/MiniMIPS32_Lite_FullSyS0/cpu_core/exemem_reg0/mem_wd_reg[15]/Q
                         net (fo=104, routed)         2.749     5.100    design_1_i/top_0/inst/MiniMIPS32_Lite_FullSyS0/inst_rom_data/U0/synth_options.dist_mem_inst/gen_rom.rom_inst/a[13]
    SLICE_X107Y92        LUT5 (Prop_lut5_I0_O)        0.124     5.224 r  design_1_i/top_0/inst/MiniMIPS32_Lite_FullSyS0/inst_rom_data/U0/synth_options.dist_mem_inst/gen_rom.rom_inst/spo[6]_INST_0_i_2/O
                         net (fo=63, routed)          1.564     6.788    design_1_i/top_0/inst/MiniMIPS32_Lite_FullSyS0/inst_rom_data/U0/synth_options.dist_mem_inst/gen_rom.rom_inst/spo[6]_INST_0_i_2_n_0
    SLICE_X106Y109       LUT5 (Prop_lut5_I4_O)        0.124     6.912 r  design_1_i/top_0/inst/MiniMIPS32_Lite_FullSyS0/inst_rom_data/U0/synth_options.dist_mem_inst/gen_rom.rom_inst/spo[5]_INST_0_i_18/O
                         net (fo=2, routed)           1.388     8.299    design_1_i/top_0/inst/MiniMIPS32_Lite_FullSyS0/inst_rom_data/U0/synth_options.dist_mem_inst/gen_rom.rom_inst/spo[5]_INST_0_i_18_n_0
    SLICE_X110Y86        LUT6 (Prop_lut6_I0_O)        0.124     8.423 r  design_1_i/top_0/inst/MiniMIPS32_Lite_FullSyS0/inst_rom_data/U0/synth_options.dist_mem_inst/gen_rom.rom_inst/spo[5]_INST_0_i_11/O
                         net (fo=1, routed)           0.718     9.141    design_1_i/top_0/inst/MiniMIPS32_Lite_FullSyS0/inst_rom_data/U0/synth_options.dist_mem_inst/gen_rom.rom_inst/spo[5]_INST_0_i_11_n_0
    SLICE_X109Y86        LUT6 (Prop_lut6_I5_O)        0.124     9.265 r  design_1_i/top_0/inst/MiniMIPS32_Lite_FullSyS0/inst_rom_data/U0/synth_options.dist_mem_inst/gen_rom.rom_inst/spo[5]_INST_0_i_3/O
                         net (fo=1, routed)           0.805    10.071    design_1_i/top_0/inst/MiniMIPS32_Lite_FullSyS0/inst_rom_data/U0/synth_options.dist_mem_inst/gen_rom.rom_inst/spo[5]_INST_0_i_3_n_0
    SLICE_X107Y94        LUT5 (Prop_lut5_I4_O)        0.124    10.195 r  design_1_i/top_0/inst/MiniMIPS32_Lite_FullSyS0/inst_rom_data/U0/synth_options.dist_mem_inst/gen_rom.rom_inst/spo[5]_INST_0/O
                         net (fo=2, routed)           2.124    12.319    design_1_i/top_0/inst/MiniMIPS32_Lite_FullSyS0/cpu_core/exemem_reg0/spo[5]
    SLICE_X85Y122        LUT3 (Prop_lut3_I2_O)        0.124    12.443 f  design_1_i/top_0/inst/MiniMIPS32_Lite_FullSyS0/cpu_core/exemem_reg0/exe_din[29]_i_11/O
                         net (fo=3, routed)           0.596    13.039    design_1_i/top_0/inst/MiniMIPS32_Lite_FullSyS0/cpu_core/exemem_reg0/exe_din[29]_i_11_n_0
    SLICE_X85Y126        LUT6 (Prop_lut6_I0_O)        0.124    13.163 f  design_1_i/top_0/inst/MiniMIPS32_Lite_FullSyS0/cpu_core/exemem_reg0/exe_din[5]_i_7/O
                         net (fo=1, routed)           0.793    13.957    design_1_i/top_0/inst/MiniMIPS32_Lite_FullSyS0/cpu_core/exemem_reg0/exe_din[5]_i_7_n_0
    SLICE_X87Y128        LUT6 (Prop_lut6_I1_O)        0.124    14.081 r  design_1_i/top_0/inst/MiniMIPS32_Lite_FullSyS0/cpu_core/exemem_reg0/exe_din[5]_i_3/O
                         net (fo=3, routed)           0.827    14.908    design_1_i/top_0/inst/MiniMIPS32_Lite_FullSyS0/cpu_core/exemem_reg0/D[5]
    SLICE_X88Y133        LUT5 (Prop_lut5_I2_O)        0.124    15.032 r  design_1_i/top_0/inst/MiniMIPS32_Lite_FullSyS0/cpu_core/exemem_reg0/exe_din[5]_i_1/O
                         net (fo=3, routed)           0.984    16.016    design_1_i/top_0/inst/MiniMIPS32_Lite_FullSyS0/cpu_core/exemem_reg0/rst_n_reg[5]
    SLICE_X84Y139        LUT6 (Prop_lut6_I0_O)        0.124    16.140 r  design_1_i/top_0/inst/MiniMIPS32_Lite_FullSyS0/cpu_core/exemem_reg0/branch_eq_carry_i_3/O
                         net (fo=1, routed)           0.000    16.140    design_1_i/top_0/inst/MiniMIPS32_Lite_FullSyS0/cpu_core/id_stage0/branch_eq_carry__0_0[1]
    SLICE_X84Y139        CARRY4 (Prop_carry4_S[1]_CO[3])
                                                      0.550    16.690 r  design_1_i/top_0/inst/MiniMIPS32_Lite_FullSyS0/cpu_core/id_stage0/branch_eq_carry/CO[3]
                         net (fo=1, routed)           0.000    16.690    design_1_i/top_0/inst/MiniMIPS32_Lite_FullSyS0/cpu_core/id_stage0/branch_eq_carry_n_0
    SLICE_X84Y140        CARRY4 (Prop_carry4_CI_CO[3])
                                                      0.114    16.804 r  design_1_i/top_0/inst/MiniMIPS32_Lite_FullSyS0/cpu_core/id_stage0/branch_eq_carry__0/CO[3]
                         net (fo=1, routed)           0.000    16.804    design_1_i/top_0/inst/MiniMIPS32_Lite_FullSyS0/cpu_core/id_stage0/branch_eq_carry__0_n_0
    SLICE_X84Y141        CARRY4 (Prop_carry4_CI_CO[2])
                                                      0.228    17.032 r  design_1_i/top_0/inst/MiniMIPS32_Lite_FullSyS0/cpu_core/id_stage0/branch_eq_carry__1/CO[2]
                         net (fo=2, routed)           0.703    17.735    design_1_i/top_0/inst/MiniMIPS32_Lite_FullSyS0/cpu_core/ifid_reg0/CO[0]
    SLICE_X87Y143        LUT6 (Prop_lut6_I0_O)        0.313    18.048 f  design_1_i/top_0/inst/MiniMIPS32_Lite_FullSyS0/cpu_core/ifid_reg0/id_inst[31]_i_2/O
                         net (fo=1, routed)           0.433    18.481    design_1_i/top_0/inst/MiniMIPS32_Lite_FullSyS0/cpu_core/ifid_reg0/id_inst[31]_i_2_n_0
    SLICE_X87Y143        LUT6 (Prop_lut6_I2_O)        0.124    18.605 r  design_1_i/top_0/inst/MiniMIPS32_Lite_FullSyS0/cpu_core/ifid_reg0/id_inst[31]_i_1/O
                         net (fo=51, routed)          1.213    19.818    design_1_i/top_0/inst/MiniMIPS32_Lite_FullSyS0/cpu_core/ifid_reg0/id_inst[31]_i_1_n_0
    SLICE_X103Y143       FDRE                                         r  design_1_i/top_0/inst/MiniMIPS32_Lite_FullSyS0/cpu_core/ifid_reg0/id_inst_reg[3]/R
  -------------------------------------------------------------------    -------------------

                         (clock clk_out1_design_1_clk_wiz_0_0 rise edge)
                                                     20.000    20.000 r  
    BUFGCTRL_X0Y16       BUFG                         0.000    20.000 r  design_1_i/cg_fpga_0/inst/processing_system7_0/inst/buffer_fclk_clk_0.FCLK_CLK_0_BUFG/O
                         net (fo=7383, routed)        1.770    21.770    design_1_i/clk_wiz_0/inst/clk_in1
    MMCME2_ADV_X1Y2      MMCME2_ADV (Prop_mmcme2_adv_CLKIN1_CLKOUT0)
                                                     -3.873    17.897 r  design_1_i/clk_wiz_0/inst/mmcm_adv_inst/CLKOUT0
                         net (fo=1, routed)           2.012    19.909    design_1_i/clk_wiz_0/inst/clk_out1_design_1_clk_wiz_0_0
    BUFGCTRL_X0Y18       BUFG (Prop_bufg_I_O)         0.091    20.000 r  design_1_i/clk_wiz_0/inst/clkout1_buf/O
                         net (fo=9913, routed)        1.783    21.783    design_1_i/top_0/inst/MiniMIPS32_Lite_FullSyS0/cpu_core/ifid_reg0/clk
    SLICE_X103Y143       FDRE                                         r  design_1_i/top_0/inst/MiniMIPS32_Lite_FullSyS0/cpu_core/ifid_reg0/id_inst_reg[3]/C
                         clock pessimism              0.122    21.905    
                         clock uncertainty           -0.084    21.821    
    SLICE_X103Y143       FDRE (Setup_fdre_C_R)       -0.429    21.392    design_1_i/top_0/inst/MiniMIPS32_Lite_FullSyS0/cpu_core/ifid_reg0/id_inst_reg[3]
  -------------------------------------------------------------------
                         required time                         21.392    
                         arrival time                         -19.818    
  -------------------------------------------------------------------
                         slack                                  1.575    

Slack (MET) :             1.600ns  (required time - arrival time)
  Source:                 design_1_i/top_0/inst/MiniMIPS32_Lite_FullSyS0/cpu_core/exemem_reg0/mem_wd_reg[15]/C
                            (rising edge-triggered cell FDRE clocked by clk_out1_design_1_clk_wiz_0_0  {rise@0.000ns fall@10.000ns period=20.000ns})
  Destination:            design_1_i/top_0/inst/MiniMIPS32_Lite_FullSyS0/cpu_core/ifid_reg0/id_inst_reg[22]/R
                            (rising edge-triggered cell FDRE clocked by clk_out1_design_1_clk_wiz_0_0  {rise@0.000ns fall@10.000ns period=20.000ns})
  Path Group:             clk_out1_design_1_clk_wiz_0_0
  Path Type:              Setup (Max at Slow Process Corner)
  Requirement:            20.000ns  (clk_out1_design_1_clk_wiz_0_0 rise@20.000ns - clk_out1_design_1_clk_wiz_0_0 rise@0.000ns)
  Data Path Delay:        17.897ns  (logic 3.025ns (16.903%)  route 14.872ns (83.097%))
  Logic Levels:           15  (CARRY4=3 LUT3=1 LUT5=4 LUT6=7)
  Clock Path Skew:        0.009ns (DCD - SCD + CPR)
    Destination Clock Delay (DCD):    1.782ns = ( 21.782 - 20.000 ) 
    Source Clock Delay      (SCD):    1.895ns
    Clock Pessimism Removal (CPR):    0.122ns
  Clock Uncertainty:      0.084ns  ((TSJ^2 + DJ^2)^1/2) / 2 + PE
    Total System Jitter     (TSJ):    0.071ns
    Discrete Jitter          (DJ):    0.152ns
    Phase Error              (PE):    0.000ns

    Location             Delay type                Incr(ns)  Path(ns)    Netlist Resource(s)
  -------------------------------------------------------------------    -------------------
                         (clock clk_out1_design_1_clk_wiz_0_0 rise edge)
                                                      0.000     0.000 r  
    BUFGCTRL_X0Y16       BUFG                         0.000     0.000 r  design_1_i/cg_fpga_0/inst/processing_system7_0/inst/buffer_fclk_clk_0.FCLK_CLK_0_BUFG/O
                         net (fo=7383, routed)        1.980     1.980    design_1_i/clk_wiz_0/inst/clk_in1
    MMCME2_ADV_X1Y2      MMCME2_ADV (Prop_mmcme2_adv_CLKIN1_CLKOUT0)
                                                     -4.287    -2.307 r  design_1_i/clk_wiz_0/inst/mmcm_adv_inst/CLKOUT0
                         net (fo=1, routed)           2.206    -0.101    design_1_i/clk_wiz_0/inst/clk_out1_design_1_clk_wiz_0_0
    BUFGCTRL_X0Y18       BUFG (Prop_bufg_I_O)         0.101    -0.000 r  design_1_i/clk_wiz_0/inst/clkout1_buf/O
                         net (fo=9913, routed)        1.895     1.895    design_1_i/top_0/inst/MiniMIPS32_Lite_FullSyS0/cpu_core/exemem_reg0/clk
    SLICE_X67Y130        FDRE                                         r  design_1_i/top_0/inst/MiniMIPS32_Lite_FullSyS0/cpu_core/exemem_reg0/mem_wd_reg[15]/C
  -------------------------------------------------------------------    -------------------
    SLICE_X67Y130        FDRE (Prop_fdre_C_Q)         0.456     2.351 f  design_1_i/top_0/inst/MiniMIPS32_Lite_FullSyS0/cpu_core/exemem_reg0/mem_wd_reg[15]/Q
                         net (fo=104, routed)         2.749     5.100    design_1_i/top_0/inst/MiniMIPS32_Lite_FullSyS0/inst_rom_data/U0/synth_options.dist_mem_inst/gen_rom.rom_inst/a[13]
    SLICE_X107Y92        LUT5 (Prop_lut5_I0_O)        0.124     5.224 r  design_1_i/top_0/inst/MiniMIPS32_Lite_FullSyS0/inst_rom_data/U0/synth_options.dist_mem_inst/gen_rom.rom_inst/spo[6]_INST_0_i_2/O
                         net (fo=63, routed)          1.564     6.788    design_1_i/top_0/inst/MiniMIPS32_Lite_FullSyS0/inst_rom_data/U0/synth_options.dist_mem_inst/gen_rom.rom_inst/spo[6]_INST_0_i_2_n_0
    SLICE_X106Y109       LUT5 (Prop_lut5_I4_O)        0.124     6.912 r  design_1_i/top_0/inst/MiniMIPS32_Lite_FullSyS0/inst_rom_data/U0/synth_options.dist_mem_inst/gen_rom.rom_inst/spo[5]_INST_0_i_18/O
                         net (fo=2, routed)           1.388     8.299    design_1_i/top_0/inst/MiniMIPS32_Lite_FullSyS0/inst_rom_data/U0/synth_options.dist_mem_inst/gen_rom.rom_inst/spo[5]_INST_0_i_18_n_0
    SLICE_X110Y86        LUT6 (Prop_lut6_I0_O)        0.124     8.423 r  design_1_i/top_0/inst/MiniMIPS32_Lite_FullSyS0/inst_rom_data/U0/synth_options.dist_mem_inst/gen_rom.rom_inst/spo[5]_INST_0_i_11/O
                         net (fo=1, routed)           0.718     9.141    design_1_i/top_0/inst/MiniMIPS32_Lite_FullSyS0/inst_rom_data/U0/synth_options.dist_mem_inst/gen_rom.rom_inst/spo[5]_INST_0_i_11_n_0
    SLICE_X109Y86        LUT6 (Prop_lut6_I5_O)        0.124     9.265 r  design_1_i/top_0/inst/MiniMIPS32_Lite_FullSyS0/inst_rom_data/U0/synth_options.dist_mem_inst/gen_rom.rom_inst/spo[5]_INST_0_i_3/O
                         net (fo=1, routed)           0.805    10.071    design_1_i/top_0/inst/MiniMIPS32_Lite_FullSyS0/inst_rom_data/U0/synth_options.dist_mem_inst/gen_rom.rom_inst/spo[5]_INST_0_i_3_n_0
    SLICE_X107Y94        LUT5 (Prop_lut5_I4_O)        0.124    10.195 r  design_1_i/top_0/inst/MiniMIPS32_Lite_FullSyS0/inst_rom_data/U0/synth_options.dist_mem_inst/gen_rom.rom_inst/spo[5]_INST_0/O
                         net (fo=2, routed)           2.124    12.319    design_1_i/top_0/inst/MiniMIPS32_Lite_FullSyS0/cpu_core/exemem_reg0/spo[5]
    SLICE_X85Y122        LUT3 (Prop_lut3_I2_O)        0.124    12.443 f  design_1_i/top_0/inst/MiniMIPS32_Lite_FullSyS0/cpu_core/exemem_reg0/exe_din[29]_i_11/O
                         net (fo=3, routed)           0.596    13.039    design_1_i/top_0/inst/MiniMIPS32_Lite_FullSyS0/cpu_core/exemem_reg0/exe_din[29]_i_11_n_0
    SLICE_X85Y126        LUT6 (Prop_lut6_I0_O)        0.124    13.163 f  design_1_i/top_0/inst/MiniMIPS32_Lite_FullSyS0/cpu_core/exemem_reg0/exe_din[5]_i_7/O
                         net (fo=1, routed)           0.793    13.957    design_1_i/top_0/inst/MiniMIPS32_Lite_FullSyS0/cpu_core/exemem_reg0/exe_din[5]_i_7_n_0
    SLICE_X87Y128        LUT6 (Prop_lut6_I1_O)        0.124    14.081 r  design_1_i/top_0/inst/MiniMIPS32_Lite_FullSyS0/cpu_core/exemem_reg0/exe_din[5]_i_3/O
                         net (fo=3, routed)           0.827    14.908    design_1_i/top_0/inst/MiniMIPS32_Lite_FullSyS0/cpu_core/exemem_reg0/D[5]
    SLICE_X88Y133        LUT5 (Prop_lut5_I2_O)        0.124    15.032 r  design_1_i/top_0/inst/MiniMIPS32_Lite_FullSyS0/cpu_core/exemem_reg0/exe_din[5]_i_1/O
                         net (fo=3, routed)           0.984    16.016    design_1_i/top_0/inst/MiniMIPS32_Lite_FullSyS0/cpu_core/exemem_reg0/rst_n_reg[5]
    SLICE_X84Y139        LUT6 (Prop_lut6_I0_O)        0.124    16.140 r  design_1_i/top_0/inst/MiniMIPS32_Lite_FullSyS0/cpu_core/exemem_reg0/branch_eq_carry_i_3/O
                         net (fo=1, routed)           0.000    16.140    design_1_i/top_0/inst/MiniMIPS32_Lite_FullSyS0/cpu_core/id_stage0/branch_eq_carry__0_0[1]
    SLICE_X84Y139        CARRY4 (Prop_carry4_S[1]_CO[3])
                                                      0.550    16.690 r  design_1_i/top_0/inst/MiniMIPS32_Lite_FullSyS0/cpu_core/id_stage0/branch_eq_carry/CO[3]
                         net (fo=1, routed)           0.000    16.690    design_1_i/top_0/inst/MiniMIPS32_Lite_FullSyS0/cpu_core/id_stage0/branch_eq_carry_n_0
    SLICE_X84Y140        CARRY4 (Prop_carry4_CI_CO[3])
                                                      0.114    16.804 r  design_1_i/top_0/inst/MiniMIPS32_Lite_FullSyS0/cpu_core/id_stage0/branch_eq_carry__0/CO[3]
                         net (fo=1, routed)           0.000    16.804    design_1_i/top_0/inst/MiniMIPS32_Lite_FullSyS0/cpu_core/id_stage0/branch_eq_carry__0_n_0
    SLICE_X84Y141        CARRY4 (Prop_carry4_CI_CO[2])
                                                      0.228    17.032 r  design_1_i/top_0/inst/MiniMIPS32_Lite_FullSyS0/cpu_core/id_stage0/branch_eq_carry__1/CO[2]
                         net (fo=2, routed)           0.703    17.735    design_1_i/top_0/inst/MiniMIPS32_Lite_FullSyS0/cpu_core/ifid_reg0/CO[0]
    SLICE_X87Y143        LUT6 (Prop_lut6_I0_O)        0.313    18.048 f  design_1_i/top_0/inst/MiniMIPS32_Lite_FullSyS0/cpu_core/ifid_reg0/id_inst[31]_i_2/O
                         net (fo=1, routed)           0.433    18.481    design_1_i/top_0/inst/MiniMIPS32_Lite_FullSyS0/cpu_core/ifid_reg0/id_inst[31]_i_2_n_0
    SLICE_X87Y143        LUT6 (Prop_lut6_I2_O)        0.124    18.605 r  design_1_i/top_0/inst/MiniMIPS32_Lite_FullSyS0/cpu_core/ifid_reg0/id_inst[31]_i_1/O
                         net (fo=51, routed)          1.187    19.792    design_1_i/top_0/inst/MiniMIPS32_Lite_FullSyS0/cpu_core/ifid_reg0/id_inst[31]_i_1_n_0
    SLICE_X105Y142       FDRE                                         r  design_1_i/top_0/inst/MiniMIPS32_Lite_FullSyS0/cpu_core/ifid_reg0/id_inst_reg[22]/R
  -------------------------------------------------------------------    -------------------

                         (clock clk_out1_design_1_clk_wiz_0_0 rise edge)
                                                     20.000    20.000 r  
    BUFGCTRL_X0Y16       BUFG                         0.000    20.000 r  design_1_i/cg_fpga_0/inst/processing_system7_0/inst/buffer_fclk_clk_0.FCLK_CLK_0_BUFG/O
                         net (fo=7383, routed)        1.770    21.770    design_1_i/clk_wiz_0/inst/clk_in1
    MMCME2_ADV_X1Y2      MMCME2_ADV (Prop_mmcme2_adv_CLKIN1_CLKOUT0)
                                                     -3.873    17.897 r  design_1_i/clk_wiz_0/inst/mmcm_adv_inst/CLKOUT0
                         net (fo=1, routed)           2.012    19.909    design_1_i/clk_wiz_0/inst/clk_out1_design_1_clk_wiz_0_0
    BUFGCTRL_X0Y18       BUFG (Prop_bufg_I_O)         0.091    20.000 r  design_1_i/clk_wiz_0/inst/clkout1_buf/O
                         net (fo=9913, routed)        1.782    21.782    design_1_i/top_0/inst/MiniMIPS32_Lite_FullSyS0/cpu_core/ifid_reg0/clk
    SLICE_X105Y142       FDRE                                         r  design_1_i/top_0/inst/MiniMIPS32_Lite_FullSyS0/cpu_core/ifid_reg0/id_inst_reg[22]/C
                         clock pessimism              0.122    21.904    
                         clock uncertainty           -0.084    21.820    
    SLICE_X105Y142       FDRE (Setup_fdre_C_R)       -0.429    21.391    design_1_i/top_0/inst/MiniMIPS32_Lite_FullSyS0/cpu_core/ifid_reg0/id_inst_reg[22]
  -------------------------------------------------------------------
                         required time                         21.391    
                         arrival time                         -19.792    
  -------------------------------------------------------------------
                         slack                                  1.600    





Min Delay Paths
--------------------------------------------------------------------------------------
Slack (MET) :             0.101ns  (arrival time - required time)
  Source:                 design_1_i/top_0/inst/MiniMIPS32_Lite_FullSyS0/cpu_core/exemem_reg0/mem_wd_reg[2]_replica_15/C
                            (rising edge-triggered cell FDRE clocked by clk_out1_design_1_clk_wiz_0_0  {rise@0.000ns fall@10.000ns period=20.000ns})
  Destination:            design_1_i/top_0/inst/MiniMIPS32_Lite_FullSyS0/data_ram0/U0/synth_options.dist_mem_inst/gen_sp_ram.spram_inst/ram_reg_11520_11775_13_13/RAMS64E_A/ADR0
                            (rising edge-triggered cell RAMS64E clocked by clk_out1_design_1_clk_wiz_0_0  {rise@0.000ns fall@10.000ns period=20.000ns})
  Path Group:             clk_out1_design_1_clk_wiz_0_0
  Path Type:              Hold (Min at Fast Process Corner)
  Requirement:            0.000ns  (clk_out1_design_1_clk_wiz_0_0 rise@0.000ns - clk_out1_design_1_clk_wiz_0_0 rise@0.000ns)
  Data Path Delay:        0.424ns  (logic 0.141ns (33.236%)  route 0.283ns (66.764%))
  Logic Levels:           0  
  Clock Path Skew:        0.013ns (DCD - SCD - CPR)
    Destination Clock Delay (DCD):    0.954ns
    Source Clock Delay      (SCD):    0.682ns
    Clock Pessimism Removal (CPR):    0.259ns

    Location             Delay type                Incr(ns)  Path(ns)    Netlist Resource(s)
  -------------------------------------------------------------------    -------------------
                         (clock clk_out1_design_1_clk_wiz_0_0 rise edge)
                                                      0.000     0.000 r  
    BUFGCTRL_X0Y16       BUFG                         0.000     0.000 r  design_1_i/cg_fpga_0/inst/processing_system7_0/inst/buffer_fclk_clk_0.FCLK_CLK_0_BUFG/O
                         net (fo=7383, routed)        0.672     0.672    design_1_i/clk_wiz_0/inst/clk_in1
    MMCME2_ADV_X1Y2      MMCME2_ADV (Prop_mmcme2_adv_CLKIN1_CLKOUT0)
                                                     -1.395    -0.722 r  design_1_i/clk_wiz_0/inst/mmcm_adv_inst/CLKOUT0
                         net (fo=1, routed)           0.696    -0.026    design_1_i/clk_wiz_0/inst/clk_out1_design_1_clk_wiz_0_0
    BUFGCTRL_X0Y18       BUFG (Prop_bufg_I_O)         0.026    -0.000 r  design_1_i/clk_wiz_0/inst/clkout1_buf/O
                         net (fo=9913, routed)        0.682     0.682    design_1_i/top_0/inst/MiniMIPS32_Lite_FullSyS0/cpu_core/exemem_reg0/clk
    SLICE_X103Y130       FDRE                                         r  design_1_i/top_0/inst/MiniMIPS32_Lite_FullSyS0/cpu_core/exemem_reg0/mem_wd_reg[2]_replica_15/C
  -------------------------------------------------------------------    -------------------
    SLICE_X103Y130       FDRE (Prop_fdre_C_Q)         0.141     0.823 r  design_1_i/top_0/inst/MiniMIPS32_Lite_FullSyS0/cpu_core/exemem_reg0/mem_wd_reg[2]_replica_15/Q
                         net (fo=371, routed)         0.283     1.106    design_1_i/top_0/inst/MiniMIPS32_Lite_FullSyS0/data_ram0/U0/synth_options.dist_mem_inst/gen_sp_ram.spram_inst/ram_reg_11520_11775_13_13/A0
    SLICE_X102Y130       RAMS64E                                      r  design_1_i/top_0/inst/MiniMIPS32_Lite_FullSyS0/data_ram0/U0/synth_options.dist_mem_inst/gen_sp_ram.spram_inst/ram_reg_11520_11775_13_13/RAMS64E_A/ADR0
  -------------------------------------------------------------------    -------------------

                         (clock clk_out1_design_1_clk_wiz_0_0 rise edge)
                                                      0.000     0.000 r  
    BUFGCTRL_X0Y16       BUFG                         0.000     0.000 r  design_1_i/cg_fpga_0/inst/processing_system7_0/inst/buffer_fclk_clk_0.FCLK_CLK_0_BUFG/O
                         net (fo=7383, routed)        0.945     0.945    design_1_i/clk_wiz_0/inst/clk_in1
    MMCME2_ADV_X1Y2      MMCME2_ADV (Prop_mmcme2_adv_CLKIN1_CLKOUT0)
                                                     -1.726    -0.781 r  design_1_i/clk_wiz_0/inst/mmcm_adv_inst/CLKOUT0
                         net (fo=1, routed)           0.752    -0.029    design_1_i/clk_wiz_0/inst/clk_out1_design_1_clk_wiz_0_0
    BUFGCTRL_X0Y18       BUFG (Prop_bufg_I_O)         0.029     0.000 r  design_1_i/clk_wiz_0/inst/clkout1_buf/O
                         net (fo=9913, routed)        0.954     0.954    design_1_i/top_0/inst/MiniMIPS32_Lite_FullSyS0/data_ram0/U0/synth_options.dist_mem_inst/gen_sp_ram.spram_inst/ram_reg_11520_11775_13_13/WCLK
    SLICE_X102Y130       RAMS64E                                      r  design_1_i/top_0/inst/MiniMIPS32_Lite_FullSyS0/data_ram0/U0/synth_options.dist_mem_inst/gen_sp_ram.spram_inst/ram_reg_11520_11775_13_13/RAMS64E_A/CLK
                         clock pessimism             -0.259     0.695    
    SLICE_X102Y130       RAMS64E (Hold_rams64e_CLK_ADR0)
                                                      0.310     1.005    design_1_i/top_0/inst/MiniMIPS32_Lite_FullSyS0/data_ram0/U0/synth_options.dist_mem_inst/gen_sp_ram.spram_inst/ram_reg_11520_11775_13_13/RAMS64E_A
  -------------------------------------------------------------------
                         required time                         -1.005    
                         arrival time                           1.106    
  -------------------------------------------------------------------
                         slack                                  0.101    

Slack (MET) :             0.101ns  (arrival time - required time)
  Source:                 design_1_i/top_0/inst/MiniMIPS32_Lite_FullSyS0/cpu_core/exemem_reg0/mem_wd_reg[2]_replica_15/C
                            (rising edge-triggered cell FDRE clocked by clk_out1_design_1_clk_wiz_0_0  {rise@0.000ns fall@10.000ns period=20.000ns})
  Destination:            design_1_i/top_0/inst/MiniMIPS32_Lite_FullSyS0/data_ram0/U0/synth_options.dist_mem_inst/gen_sp_ram.spram_inst/ram_reg_11520_11775_13_13/RAMS64E_B/ADR0
                            (rising edge-triggered cell RAMS64E clocked by clk_out1_design_1_clk_wiz_0_0  {rise@0.000ns fall@10.000ns period=20.000ns})
  Path Group:             clk_out1_design_1_clk_wiz_0_0
  Path Type:              Hold (Min at Fast Process Corner)
  Requirement:            0.000ns  (clk_out1_design_1_clk_wiz_0_0 rise@0.000ns - clk_out1_design_1_clk_wiz_0_0 rise@0.000ns)
  Data Path Delay:        0.424ns  (logic 0.141ns (33.236%)  route 0.283ns (66.764%))
  Logic Levels:           0  
  Clock Path Skew:        0.013ns (DCD - SCD - CPR)
    Destination Clock Delay (DCD):    0.954ns
    Source Clock Delay      (SCD):    0.682ns
    Clock Pessimism Removal (CPR):    0.259ns

    Location             Delay type                Incr(ns)  Path(ns)    Netlist Resource(s)
  -------------------------------------------------------------------    -------------------
                         (clock clk_out1_design_1_clk_wiz_0_0 rise edge)
                                                      0.000     0.000 r  
    BUFGCTRL_X0Y16       BUFG                         0.000     0.000 r  design_1_i/cg_fpga_0/inst/processing_system7_0/inst/buffer_fclk_clk_0.FCLK_CLK_0_BUFG/O
                         net (fo=7383, routed)        0.672     0.672    design_1_i/clk_wiz_0/inst/clk_in1
    MMCME2_ADV_X1Y2      MMCME2_ADV (Prop_mmcme2_adv_CLKIN1_CLKOUT0)
                                                     -1.395    -0.722 r  design_1_i/clk_wiz_0/inst/mmcm_adv_inst/CLKOUT0
                         net (fo=1, routed)           0.696    -0.026    design_1_i/clk_wiz_0/inst/clk_out1_design_1_clk_wiz_0_0
    BUFGCTRL_X0Y18       BUFG (Prop_bufg_I_O)         0.026    -0.000 r  design_1_i/clk_wiz_0/inst/clkout1_buf/O
                         net (fo=9913, routed)        0.682     0.682    design_1_i/top_0/inst/MiniMIPS32_Lite_FullSyS0/cpu_core/exemem_reg0/clk
    SLICE_X103Y130       FDRE                                         r  design_1_i/top_0/inst/MiniMIPS32_Lite_FullSyS0/cpu_core/exemem_reg0/mem_wd_reg[2]_replica_15/C
  -------------------------------------------------------------------    -------------------
    SLICE_X103Y130       FDRE (Prop_fdre_C_Q)         0.141     0.823 r  design_1_i/top_0/inst/MiniMIPS32_Lite_FullSyS0/cpu_core/exemem_reg0/mem_wd_reg[2]_replica_15/Q
                         net (fo=371, routed)         0.283     1.106    design_1_i/top_0/inst/MiniMIPS32_Lite_FullSyS0/data_ram0/U0/synth_options.dist_mem_inst/gen_sp_ram.spram_inst/ram_reg_11520_11775_13_13/A0
    SLICE_X102Y130       RAMS64E                                      r  design_1_i/top_0/inst/MiniMIPS32_Lite_FullSyS0/data_ram0/U0/synth_options.dist_mem_inst/gen_sp_ram.spram_inst/ram_reg_11520_11775_13_13/RAMS64E_B/ADR0
  -------------------------------------------------------------------    -------------------

                         (clock clk_out1_design_1_clk_wiz_0_0 rise edge)
                                                      0.000     0.000 r  
    BUFGCTRL_X0Y16       BUFG                         0.000     0.000 r  design_1_i/cg_fpga_0/inst/processing_system7_0/inst/buffer_fclk_clk_0.FCLK_CLK_0_BUFG/O
                         net (fo=7383, routed)        0.945     0.945    design_1_i/clk_wiz_0/inst/clk_in1
    MMCME2_ADV_X1Y2      MMCME2_ADV (Prop_mmcme2_adv_CLKIN1_CLKOUT0)
                                                     -1.726    -0.781 r  design_1_i/clk_wiz_0/inst/mmcm_adv_inst/CLKOUT0
                         net (fo=1, routed)           0.752    -0.029    design_1_i/clk_wiz_0/inst/clk_out1_design_1_clk_wiz_0_0
    BUFGCTRL_X0Y18       BUFG (Prop_bufg_I_O)         0.029     0.000 r  design_1_i/clk_wiz_0/inst/clkout1_buf/O
                         net (fo=9913, routed)        0.954     0.954    design_1_i/top_0/inst/MiniMIPS32_Lite_FullSyS0/data_ram0/U0/synth_options.dist_mem_inst/gen_sp_ram.spram_inst/ram_reg_11520_11775_13_13/WCLK
    SLICE_X102Y130       RAMS64E                                      r  design_1_i/top_0/inst/MiniMIPS32_Lite_FullSyS0/data_ram0/U0/synth_options.dist_mem_inst/gen_sp_ram.spram_inst/ram_reg_11520_11775_13_13/RAMS64E_B/CLK
                         clock pessimism             -0.259     0.695    
    SLICE_X102Y130       RAMS64E (Hold_rams64e_CLK_ADR0)
                                                      0.310     1.005    design_1_i/top_0/inst/MiniMIPS32_Lite_FullSyS0/data_ram0/U0/synth_options.dist_mem_inst/gen_sp_ram.spram_inst/ram_reg_11520_11775_13_13/RAMS64E_B
  -------------------------------------------------------------------
                         required time                         -1.005    
                         arrival time                           1.106    
  -------------------------------------------------------------------
                         slack                                  0.101    

Slack (MET) :             0.101ns  (arrival time - required time)
  Source:                 design_1_i/top_0/inst/MiniMIPS32_Lite_FullSyS0/cpu_core/exemem_reg0/mem_wd_reg[2]_replica_15/C
                            (rising edge-triggered cell FDRE clocked by clk_out1_design_1_clk_wiz_0_0  {rise@0.000ns fall@10.000ns period=20.000ns})
  Destination:            design_1_i/top_0/inst/MiniMIPS32_Lite_FullSyS0/data_ram0/U0/synth_options.dist_mem_inst/gen_sp_ram.spram_inst/ram_reg_11520_11775_13_13/RAMS64E_C/ADR0
                            (rising edge-triggered cell RAMS64E clocked by clk_out1_design_1_clk_wiz_0_0  {rise@0.000ns fall@10.000ns period=20.000ns})
  Path Group:             clk_out1_design_1_clk_wiz_0_0
  Path Type:              Hold (Min at Fast Process Corner)
  Requirement:            0.000ns  (clk_out1_design_1_clk_wiz_0_0 rise@0.000ns - clk_out1_design_1_clk_wiz_0_0 rise@0.000ns)
  Data Path Delay:        0.424ns  (logic 0.141ns (33.236%)  route 0.283ns (66.764%))
  Logic Levels:           0  
  Clock Path Skew:        0.013ns (DCD - SCD - CPR)
    Destination Clock Delay (DCD):    0.954ns
    Source Clock Delay      (SCD):    0.682ns
    Clock Pessimism Removal (CPR):    0.259ns

    Location             Delay type                Incr(ns)  Path(ns)    Netlist Resource(s)
  -------------------------------------------------------------------    -------------------
                         (clock clk_out1_design_1_clk_wiz_0_0 rise edge)
                                                      0.000     0.000 r  
    BUFGCTRL_X0Y16       BUFG                         0.000     0.000 r  design_1_i/cg_fpga_0/inst/processing_system7_0/inst/buffer_fclk_clk_0.FCLK_CLK_0_BUFG/O
                         net (fo=7383, routed)        0.672     0.672    design_1_i/clk_wiz_0/inst/clk_in1
    MMCME2_ADV_X1Y2      MMCME2_ADV (Prop_mmcme2_adv_CLKIN1_CLKOUT0)
                                                     -1.395    -0.722 r  design_1_i/clk_wiz_0/inst/mmcm_adv_inst/CLKOUT0
                         net (fo=1, routed)           0.696    -0.026    design_1_i/clk_wiz_0/inst/clk_out1_design_1_clk_wiz_0_0
    BUFGCTRL_X0Y18       BUFG (Prop_bufg_I_O)         0.026    -0.000 r  design_1_i/clk_wiz_0/inst/clkout1_buf/O
                         net (fo=9913, routed)        0.682     0.682    design_1_i/top_0/inst/MiniMIPS32_Lite_FullSyS0/cpu_core/exemem_reg0/clk
    SLICE_X103Y130       FDRE                                         r  design_1_i/top_0/inst/MiniMIPS32_Lite_FullSyS0/cpu_core/exemem_reg0/mem_wd_reg[2]_replica_15/C
  -------------------------------------------------------------------    -------------------
    SLICE_X103Y130       FDRE (Prop_fdre_C_Q)         0.141     0.823 r  design_1_i/top_0/inst/MiniMIPS32_Lite_FullSyS0/cpu_core/exemem_reg0/mem_wd_reg[2]_replica_15/Q
                         net (fo=371, routed)         0.283     1.106    design_1_i/top_0/inst/MiniMIPS32_Lite_FullSyS0/data_ram0/U0/synth_options.dist_mem_inst/gen_sp_ram.spram_inst/ram_reg_11520_11775_13_13/A0
    SLICE_X102Y130       RAMS64E                                      r  design_1_i/top_0/inst/MiniMIPS32_Lite_FullSyS0/data_ram0/U0/synth_options.dist_mem_inst/gen_sp_ram.spram_inst/ram_reg_11520_11775_13_13/RAMS64E_C/ADR0
  -------------------------------------------------------------------    -------------------

                         (clock clk_out1_design_1_clk_wiz_0_0 rise edge)
                                                      0.000     0.000 r  
    BUFGCTRL_X0Y16       BUFG                         0.000     0.000 r  design_1_i/cg_fpga_0/inst/processing_system7_0/inst/buffer_fclk_clk_0.FCLK_CLK_0_BUFG/O
                         net (fo=7383, routed)        0.945     0.945    design_1_i/clk_wiz_0/inst/clk_in1
    MMCME2_ADV_X1Y2      MMCME2_ADV (Prop_mmcme2_adv_CLKIN1_CLKOUT0)
                                                     -1.726    -0.781 r  design_1_i/clk_wiz_0/inst/mmcm_adv_inst/CLKOUT0
                         net (fo=1, routed)           0.752    -0.029    design_1_i/clk_wiz_0/inst/clk_out1_design_1_clk_wiz_0_0
    BUFGCTRL_X0Y18       BUFG (Prop_bufg_I_O)         0.029     0.000 r  design_1_i/clk_wiz_0/inst/clkout1_buf/O
                         net (fo=9913, routed)        0.954     0.954    design_1_i/top_0/inst/MiniMIPS32_Lite_FullSyS0/data_ram0/U0/synth_options.dist_mem_inst/gen_sp_ram.spram_inst/ram_reg_11520_11775_13_13/WCLK
    SLICE_X102Y130       RAMS64E                                      r  design_1_i/top_0/inst/MiniMIPS32_Lite_FullSyS0/data_ram0/U0/synth_options.dist_mem_inst/gen_sp_ram.spram_inst/ram_reg_11520_11775_13_13/RAMS64E_C/CLK
                         clock pessimism             -0.259     0.695    
    SLICE_X102Y130       RAMS64E (Hold_rams64e_CLK_ADR0)
                                                      0.310     1.005    design_1_i/top_0/inst/MiniMIPS32_Lite_FullSyS0/data_ram0/U0/synth_options.dist_mem_inst/gen_sp_ram.spram_inst/ram_reg_11520_11775_13_13/RAMS64E_C
  -------------------------------------------------------------------
                         required time                         -1.005    
                         arrival time                           1.106    
  -------------------------------------------------------------------
                         slack                                  0.101    

Slack (MET) :             0.101ns  (arrival time - required time)
  Source:                 design_1_i/top_0/inst/MiniMIPS32_Lite_FullSyS0/cpu_core/exemem_reg0/mem_wd_reg[2]_replica_15/C
                            (rising edge-triggered cell FDRE clocked by clk_out1_design_1_clk_wiz_0_0  {rise@0.000ns fall@10.000ns period=20.000ns})
  Destination:            design_1_i/top_0/inst/MiniMIPS32_Lite_FullSyS0/data_ram0/U0/synth_options.dist_mem_inst/gen_sp_ram.spram_inst/ram_reg_11520_11775_13_13/RAMS64E_D/ADR0
                            (rising edge-triggered cell RAMS64E clocked by clk_out1_design_1_clk_wiz_0_0  {rise@0.000ns fall@10.000ns period=20.000ns})
  Path Group:             clk_out1_design_1_clk_wiz_0_0
  Path Type:              Hold (Min at Fast Process Corner)
  Requirement:            0.000ns  (clk_out1_design_1_clk_wiz_0_0 rise@0.000ns - clk_out1_design_1_clk_wiz_0_0 rise@0.000ns)
  Data Path Delay:        0.424ns  (logic 0.141ns (33.236%)  route 0.283ns (66.764%))
  Logic Levels:           0  
  Clock Path Skew:        0.013ns (DCD - SCD - CPR)
    Destination Clock Delay (DCD):    0.954ns
    Source Clock Delay      (SCD):    0.682ns
    Clock Pessimism Removal (CPR):    0.259ns

    Location             Delay type                Incr(ns)  Path(ns)    Netlist Resource(s)
  -------------------------------------------------------------------    -------------------
                         (clock clk_out1_design_1_clk_wiz_0_0 rise edge)
                                                      0.000     0.000 r  
    BUFGCTRL_X0Y16       BUFG                         0.000     0.000 r  design_1_i/cg_fpga_0/inst/processing_system7_0/inst/buffer_fclk_clk_0.FCLK_CLK_0_BUFG/O
                         net (fo=7383, routed)        0.672     0.672    design_1_i/clk_wiz_0/inst/clk_in1
    MMCME2_ADV_X1Y2      MMCME2_ADV (Prop_mmcme2_adv_CLKIN1_CLKOUT0)
                                                     -1.395    -0.722 r  design_1_i/clk_wiz_0/inst/mmcm_adv_inst/CLKOUT0
                         net (fo=1, routed)           0.696    -0.026    design_1_i/clk_wiz_0/inst/clk_out1_design_1_clk_wiz_0_0
    BUFGCTRL_X0Y18       BUFG (Prop_bufg_I_O)         0.026    -0.000 r  design_1_i/clk_wiz_0/inst/clkout1_buf/O
                         net (fo=9913, routed)        0.682     0.682    design_1_i/top_0/inst/MiniMIPS32_Lite_FullSyS0/cpu_core/exemem_reg0/clk
    SLICE_X103Y130       FDRE                                         r  design_1_i/top_0/inst/MiniMIPS32_Lite_FullSyS0/cpu_core/exemem_reg0/mem_wd_reg[2]_replica_15/C
  -------------------------------------------------------------------    -------------------
    SLICE_X103Y130       FDRE (Prop_fdre_C_Q)         0.141     0.823 r  design_1_i/top_0/inst/MiniMIPS32_Lite_FullSyS0/cpu_core/exemem_reg0/mem_wd_reg[2]_replica_15/Q
                         net (fo=371, routed)         0.283     1.106    design_1_i/top_0/inst/MiniMIPS32_Lite_FullSyS0/data_ram0/U0/synth_options.dist_mem_inst/gen_sp_ram.spram_inst/ram_reg_11520_11775_13_13/A0
    SLICE_X102Y130       RAMS64E                                      r  design_1_i/top_0/inst/MiniMIPS32_Lite_FullSyS0/data_ram0/U0/synth_options.dist_mem_inst/gen_sp_ram.spram_inst/ram_reg_11520_11775_13_13/RAMS64E_D/ADR0
  -------------------------------------------------------------------    -------------------

                         (clock clk_out1_design_1_clk_wiz_0_0 rise edge)
                                                      0.000     0.000 r  
    BUFGCTRL_X0Y16       BUFG                         0.000     0.000 r  design_1_i/cg_fpga_0/inst/processing_system7_0/inst/buffer_fclk_clk_0.FCLK_CLK_0_BUFG/O
                         net (fo=7383, routed)        0.945     0.945    design_1_i/clk_wiz_0/inst/clk_in1
    MMCME2_ADV_X1Y2      MMCME2_ADV (Prop_mmcme2_adv_CLKIN1_CLKOUT0)
                                                     -1.726    -0.781 r  design_1_i/clk_wiz_0/inst/mmcm_adv_inst/CLKOUT0
                         net (fo=1, routed)           0.752    -0.029    design_1_i/clk_wiz_0/inst/clk_out1_design_1_clk_wiz_0_0
    BUFGCTRL_X0Y18       BUFG (Prop_bufg_I_O)         0.029     0.000 r  design_1_i/clk_wiz_0/inst/clkout1_buf/O
                         net (fo=9913, routed)        0.954     0.954    design_1_i/top_0/inst/MiniMIPS32_Lite_FullSyS0/data_ram0/U0/synth_options.dist_mem_inst/gen_sp_ram.spram_inst/ram_reg_11520_11775_13_13/WCLK
    SLICE_X102Y130       RAMS64E                                      r  design_1_i/top_0/inst/MiniMIPS32_Lite_FullSyS0/data_ram0/U0/synth_options.dist_mem_inst/gen_sp_ram.spram_inst/ram_reg_11520_11775_13_13/RAMS64E_D/CLK
                         clock pessimism             -0.259     0.695    
    SLICE_X102Y130       RAMS64E (Hold_rams64e_CLK_ADR0)
                                                      0.310     1.005    design_1_i/top_0/inst/MiniMIPS32_Lite_FullSyS0/data_ram0/U0/synth_options.dist_mem_inst/gen_sp_ram.spram_inst/ram_reg_11520_11775_13_13/RAMS64E_D
  -------------------------------------------------------------------
                         required time                         -1.005    
                         arrival time                           1.106    
  -------------------------------------------------------------------
                         slack                                  0.101    

Slack (MET) :             0.105ns  (arrival time - required time)
  Source:                 design_1_i/top_0/inst/MiniMIPS32_Lite_FullSyS0/cpu_core/exemem_reg0/mem_wd_reg[7]_replica_15/C
                            (rising edge-triggered cell FDRE clocked by clk_out1_design_1_clk_wiz_0_0  {rise@0.000ns fall@10.000ns period=20.000ns})
  Destination:            design_1_i/top_0/inst/MiniMIPS32_Lite_FullSyS0/data_ram0/U0/synth_options.dist_mem_inst/gen_sp_ram.spram_inst/ram_reg_256_511_22_22/RAMS64E_A/ADR5
                            (rising edge-triggered cell RAMS64E clocked by clk_out1_design_1_clk_wiz_0_0  {rise@0.000ns fall@10.000ns period=20.000ns})
  Path Group:             clk_out1_design_1_clk_wiz_0_0
  Path Type:              Hold (Min at Fast Process Corner)
  Requirement:            0.000ns  (clk_out1_design_1_clk_wiz_0_0 rise@0.000ns - clk_out1_design_1_clk_wiz_0_0 rise@0.000ns)
  Data Path Delay:        0.307ns  (logic 0.141ns (45.869%)  route 0.166ns (54.131%))
  Logic Levels:           0  
  Clock Path Skew:        0.032ns (DCD - SCD - CPR)
    Destination Clock Delay (DCD):    0.922ns
    Source Clock Delay      (SCD):    0.652ns
    Clock Pessimism Removal (CPR):    0.238ns

    Location             Delay type                Incr(ns)  Path(ns)    Netlist Resource(s)
  -------------------------------------------------------------------    -------------------
                         (clock clk_out1_design_1_clk_wiz_0_0 rise edge)
                                                      0.000     0.000 r  
    BUFGCTRL_X0Y16       BUFG                         0.000     0.000 r  design_1_i/cg_fpga_0/inst/processing_system7_0/inst/buffer_fclk_clk_0.FCLK_CLK_0_BUFG/O
                         net (fo=7383, routed)        0.672     0.672    design_1_i/clk_wiz_0/inst/clk_in1
    MMCME2_ADV_X1Y2      MMCME2_ADV (Prop_mmcme2_adv_CLKIN1_CLKOUT0)
                                                     -1.395    -0.722 r  design_1_i/clk_wiz_0/inst/mmcm_adv_inst/CLKOUT0
                         net (fo=1, routed)           0.696    -0.026    design_1_i/clk_wiz_0/inst/clk_out1_design_1_clk_wiz_0_0
    BUFGCTRL_X0Y18       BUFG (Prop_bufg_I_O)         0.026    -0.000 r  design_1_i/clk_wiz_0/inst/clkout1_buf/O
                         net (fo=9913, routed)        0.652     0.652    design_1_i/top_0/inst/MiniMIPS32_Lite_FullSyS0/cpu_core/exemem_reg0/clk
    SLICE_X87Y125        FDRE                                         r  design_1_i/top_0/inst/MiniMIPS32_Lite_FullSyS0/cpu_core/exemem_reg0/mem_wd_reg[7]_replica_15/C
  -------------------------------------------------------------------    -------------------
    SLICE_X87Y125        FDRE (Prop_fdre_C_Q)         0.141     0.793 r  design_1_i/top_0/inst/MiniMIPS32_Lite_FullSyS0/cpu_core/exemem_reg0/mem_wd_reg[7]_replica_15/Q
                         net (fo=602, routed)         0.166     0.959    design_1_i/top_0/inst/MiniMIPS32_Lite_FullSyS0/data_ram0/U0/synth_options.dist_mem_inst/gen_sp_ram.spram_inst/ram_reg_256_511_22_22/A5
    SLICE_X82Y125        RAMS64E                                      r  design_1_i/top_0/inst/MiniMIPS32_Lite_FullSyS0/data_ram0/U0/synth_options.dist_mem_inst/gen_sp_ram.spram_inst/ram_reg_256_511_22_22/RAMS64E_A/ADR5
  -------------------------------------------------------------------    -------------------

                         (clock clk_out1_design_1_clk_wiz_0_0 rise edge)
                                                      0.000     0.000 r  
    BUFGCTRL_X0Y16       BUFG                         0.000     0.000 r  design_1_i/cg_fpga_0/inst/processing_system7_0/inst/buffer_fclk_clk_0.FCLK_CLK_0_BUFG/O
                         net (fo=7383, routed)        0.945     0.945    design_1_i/clk_wiz_0/inst/clk_in1
    MMCME2_ADV_X1Y2      MMCME2_ADV (Prop_mmcme2_adv_CLKIN1_CLKOUT0)
                                                     -1.726    -0.781 r  design_1_i/clk_wiz_0/inst/mmcm_adv_inst/CLKOUT0
                         net (fo=1, routed)           0.752    -0.029    design_1_i/clk_wiz_0/inst/clk_out1_design_1_clk_wiz_0_0
    BUFGCTRL_X0Y18       BUFG (Prop_bufg_I_O)         0.029     0.000 r  design_1_i/clk_wiz_0/inst/clkout1_buf/O
                         net (fo=9913, routed)        0.922     0.922    design_1_i/top_0/inst/MiniMIPS32_Lite_FullSyS0/data_ram0/U0/synth_options.dist_mem_inst/gen_sp_ram.spram_inst/ram_reg_256_511_22_22/WCLK
    SLICE_X82Y125        RAMS64E                                      r  design_1_i/top_0/inst/MiniMIPS32_Lite_FullSyS0/data_ram0/U0/synth_options.dist_mem_inst/gen_sp_ram.spram_inst/ram_reg_256_511_22_22/RAMS64E_A/CLK
                         clock pessimism             -0.238     0.684    
    SLICE_X82Y125        RAMS64E (Hold_rams64e_CLK_ADR5)
                                                      0.170     0.854    design_1_i/top_0/inst/MiniMIPS32_Lite_FullSyS0/data_ram0/U0/synth_options.dist_mem_inst/gen_sp_ram.spram_inst/ram_reg_256_511_22_22/RAMS64E_A
  -------------------------------------------------------------------
                         required time                         -0.854    
                         arrival time                           0.959    
  -------------------------------------------------------------------
                         slack                                  0.105    

Slack (MET) :             0.105ns  (arrival time - required time)
  Source:                 design_1_i/top_0/inst/MiniMIPS32_Lite_FullSyS0/cpu_core/exemem_reg0/mem_wd_reg[7]_replica_15/C
                            (rising edge-triggered cell FDRE clocked by clk_out1_design_1_clk_wiz_0_0  {rise@0.000ns fall@10.000ns period=20.000ns})
  Destination:            design_1_i/top_0/inst/MiniMIPS32_Lite_FullSyS0/data_ram0/U0/synth_options.dist_mem_inst/gen_sp_ram.spram_inst/ram_reg_256_511_22_22/RAMS64E_B/ADR5
                            (rising edge-triggered cell RAMS64E clocked by clk_out1_design_1_clk_wiz_0_0  {rise@0.000ns fall@10.000ns period=20.000ns})
  Path Group:             clk_out1_design_1_clk_wiz_0_0
  Path Type:              Hold (Min at Fast Process Corner)
  Requirement:            0.000ns  (clk_out1_design_1_clk_wiz_0_0 rise@0.000ns - clk_out1_design_1_clk_wiz_0_0 rise@0.000ns)
  Data Path Delay:        0.307ns  (logic 0.141ns (45.869%)  route 0.166ns (54.131%))
  Logic Levels:           0  
  Clock Path Skew:        0.032ns (DCD - SCD - CPR)
    Destination Clock Delay (DCD):    0.922ns
    Source Clock Delay      (SCD):    0.652ns
    Clock Pessimism Removal (CPR):    0.238ns

    Location             Delay type                Incr(ns)  Path(ns)    Netlist Resource(s)
  -------------------------------------------------------------------    -------------------
                         (clock clk_out1_design_1_clk_wiz_0_0 rise edge)
                                                      0.000     0.000 r  
    BUFGCTRL_X0Y16       BUFG                         0.000     0.000 r  design_1_i/cg_fpga_0/inst/processing_system7_0/inst/buffer_fclk_clk_0.FCLK_CLK_0_BUFG/O
                         net (fo=7383, routed)        0.672     0.672    design_1_i/clk_wiz_0/inst/clk_in1
    MMCME2_ADV_X1Y2      MMCME2_ADV (Prop_mmcme2_adv_CLKIN1_CLKOUT0)
                                                     -1.395    -0.722 r  design_1_i/clk_wiz_0/inst/mmcm_adv_inst/CLKOUT0
                         net (fo=1, routed)           0.696    -0.026    design_1_i/clk_wiz_0/inst/clk_out1_design_1_clk_wiz_0_0
    BUFGCTRL_X0Y18       BUFG (Prop_bufg_I_O)         0.026    -0.000 r  design_1_i/clk_wiz_0/inst/clkout1_buf/O
                         net (fo=9913, routed)        0.652     0.652    design_1_i/top_0/inst/MiniMIPS32_Lite_FullSyS0/cpu_core/exemem_reg0/clk
    SLICE_X87Y125        FDRE                                         r  design_1_i/top_0/inst/MiniMIPS32_Lite_FullSyS0/cpu_core/exemem_reg0/mem_wd_reg[7]_replica_15/C
  -------------------------------------------------------------------    -------------------
    SLICE_X87Y125        FDRE (Prop_fdre_C_Q)         0.141     0.793 r  design_1_i/top_0/inst/MiniMIPS32_Lite_FullSyS0/cpu_core/exemem_reg0/mem_wd_reg[7]_replica_15/Q
                         net (fo=602, routed)         0.166     0.959    design_1_i/top_0/inst/MiniMIPS32_Lite_FullSyS0/data_ram0/U0/synth_options.dist_mem_inst/gen_sp_ram.spram_inst/ram_reg_256_511_22_22/A5
    SLICE_X82Y125        RAMS64E                                      r  design_1_i/top_0/inst/MiniMIPS32_Lite_FullSyS0/data_ram0/U0/synth_options.dist_mem_inst/gen_sp_ram.spram_inst/ram_reg_256_511_22_22/RAMS64E_B/ADR5
  -------------------------------------------------------------------    -------------------

                         (clock clk_out1_design_1_clk_wiz_0_0 rise edge)
                                                      0.000     0.000 r  
    BUFGCTRL_X0Y16       BUFG                         0.000     0.000 r  design_1_i/cg_fpga_0/inst/processing_system7_0/inst/buffer_fclk_clk_0.FCLK_CLK_0_BUFG/O
                         net (fo=7383, routed)        0.945     0.945    design_1_i/clk_wiz_0/inst/clk_in1
    MMCME2_ADV_X1Y2      MMCME2_ADV (Prop_mmcme2_adv_CLKIN1_CLKOUT0)
                                                     -1.726    -0.781 r  design_1_i/clk_wiz_0/inst/mmcm_adv_inst/CLKOUT0
                         net (fo=1, routed)           0.752    -0.029    design_1_i/clk_wiz_0/inst/clk_out1_design_1_clk_wiz_0_0
    BUFGCTRL_X0Y18       BUFG (Prop_bufg_I_O)         0.029     0.000 r  design_1_i/clk_wiz_0/inst/clkout1_buf/O
                         net (fo=9913, routed)        0.922     0.922    design_1_i/top_0/inst/MiniMIPS32_Lite_FullSyS0/data_ram0/U0/synth_options.dist_mem_inst/gen_sp_ram.spram_inst/ram_reg_256_511_22_22/WCLK
    SLICE_X82Y125        RAMS64E                                      r  design_1_i/top_0/inst/MiniMIPS32_Lite_FullSyS0/data_ram0/U0/synth_options.dist_mem_inst/gen_sp_ram.spram_inst/ram_reg_256_511_22_22/RAMS64E_B/CLK
                         clock pessimism             -0.238     0.684    
    SLICE_X82Y125        RAMS64E (Hold_rams64e_CLK_ADR5)
                                                      0.170     0.854    design_1_i/top_0/inst/MiniMIPS32_Lite_FullSyS0/data_ram0/U0/synth_options.dist_mem_inst/gen_sp_ram.spram_inst/ram_reg_256_511_22_22/RAMS64E_B
  -------------------------------------------------------------------
                         required time                         -0.854    
                         arrival time                           0.959    
  -------------------------------------------------------------------
                         slack                                  0.105    

Slack (MET) :             0.105ns  (arrival time - required time)
  Source:                 design_1_i/top_0/inst/MiniMIPS32_Lite_FullSyS0/cpu_core/exemem_reg0/mem_wd_reg[7]_replica_15/C
                            (rising edge-triggered cell FDRE clocked by clk_out1_design_1_clk_wiz_0_0  {rise@0.000ns fall@10.000ns period=20.000ns})
  Destination:            design_1_i/top_0/inst/MiniMIPS32_Lite_FullSyS0/data_ram0/U0/synth_options.dist_mem_inst/gen_sp_ram.spram_inst/ram_reg_256_511_22_22/RAMS64E_C/ADR5
                            (rising edge-triggered cell RAMS64E clocked by clk_out1_design_1_clk_wiz_0_0  {rise@0.000ns fall@10.000ns period=20.000ns})
  Path Group:             clk_out1_design_1_clk_wiz_0_0
  Path Type:              Hold (Min at Fast Process Corner)
  Requirement:            0.000ns  (clk_out1_design_1_clk_wiz_0_0 rise@0.000ns - clk_out1_design_1_clk_wiz_0_0 rise@0.000ns)
  Data Path Delay:        0.307ns  (logic 0.141ns (45.869%)  route 0.166ns (54.131%))
  Logic Levels:           0  
  Clock Path Skew:        0.032ns (DCD - SCD - CPR)
    Destination Clock Delay (DCD):    0.922ns
    Source Clock Delay      (SCD):    0.652ns
    Clock Pessimism Removal (CPR):    0.238ns

    Location             Delay type                Incr(ns)  Path(ns)    Netlist Resource(s)
  -------------------------------------------------------------------    -------------------
                         (clock clk_out1_design_1_clk_wiz_0_0 rise edge)
                                                      0.000     0.000 r  
    BUFGCTRL_X0Y16       BUFG                         0.000     0.000 r  design_1_i/cg_fpga_0/inst/processing_system7_0/inst/buffer_fclk_clk_0.FCLK_CLK_0_BUFG/O
                         net (fo=7383, routed)        0.672     0.672    design_1_i/clk_wiz_0/inst/clk_in1
    MMCME2_ADV_X1Y2      MMCME2_ADV (Prop_mmcme2_adv_CLKIN1_CLKOUT0)
                                                     -1.395    -0.722 r  design_1_i/clk_wiz_0/inst/mmcm_adv_inst/CLKOUT0
                         net (fo=1, routed)           0.696    -0.026    design_1_i/clk_wiz_0/inst/clk_out1_design_1_clk_wiz_0_0
    BUFGCTRL_X0Y18       BUFG (Prop_bufg_I_O)         0.026    -0.000 r  design_1_i/clk_wiz_0/inst/clkout1_buf/O
                         net (fo=9913, routed)        0.652     0.652    design_1_i/top_0/inst/MiniMIPS32_Lite_FullSyS0/cpu_core/exemem_reg0/clk
    SLICE_X87Y125        FDRE                                         r  design_1_i/top_0/inst/MiniMIPS32_Lite_FullSyS0/cpu_core/exemem_reg0/mem_wd_reg[7]_replica_15/C
  -------------------------------------------------------------------    -------------------
    SLICE_X87Y125        FDRE (Prop_fdre_C_Q)         0.141     0.793 r  design_1_i/top_0/inst/MiniMIPS32_Lite_FullSyS0/cpu_core/exemem_reg0/mem_wd_reg[7]_replica_15/Q
                         net (fo=602, routed)         0.166     0.959    design_1_i/top_0/inst/MiniMIPS32_Lite_FullSyS0/data_ram0/U0/synth_options.dist_mem_inst/gen_sp_ram.spram_inst/ram_reg_256_511_22_22/A5
    SLICE_X82Y125        RAMS64E                                      r  design_1_i/top_0/inst/MiniMIPS32_Lite_FullSyS0/data_ram0/U0/synth_options.dist_mem_inst/gen_sp_ram.spram_inst/ram_reg_256_511_22_22/RAMS64E_C/ADR5
  -------------------------------------------------------------------    -------------------

                         (clock clk_out1_design_1_clk_wiz_0_0 rise edge)
                                                      0.000     0.000 r  
    BUFGCTRL_X0Y16       BUFG                         0.000     0.000 r  design_1_i/cg_fpga_0/inst/processing_system7_0/inst/buffer_fclk_clk_0.FCLK_CLK_0_BUFG/O
                         net (fo=7383, routed)        0.945     0.945    design_1_i/clk_wiz_0/inst/clk_in1
    MMCME2_ADV_X1Y2      MMCME2_ADV (Prop_mmcme2_adv_CLKIN1_CLKOUT0)
                                                     -1.726    -0.781 r  design_1_i/clk_wiz_0/inst/mmcm_adv_inst/CLKOUT0
                         net (fo=1, routed)           0.752    -0.029    design_1_i/clk_wiz_0/inst/clk_out1_design_1_clk_wiz_0_0
    BUFGCTRL_X0Y18       BUFG (Prop_bufg_I_O)         0.029     0.000 r  design_1_i/clk_wiz_0/inst/clkout1_buf/O
                         net (fo=9913, routed)        0.922     0.922    design_1_i/top_0/inst/MiniMIPS32_Lite_FullSyS0/data_ram0/U0/synth_options.dist_mem_inst/gen_sp_ram.spram_inst/ram_reg_256_511_22_22/WCLK
    SLICE_X82Y125        RAMS64E                                      r  design_1_i/top_0/inst/MiniMIPS32_Lite_FullSyS0/data_ram0/U0/synth_options.dist_mem_inst/gen_sp_ram.spram_inst/ram_reg_256_511_22_22/RAMS64E_C/CLK
                         clock pessimism             -0.238     0.684    
    SLICE_X82Y125        RAMS64E (Hold_rams64e_CLK_ADR5)
                                                      0.170     0.854    design_1_i/top_0/inst/MiniMIPS32_Lite_FullSyS0/data_ram0/U0/synth_options.dist_mem_inst/gen_sp_ram.spram_inst/ram_reg_256_511_22_22/RAMS64E_C
  -------------------------------------------------------------------
                         required time                         -0.854    
                         arrival time                           0.959    
  -------------------------------------------------------------------
                         slack                                  0.105    

Slack (MET) :             0.105ns  (arrival time - required time)
  Source:                 design_1_i/top_0/inst/MiniMIPS32_Lite_FullSyS0/cpu_core/exemem_reg0/mem_wd_reg[7]_replica_15/C
                            (rising edge-triggered cell FDRE clocked by clk_out1_design_1_clk_wiz_0_0  {rise@0.000ns fall@10.000ns period=20.000ns})
  Destination:            design_1_i/top_0/inst/MiniMIPS32_Lite_FullSyS0/data_ram0/U0/synth_options.dist_mem_inst/gen_sp_ram.spram_inst/ram_reg_256_511_22_22/RAMS64E_D/ADR5
                            (rising edge-triggered cell RAMS64E clocked by clk_out1_design_1_clk_wiz_0_0  {rise@0.000ns fall@10.000ns period=20.000ns})
  Path Group:             clk_out1_design_1_clk_wiz_0_0
  Path Type:              Hold (Min at Fast Process Corner)
  Requirement:            0.000ns  (clk_out1_design_1_clk_wiz_0_0 rise@0.000ns - clk_out1_design_1_clk_wiz_0_0 rise@0.000ns)
  Data Path Delay:        0.307ns  (logic 0.141ns (45.869%)  route 0.166ns (54.131%))
  Logic Levels:           0  
  Clock Path Skew:        0.032ns (DCD - SCD - CPR)
    Destination Clock Delay (DCD):    0.922ns
    Source Clock Delay      (SCD):    0.652ns
    Clock Pessimism Removal (CPR):    0.238ns

    Location             Delay type                Incr(ns)  Path(ns)    Netlist Resource(s)
  -------------------------------------------------------------------    -------------------
                         (clock clk_out1_design_1_clk_wiz_0_0 rise edge)
                                                      0.000     0.000 r  
    BUFGCTRL_X0Y16       BUFG                         0.000     0.000 r  design_1_i/cg_fpga_0/inst/processing_system7_0/inst/buffer_fclk_clk_0.FCLK_CLK_0_BUFG/O
                         net (fo=7383, routed)        0.672     0.672    design_1_i/clk_wiz_0/inst/clk_in1
    MMCME2_ADV_X1Y2      MMCME2_ADV (Prop_mmcme2_adv_CLKIN1_CLKOUT0)
                                                     -1.395    -0.722 r  design_1_i/clk_wiz_0/inst/mmcm_adv_inst/CLKOUT0
                         net (fo=1, routed)           0.696    -0.026    design_1_i/clk_wiz_0/inst/clk_out1_design_1_clk_wiz_0_0
    BUFGCTRL_X0Y18       BUFG (Prop_bufg_I_O)         0.026    -0.000 r  design_1_i/clk_wiz_0/inst/clkout1_buf/O
                         net (fo=9913, routed)        0.652     0.652    design_1_i/top_0/inst/MiniMIPS32_Lite_FullSyS0/cpu_core/exemem_reg0/clk
    SLICE_X87Y125        FDRE                                         r  design_1_i/top_0/inst/MiniMIPS32_Lite_FullSyS0/cpu_core/exemem_reg0/mem_wd_reg[7]_replica_15/C
  -------------------------------------------------------------------    -------------------
    SLICE_X87Y125        FDRE (Prop_fdre_C_Q)         0.141     0.793 r  design_1_i/top_0/inst/MiniMIPS32_Lite_FullSyS0/cpu_core/exemem_reg0/mem_wd_reg[7]_replica_15/Q
                         net (fo=602, routed)         0.166     0.959    design_1_i/top_0/inst/MiniMIPS32_Lite_FullSyS0/data_ram0/U0/synth_options.dist_mem_inst/gen_sp_ram.spram_inst/ram_reg_256_511_22_22/A5
    SLICE_X82Y125        RAMS64E                                      r  design_1_i/top_0/inst/MiniMIPS32_Lite_FullSyS0/data_ram0/U0/synth_options.dist_mem_inst/gen_sp_ram.spram_inst/ram_reg_256_511_22_22/RAMS64E_D/ADR5
  -------------------------------------------------------------------    -------------------

                         (clock clk_out1_design_1_clk_wiz_0_0 rise edge)
                                                      0.000     0.000 r  
    BUFGCTRL_X0Y16       BUFG                         0.000     0.000 r  design_1_i/cg_fpga_0/inst/processing_system7_0/inst/buffer_fclk_clk_0.FCLK_CLK_0_BUFG/O
                         net (fo=7383, routed)        0.945     0.945    design_1_i/clk_wiz_0/inst/clk_in1
    MMCME2_ADV_X1Y2      MMCME2_ADV (Prop_mmcme2_adv_CLKIN1_CLKOUT0)
                                                     -1.726    -0.781 r  design_1_i/clk_wiz_0/inst/mmcm_adv_inst/CLKOUT0
                         net (fo=1, routed)           0.752    -0.029    design_1_i/clk_wiz_0/inst/clk_out1_design_1_clk_wiz_0_0
    BUFGCTRL_X0Y18       BUFG (Prop_bufg_I_O)         0.029     0.000 r  design_1_i/clk_wiz_0/inst/clkout1_buf/O
                         net (fo=9913, routed)        0.922     0.922    design_1_i/top_0/inst/MiniMIPS32_Lite_FullSyS0/data_ram0/U0/synth_options.dist_mem_inst/gen_sp_ram.spram_inst/ram_reg_256_511_22_22/WCLK
    SLICE_X82Y125        RAMS64E                                      r  design_1_i/top_0/inst/MiniMIPS32_Lite_FullSyS0/data_ram0/U0/synth_options.dist_mem_inst/gen_sp_ram.spram_inst/ram_reg_256_511_22_22/RAMS64E_D/CLK
                         clock pessimism             -0.238     0.684    
    SLICE_X82Y125        RAMS64E (Hold_rams64e_CLK_ADR5)
                                                      0.170     0.854    design_1_i/top_0/inst/MiniMIPS32_Lite_FullSyS0/data_ram0/U0/synth_options.dist_mem_inst/gen_sp_ram.spram_inst/ram_reg_256_511_22_22/RAMS64E_D
  -------------------------------------------------------------------
                         required time                         -0.854    
                         arrival time                           0.959    
  -------------------------------------------------------------------
                         slack                                  0.105    

Slack (MET) :             0.127ns  (arrival time - required time)
  Source:                 design_1_i/top_0/inst/MiniMIPS32_Lite_FullSyS0/cpu_core/exemem_reg0/mem_wd_reg[2]_replica_2/C
                            (rising edge-triggered cell FDRE clocked by clk_out1_design_1_clk_wiz_0_0  {rise@0.000ns fall@10.000ns period=20.000ns})
  Destination:            design_1_i/top_0/inst/MiniMIPS32_Lite_FullSyS0/data_ram0/U0/synth_options.dist_mem_inst/gen_sp_ram.spram_inst/ram_reg_6656_6911_21_21/RAMS64E_A/ADR0
                            (rising edge-triggered cell RAMS64E clocked by clk_out1_design_1_clk_wiz_0_0  {rise@0.000ns fall@10.000ns period=20.000ns})
  Path Group:             clk_out1_design_1_clk_wiz_0_0
  Path Type:              Hold (Min at Fast Process Corner)
  Requirement:            0.000ns  (clk_out1_design_1_clk_wiz_0_0 rise@0.000ns - clk_out1_design_1_clk_wiz_0_0 rise@0.000ns)
  Data Path Delay:        0.703ns  (logic 0.141ns (20.049%)  route 0.562ns (79.951%))
  Logic Levels:           0  
  Clock Path Skew:        0.266ns (DCD - SCD - CPR)
    Destination Clock Delay (DCD):    0.822ns
    Source Clock Delay      (SCD):    0.551ns
    Clock Pessimism Removal (CPR):    0.005ns

    Location             Delay type                Incr(ns)  Path(ns)    Netlist Resource(s)
  -------------------------------------------------------------------    -------------------
                         (clock clk_out1_design_1_clk_wiz_0_0 rise edge)
                                                      0.000     0.000 r  
    BUFGCTRL_X0Y16       BUFG                         0.000     0.000 r  design_1_i/cg_fpga_0/inst/processing_system7_0/inst/buffer_fclk_clk_0.FCLK_CLK_0_BUFG/O
                         net (fo=7383, routed)        0.672     0.672    design_1_i/clk_wiz_0/inst/clk_in1
    MMCME2_ADV_X1Y2      MMCME2_ADV (Prop_mmcme2_adv_CLKIN1_CLKOUT0)
                                                     -1.395    -0.722 r  design_1_i/clk_wiz_0/inst/mmcm_adv_inst/CLKOUT0
                         net (fo=1, routed)           0.696    -0.026    design_1_i/clk_wiz_0/inst/clk_out1_design_1_clk_wiz_0_0
    BUFGCTRL_X0Y18       BUFG (Prop_bufg_I_O)         0.026    -0.000 r  design_1_i/clk_wiz_0/inst/clkout1_buf/O
                         net (fo=9913, routed)        0.551     0.551    design_1_i/top_0/inst/MiniMIPS32_Lite_FullSyS0/cpu_core/exemem_reg0/clk
    SLICE_X51Y92         FDRE                                         r  design_1_i/top_0/inst/MiniMIPS32_Lite_FullSyS0/cpu_core/exemem_reg0/mem_wd_reg[2]_replica_2/C
  -------------------------------------------------------------------    -------------------
    SLICE_X51Y92         FDRE (Prop_fdre_C_Q)         0.141     0.692 r  design_1_i/top_0/inst/MiniMIPS32_Lite_FullSyS0/cpu_core/exemem_reg0/mem_wd_reg[2]_replica_2/Q
                         net (fo=712, routed)         0.562     1.254    design_1_i/top_0/inst/MiniMIPS32_Lite_FullSyS0/data_ram0/U0/synth_options.dist_mem_inst/gen_sp_ram.spram_inst/ram_reg_6656_6911_21_21/A0
    SLICE_X42Y89         RAMS64E                                      r  design_1_i/top_0/inst/MiniMIPS32_Lite_FullSyS0/data_ram0/U0/synth_options.dist_mem_inst/gen_sp_ram.spram_inst/ram_reg_6656_6911_21_21/RAMS64E_A/ADR0
  -------------------------------------------------------------------    -------------------

                         (clock clk_out1_design_1_clk_wiz_0_0 rise edge)
                                                      0.000     0.000 r  
    BUFGCTRL_X0Y16       BUFG                         0.000     0.000 r  design_1_i/cg_fpga_0/inst/processing_system7_0/inst/buffer_fclk_clk_0.FCLK_CLK_0_BUFG/O
                         net (fo=7383, routed)        0.945     0.945    design_1_i/clk_wiz_0/inst/clk_in1
    MMCME2_ADV_X1Y2      MMCME2_ADV (Prop_mmcme2_adv_CLKIN1_CLKOUT0)
                                                     -1.726    -0.781 r  design_1_i/clk_wiz_0/inst/mmcm_adv_inst/CLKOUT0
                         net (fo=1, routed)           0.752    -0.029    design_1_i/clk_wiz_0/inst/clk_out1_design_1_clk_wiz_0_0
    BUFGCTRL_X0Y18       BUFG (Prop_bufg_I_O)         0.029     0.000 r  design_1_i/clk_wiz_0/inst/clkout1_buf/O
                         net (fo=9913, routed)        0.822     0.822    design_1_i/top_0/inst/MiniMIPS32_Lite_FullSyS0/data_ram0/U0/synth_options.dist_mem_inst/gen_sp_ram.spram_inst/ram_reg_6656_6911_21_21/WCLK
    SLICE_X42Y89         RAMS64E                                      r  design_1_i/top_0/inst/MiniMIPS32_Lite_FullSyS0/data_ram0/U0/synth_options.dist_mem_inst/gen_sp_ram.spram_inst/ram_reg_6656_6911_21_21/RAMS64E_A/CLK
                         clock pessimism             -0.005     0.817    
    SLICE_X42Y89         RAMS64E (Hold_rams64e_CLK_ADR0)
                                                      0.310     1.127    design_1_i/top_0/inst/MiniMIPS32_Lite_FullSyS0/data_ram0/U0/synth_options.dist_mem_inst/gen_sp_ram.spram_inst/ram_reg_6656_6911_21_21/RAMS64E_A
  -------------------------------------------------------------------
                         required time                         -1.127    
                         arrival time                           1.254    
  -------------------------------------------------------------------
                         slack                                  0.127    

Slack (MET) :             0.127ns  (arrival time - required time)
  Source:                 design_1_i/top_0/inst/MiniMIPS32_Lite_FullSyS0/cpu_core/exemem_reg0/mem_wd_reg[2]_replica_2/C
                            (rising edge-triggered cell FDRE clocked by clk_out1_design_1_clk_wiz_0_0  {rise@0.000ns fall@10.000ns period=20.000ns})
  Destination:            design_1_i/top_0/inst/MiniMIPS32_Lite_FullSyS0/data_ram0/U0/synth_options.dist_mem_inst/gen_sp_ram.spram_inst/ram_reg_6656_6911_21_21/RAMS64E_B/ADR0
                            (rising edge-triggered cell RAMS64E clocked by clk_out1_design_1_clk_wiz_0_0  {rise@0.000ns fall@10.000ns period=20.000ns})
  Path Group:             clk_out1_design_1_clk_wiz_0_0
  Path Type:              Hold (Min at Fast Process Corner)
  Requirement:            0.000ns  (clk_out1_design_1_clk_wiz_0_0 rise@0.000ns - clk_out1_design_1_clk_wiz_0_0 rise@0.000ns)
  Data Path Delay:        0.703ns  (logic 0.141ns (20.049%)  route 0.562ns (79.951%))
  Logic Levels:           0  
  Clock Path Skew:        0.266ns (DCD - SCD - CPR)
    Destination Clock Delay (DCD):    0.822ns
    Source Clock Delay      (SCD):    0.551ns
    Clock Pessimism Removal (CPR):    0.005ns

    Location             Delay type                Incr(ns)  Path(ns)    Netlist Resource(s)
  -------------------------------------------------------------------    -------------------
                         (clock clk_out1_design_1_clk_wiz_0_0 rise edge)
                                                      0.000     0.000 r  
    BUFGCTRL_X0Y16       BUFG                         0.000     0.000 r  design_1_i/cg_fpga_0/inst/processing_system7_0/inst/buffer_fclk_clk_0.FCLK_CLK_0_BUFG/O
                         net (fo=7383, routed)        0.672     0.672    design_1_i/clk_wiz_0/inst/clk_in1
    MMCME2_ADV_X1Y2      MMCME2_ADV (Prop_mmcme2_adv_CLKIN1_CLKOUT0)
                                                     -1.395    -0.722 r  design_1_i/clk_wiz_0/inst/mmcm_adv_inst/CLKOUT0
                         net (fo=1, routed)           0.696    -0.026    design_1_i/clk_wiz_0/inst/clk_out1_design_1_clk_wiz_0_0
    BUFGCTRL_X0Y18       BUFG (Prop_bufg_I_O)         0.026    -0.000 r  design_1_i/clk_wiz_0/inst/clkout1_buf/O
                         net (fo=9913, routed)        0.551     0.551    design_1_i/top_0/inst/MiniMIPS32_Lite_FullSyS0/cpu_core/exemem_reg0/clk
    SLICE_X51Y92         FDRE                                         r  design_1_i/top_0/inst/MiniMIPS32_Lite_FullSyS0/cpu_core/exemem_reg0/mem_wd_reg[2]_replica_2/C
  -------------------------------------------------------------------    -------------------
    SLICE_X51Y92         FDRE (Prop_fdre_C_Q)         0.141     0.692 r  design_1_i/top_0/inst/MiniMIPS32_Lite_FullSyS0/cpu_core/exemem_reg0/mem_wd_reg[2]_replica_2/Q
                         net (fo=712, routed)         0.562     1.254    design_1_i/top_0/inst/MiniMIPS32_Lite_FullSyS0/data_ram0/U0/synth_options.dist_mem_inst/gen_sp_ram.spram_inst/ram_reg_6656_6911_21_21/A0
    SLICE_X42Y89         RAMS64E                                      r  design_1_i/top_0/inst/MiniMIPS32_Lite_FullSyS0/data_ram0/U0/synth_options.dist_mem_inst/gen_sp_ram.spram_inst/ram_reg_6656_6911_21_21/RAMS64E_B/ADR0
  -------------------------------------------------------------------    -------------------

                         (clock clk_out1_design_1_clk_wiz_0_0 rise edge)
                                                      0.000     0.000 r  
    BUFGCTRL_X0Y16       BUFG                         0.000     0.000 r  design_1_i/cg_fpga_0/inst/processing_system7_0/inst/buffer_fclk_clk_0.FCLK_CLK_0_BUFG/O
                         net (fo=7383, routed)        0.945     0.945    design_1_i/clk_wiz_0/inst/clk_in1
    MMCME2_ADV_X1Y2      MMCME2_ADV (Prop_mmcme2_adv_CLKIN1_CLKOUT0)
                                                     -1.726    -0.781 r  design_1_i/clk_wiz_0/inst/mmcm_adv_inst/CLKOUT0
                         net (fo=1, routed)           0.752    -0.029    design_1_i/clk_wiz_0/inst/clk_out1_design_1_clk_wiz_0_0
    BUFGCTRL_X0Y18       BUFG (Prop_bufg_I_O)         0.029     0.000 r  design_1_i/clk_wiz_0/inst/clkout1_buf/O
                         net (fo=9913, routed)        0.822     0.822    design_1_i/top_0/inst/MiniMIPS32_Lite_FullSyS0/data_ram0/U0/synth_options.dist_mem_inst/gen_sp_ram.spram_inst/ram_reg_6656_6911_21_21/WCLK
    SLICE_X42Y89         RAMS64E                                      r  design_1_i/top_0/inst/MiniMIPS32_Lite_FullSyS0/data_ram0/U0/synth_options.dist_mem_inst/gen_sp_ram.spram_inst/ram_reg_6656_6911_21_21/RAMS64E_B/CLK
                         clock pessimism             -0.005     0.817    
    SLICE_X42Y89         RAMS64E (Hold_rams64e_CLK_ADR0)
                                                      0.310     1.127    design_1_i/top_0/inst/MiniMIPS32_Lite_FullSyS0/data_ram0/U0/synth_options.dist_mem_inst/gen_sp_ram.spram_inst/ram_reg_6656_6911_21_21/RAMS64E_B
  -------------------------------------------------------------------
                         required time                         -1.127    
                         arrival time                           1.254    
  -------------------------------------------------------------------
                         slack                                  0.127    





Pulse Width Checks
--------------------------------------------------------------------------------------
Clock Name:         clk_out1_design_1_clk_wiz_0_0
Waveform(ns):       { 0.000 10.000 }
Period(ns):         20.000
Sources:            { design_1_i/clk_wiz_0/inst/mmcm_adv_inst/CLKOUT0 }

Check Type        Corner  Lib Pin             Reference Pin  Required(ns)  Actual(ns)  Slack(ns)  Location         Pin
Min Period        n/a     BUFG/I              n/a            2.155         20.000      17.845     BUFGCTRL_X0Y18   design_1_i/clk_wiz_0/inst/clkout1_buf/I
Min Period        n/a     MMCME2_ADV/CLKOUT0  n/a            1.249         20.000      18.751     MMCME2_ADV_X1Y2  design_1_i/clk_wiz_0/inst/mmcm_adv_inst/CLKOUT0
Min Period        n/a     FDCE/C              n/a            1.000         20.000      19.000     SLICE_X55Y75     design_1_i/top_0/inst/MiniMIPS32_Lite_FullSyS0/btn_ff_reg[0]/C
Min Period        n/a     FDCE/C              n/a            1.000         20.000      19.000     SLICE_X55Y75     design_1_i/top_0/inst/MiniMIPS32_Lite_FullSyS0/btn_ff_reg[1]/C
Min Period        n/a     FDCE/C              n/a            1.000         20.000      19.000     SLICE_X55Y75     design_1_i/top_0/inst/MiniMIPS32_Lite_FullSyS0/btn_ff_reg[2]/C
Min Period        n/a     FDCE/C              n/a            1.000         20.000      19.000     SLICE_X55Y75     design_1_i/top_0/inst/MiniMIPS32_Lite_FullSyS0/btn_ff_reg[3]/C
Min Period        n/a     FDCE/C              n/a            1.000         20.000      19.000     SLICE_X56Y76     design_1_i/top_0/inst/MiniMIPS32_Lite_FullSyS0/btn_ff_reg[4]/C
Min Period        n/a     FDCE/C              n/a            1.000         20.000      19.000     SLICE_X56Y76     design_1_i/top_0/inst/MiniMIPS32_Lite_FullSyS0/btn_ff_reg[5]/C
Min Period        n/a     FDCE/C              n/a            1.000         20.000      19.000     SLICE_X56Y76     design_1_i/top_0/inst/MiniMIPS32_Lite_FullSyS0/btn_ff_reg[6]/C
Min Period        n/a     FDCE/C              n/a            1.000         20.000      19.000     SLICE_X59Y76     design_1_i/top_0/inst/MiniMIPS32_Lite_FullSyS0/btn_ff_reg[7]/C
Max Period        n/a     MMCME2_ADV/CLKOUT0  n/a            213.360       20.000      193.360    MMCME2_ADV_X1Y2  design_1_i/clk_wiz_0/inst/mmcm_adv_inst/CLKOUT0
Low Pulse Width   Fast    RAMS64E/CLK         n/a            1.250         10.000      8.750      SLICE_X30Y88     design_1_i/top_0/inst/MiniMIPS32_Lite_FullSyS0/data_ram0/U0/synth_options.dist_mem_inst/gen_sp_ram.spram_inst/ram_reg_0_255_4_4/RAMS64E_D/CLK
Low Pulse Width   Slow    RAMS64E/CLK         n/a            1.250         10.000      8.750      SLICE_X94Y78     design_1_i/top_0/inst/MiniMIPS32_Lite_FullSyS0/data_ram0/U0/synth_options.dist_mem_inst/gen_sp_ram.spram_inst/ram_reg_0_255_5_5/RAMS64E_A/CLK
Low Pulse Width   Slow    RAMS64E/CLK         n/a            1.250         10.000      8.750      SLICE_X94Y78     design_1_i/top_0/inst/MiniMIPS32_Lite_FullSyS0/data_ram0/U0/synth_options.dist_mem_inst/gen_sp_ram.spram_inst/ram_reg_0_255_5_5/RAMS64E_B/CLK
Low Pulse Width   Slow    RAMS64E/CLK         n/a            1.250         10.000      8.750      SLICE_X94Y78     design_1_i/top_0/inst/MiniMIPS32_Lite_FullSyS0/data_ram0/U0/synth_options.dist_mem_inst/gen_sp_ram.spram_inst/ram_reg_0_255_5_5/RAMS64E_C/CLK
Low Pulse Width   Slow    RAMS64E/CLK         n/a            1.250         10.000      8.750      SLICE_X94Y78     design_1_i/top_0/inst/MiniMIPS32_Lite_FullSyS0/data_ram0/U0/synth_options.dist_mem_inst/gen_sp_ram.spram_inst/ram_reg_0_255_5_5/RAMS64E_D/CLK
Low Pulse Width   Fast    RAMS64E/CLK         n/a            1.250         10.000      8.750      SLICE_X102Y130   design_1_i/top_0/inst/MiniMIPS32_Lite_FullSyS0/data_ram0/U0/synth_options.dist_mem_inst/gen_sp_ram.spram_inst/ram_reg_11520_11775_13_13/RAMS64E_A/CLK
Low Pulse Width   Fast    RAMS64E/CLK         n/a            1.250         10.000      8.750      SLICE_X102Y130   design_1_i/top_0/inst/MiniMIPS32_Lite_FullSyS0/data_ram0/U0/synth_options.dist_mem_inst/gen_sp_ram.spram_inst/ram_reg_11520_11775_13_13/RAMS64E_B/CLK
Low Pulse Width   Fast    RAMS64E/CLK         n/a            1.250         10.000      8.750      SLICE_X102Y130   design_1_i/top_0/inst/MiniMIPS32_Lite_FullSyS0/data_ram0/U0/synth_options.dist_mem_inst/gen_sp_ram.spram_inst/ram_reg_11520_11775_13_13/RAMS64E_C/CLK
Low Pulse Width   Fast    RAMS64E/CLK         n/a            1.250         10.000      8.750      SLICE_X102Y130   design_1_i/top_0/inst/MiniMIPS32_Lite_FullSyS0/data_ram0/U0/synth_options.dist_mem_inst/gen_sp_ram.spram_inst/ram_reg_11520_11775_13_13/RAMS64E_D/CLK
Low Pulse Width   Slow    RAMS64E/CLK         n/a            1.250         10.000      8.750      SLICE_X62Y88     design_1_i/top_0/inst/MiniMIPS32_Lite_FullSyS0/data_ram0/U0/synth_options.dist_mem_inst/gen_sp_ram.spram_inst/ram_reg_11520_11775_14_14/RAMS64E_A/CLK
High Pulse Width  Slow    RAMS64E/CLK         n/a            1.250         10.000      8.750      SLICE_X102Y130   design_1_i/top_0/inst/MiniMIPS32_Lite_FullSyS0/data_ram0/U0/synth_options.dist_mem_inst/gen_sp_ram.spram_inst/ram_reg_11520_11775_13_13/RAMS64E_A/CLK
High Pulse Width  Slow    RAMS64E/CLK         n/a            1.250         10.000      8.750      SLICE_X102Y130   design_1_i/top_0/inst/MiniMIPS32_Lite_FullSyS0/data_ram0/U0/synth_options.dist_mem_inst/gen_sp_ram.spram_inst/ram_reg_11520_11775_13_13/RAMS64E_B/CLK
High Pulse Width  Slow    RAMS64E/CLK         n/a            1.250         10.000      8.750      SLICE_X102Y130   design_1_i/top_0/inst/MiniMIPS32_Lite_FullSyS0/data_ram0/U0/synth_options.dist_mem_inst/gen_sp_ram.spram_inst/ram_reg_11520_11775_13_13/RAMS64E_C/CLK
High Pulse Width  Slow    RAMS64E/CLK         n/a            1.250         10.000      8.750      SLICE_X102Y130   design_1_i/top_0/inst/MiniMIPS32_Lite_FullSyS0/data_ram0/U0/synth_options.dist_mem_inst/gen_sp_ram.spram_inst/ram_reg_11520_11775_13_13/RAMS64E_D/CLK
High Pulse Width  Slow    RAMS64E/CLK         n/a            1.250         10.000      8.750      SLICE_X92Y128    design_1_i/top_0/inst/MiniMIPS32_Lite_FullSyS0/data_ram0/U0/synth_options.dist_mem_inst/gen_sp_ram.spram_inst/ram_reg_8448_8703_22_22/RAMS64E_A/CLK
High Pulse Width  Slow    RAMS64E/CLK         n/a            1.250         10.000      8.750      SLICE_X92Y128    design_1_i/top_0/inst/MiniMIPS32_Lite_FullSyS0/data_ram0/U0/synth_options.dist_mem_inst/gen_sp_ram.spram_inst/ram_reg_8448_8703_22_22/RAMS64E_B/CLK
High Pulse Width  Slow    RAMS64E/CLK         n/a            1.250         10.000      8.750      SLICE_X92Y128    design_1_i/top_0/inst/MiniMIPS32_Lite_FullSyS0/data_ram0/U0/synth_options.dist_mem_inst/gen_sp_ram.spram_inst/ram_reg_8448_8703_22_22/RAMS64E_C/CLK
High Pulse Width  Slow    RAMS64E/CLK         n/a            1.250         10.000      8.750      SLICE_X92Y128    design_1_i/top_0/inst/MiniMIPS32_Lite_FullSyS0/data_ram0/U0/synth_options.dist_mem_inst/gen_sp_ram.spram_inst/ram_reg_8448_8703_22_22/RAMS64E_D/CLK
High Pulse Width  Slow    RAMS64E/CLK         n/a            1.250         10.000      8.750      SLICE_X66Y139    design_1_i/top_0/inst/MiniMIPS32_Lite_FullSyS0/data_ram0/U0/synth_options.dist_mem_inst/gen_sp_ram.spram_inst/ram_reg_8448_8703_23_23/RAMS64E_A/CLK
High Pulse Width  Slow    RAMS64E/CLK         n/a            1.250         10.000      8.750      SLICE_X66Y139    design_1_i/top_0/inst/MiniMIPS32_Lite_FullSyS0/data_ram0/U0/synth_options.dist_mem_inst/gen_sp_ram.spram_inst/ram_reg_8448_8703_23_23/RAMS64E_B/CLK



---------------------------------------------------------------------------------------------------
From Clock:  clkfbout_design_1_clk_wiz_0_0
  To Clock:  clkfbout_design_1_clk_wiz_0_0

Setup :           NA  Failing Endpoints,  Worst Slack           NA  ,  Total Violation           NA
Hold  :           NA  Failing Endpoints,  Worst Slack           NA  ,  Total Violation           NA
PW    :            0  Failing Endpoints,  Worst Slack        7.845ns,  Total Violation        0.000ns
---------------------------------------------------------------------------------------------------


Pulse Width Checks
--------------------------------------------------------------------------------------
Clock Name:         clkfbout_design_1_clk_wiz_0_0
Waveform(ns):       { 0.000 5.000 }
Period(ns):         10.000
Sources:            { design_1_i/clk_wiz_0/inst/mmcm_adv_inst/CLKFBOUT }

Check Type  Corner  Lib Pin              Reference Pin  Required(ns)  Actual(ns)  Slack(ns)  Location         Pin
Min Period  n/a     BUFG/I               n/a            2.155         10.000      7.845      BUFGCTRL_X0Y17   design_1_i/clk_wiz_0/inst/clkf_buf/I
Min Period  n/a     MMCME2_ADV/CLKFBOUT  n/a            1.249         10.000      8.751      MMCME2_ADV_X1Y2  design_1_i/clk_wiz_0/inst/mmcm_adv_inst/CLKFBOUT
Min Period  n/a     MMCME2_ADV/CLKFBIN   n/a            1.249         10.000      8.751      MMCME2_ADV_X1Y2  design_1_i/clk_wiz_0/inst/mmcm_adv_inst/CLKFBIN
Max Period  n/a     MMCME2_ADV/CLKFBIN   n/a            100.000       10.000      90.000     MMCME2_ADV_X1Y2  design_1_i/clk_wiz_0/inst/mmcm_adv_inst/CLKFBIN
Max Period  n/a     MMCME2_ADV/CLKFBOUT  n/a            213.360       10.000      203.360    MMCME2_ADV_X1Y2  design_1_i/clk_wiz_0/inst/mmcm_adv_inst/CLKFBOUT



---------------------------------------------------------------------------------------------------
From Clock:  clk_fpga_0
  To Clock:  clk_out1_design_1_clk_wiz_0_0

Setup :            0  Failing Endpoints,  Worst Slack        6.406ns,  Total Violation        0.000ns
Hold  :            0  Failing Endpoints,  Worst Slack        0.035ns,  Total Violation        0.000ns
---------------------------------------------------------------------------------------------------


Max Delay Paths
--------------------------------------------------------------------------------------
Slack (MET) :             6.406ns  (required time - arrival time)
  Source:                 design_1_i/cg_fpga_0/inst/cg_fpga_axi_gpio_o1/U0/gpio_core_1/Dual.gpio_Data_Out_reg[21]/C
                            (rising edge-triggered cell FDRE clocked by clk_fpga_0  {rise@0.000ns fall@5.000ns period=10.000ns})
  Destination:            design_1_i/top_0/inst/MiniMIPS32_Lite_FullSyS0/sw_1_ff_reg[10]/D
                            (rising edge-triggered cell FDCE clocked by clk_out1_design_1_clk_wiz_0_0  {rise@0.000ns fall@10.000ns period=20.000ns})
  Path Group:             clk_out1_design_1_clk_wiz_0_0
  Path Type:              Setup (Max at Slow Process Corner)
  Requirement:            10.000ns  (clk_out1_design_1_clk_wiz_0_0 rise@20.000ns - clk_fpga_0 rise@10.000ns)
  Data Path Delay:        1.579ns  (logic 0.419ns (26.532%)  route 1.160ns (73.468%))
  Logic Levels:           0  
  Clock Path Skew:        -1.468ns (DCD - SCD + CPR)
    Destination Clock Delay (DCD):    1.531ns = ( 21.531 - 20.000 ) 
    Source Clock Delay      (SCD):    2.999ns = ( 12.999 - 10.000 ) 
    Clock Pessimism Removal (CPR):    0.000ns
  Clock Uncertainty:      0.270ns  ((TSJ^2 + TIJ^2 + DJ^2)^1/2) / 2 + PE
    Total System Jitter     (TSJ):    0.071ns
    Total Input Jitter      (TIJ):    0.300ns
    Discrete Jitter          (DJ):    0.152ns
    Phase Error              (PE):    0.099ns
  Clock Domain Crossing:  Inter clock paths are considered valid unless explicitly excluded by timing constraints such as set_clock_groups or set_false_path.

    Location             Delay type                Incr(ns)  Path(ns)    Netlist Resource(s)
  -------------------------------------------------------------------    -------------------
                         (clock clk_fpga_0 rise edge)
                                                     10.000    10.000 r  
    PS7_X0Y0             PS7                          0.000    10.000 r  design_1_i/cg_fpga_0/inst/processing_system7_0/inst/PS7_i/FCLKCLK[0]
                         net (fo=1, routed)           1.193    11.193    design_1_i/cg_fpga_0/inst/processing_system7_0/inst/FCLK_CLK_unbuffered[0]
    BUFGCTRL_X0Y16       BUFG (Prop_bufg_I_O)         0.101    11.294 r  design_1_i/cg_fpga_0/inst/processing_system7_0/inst/buffer_fclk_clk_0.FCLK_CLK_0_BUFG/O
                         net (fo=7383, routed)        1.705    12.999    design_1_i/cg_fpga_0/inst/cg_fpga_axi_gpio_o1/U0/gpio_core_1/s_axi_aclk
    SLICE_X61Y67         FDRE                                         r  design_1_i/cg_fpga_0/inst/cg_fpga_axi_gpio_o1/U0/gpio_core_1/Dual.gpio_Data_Out_reg[21]/C
  -------------------------------------------------------------------    -------------------
    SLICE_X61Y67         FDRE (Prop_fdre_C_Q)         0.419    13.418 r  design_1_i/cg_fpga_0/inst/cg_fpga_axi_gpio_o1/U0/gpio_core_1/Dual.gpio_Data_Out_reg[21]/Q
                         net (fo=2, routed)           1.160    14.578    design_1_i/top_0/inst/MiniMIPS32_Lite_FullSyS0/sw_1[10]
    SLICE_X64Y68         FDCE                                         r  design_1_i/top_0/inst/MiniMIPS32_Lite_FullSyS0/sw_1_ff_reg[10]/D
  -------------------------------------------------------------------    -------------------

                         (clock clk_out1_design_1_clk_wiz_0_0 rise edge)
                                                     20.000    20.000 r  
    BUFGCTRL_X0Y16       BUFG                         0.000    20.000 r  design_1_i/cg_fpga_0/inst/processing_system7_0/inst/buffer_fclk_clk_0.FCLK_CLK_0_BUFG/O
                         net (fo=7383, routed)        1.770    21.770    design_1_i/clk_wiz_0/inst/clk_in1
    MMCME2_ADV_X1Y2      MMCME2_ADV (Prop_mmcme2_adv_CLKIN1_CLKOUT0)
                                                     -3.873    17.897 r  design_1_i/clk_wiz_0/inst/mmcm_adv_inst/CLKOUT0
                         net (fo=1, routed)           2.012    19.909    design_1_i/clk_wiz_0/inst/clk_out1_design_1_clk_wiz_0_0
    BUFGCTRL_X0Y18       BUFG (Prop_bufg_I_O)         0.091    20.000 r  design_1_i/clk_wiz_0/inst/clkout1_buf/O
                         net (fo=9913, routed)        1.531    21.531    design_1_i/top_0/inst/MiniMIPS32_Lite_FullSyS0/clk
    SLICE_X64Y68         FDCE                                         r  design_1_i/top_0/inst/MiniMIPS32_Lite_FullSyS0/sw_1_ff_reg[10]/C
                         clock pessimism              0.000    21.531    
                         clock uncertainty           -0.270    21.260    
    SLICE_X64Y68         FDCE (Setup_fdce_C_D)       -0.276    20.984    design_1_i/top_0/inst/MiniMIPS32_Lite_FullSyS0/sw_1_ff_reg[10]
  -------------------------------------------------------------------
                         required time                         20.984    
                         arrival time                         -14.578    
  -------------------------------------------------------------------
                         slack                                  6.406    

Slack (MET) :             6.417ns  (required time - arrival time)
  Source:                 design_1_i/cg_fpga_0/inst/cg_fpga_axi_gpio_o1/U0/gpio_core_1/Dual.gpio2_Data_Out_reg[20]/C
                            (rising edge-triggered cell FDRE clocked by clk_fpga_0  {rise@0.000ns fall@5.000ns period=10.000ns})
  Destination:            design_1_i/top_0/inst/MiniMIPS32_Lite_FullSyS0/sw_2_ff_reg[11]/D
                            (rising edge-triggered cell FDCE clocked by clk_out1_design_1_clk_wiz_0_0  {rise@0.000ns fall@10.000ns period=20.000ns})
  Path Group:             clk_out1_design_1_clk_wiz_0_0
  Path Type:              Setup (Max at Slow Process Corner)
  Requirement:            10.000ns  (clk_out1_design_1_clk_wiz_0_0 rise@20.000ns - clk_fpga_0 rise@10.000ns)
  Data Path Delay:        1.788ns  (logic 0.456ns (25.501%)  route 1.332ns (74.499%))
  Logic Levels:           0  
  Clock Path Skew:        -1.463ns (DCD - SCD + CPR)
    Destination Clock Delay (DCD):    1.523ns = ( 21.523 - 20.000 ) 
    Source Clock Delay      (SCD):    2.986ns = ( 12.986 - 10.000 ) 
    Clock Pessimism Removal (CPR):    0.000ns
  Clock Uncertainty:      0.270ns  ((TSJ^2 + TIJ^2 + DJ^2)^1/2) / 2 + PE
    Total System Jitter     (TSJ):    0.071ns
    Total Input Jitter      (TIJ):    0.300ns
    Discrete Jitter          (DJ):    0.152ns
    Phase Error              (PE):    0.099ns
  Clock Domain Crossing:  Inter clock paths are considered valid unless explicitly excluded by timing constraints such as set_clock_groups or set_false_path.

    Location             Delay type                Incr(ns)  Path(ns)    Netlist Resource(s)
  -------------------------------------------------------------------    -------------------
                         (clock clk_fpga_0 rise edge)
                                                     10.000    10.000 r  
    PS7_X0Y0             PS7                          0.000    10.000 r  design_1_i/cg_fpga_0/inst/processing_system7_0/inst/PS7_i/FCLKCLK[0]
                         net (fo=1, routed)           1.193    11.193    design_1_i/cg_fpga_0/inst/processing_system7_0/inst/FCLK_CLK_unbuffered[0]
    BUFGCTRL_X0Y16       BUFG (Prop_bufg_I_O)         0.101    11.294 r  design_1_i/cg_fpga_0/inst/processing_system7_0/inst/buffer_fclk_clk_0.FCLK_CLK_0_BUFG/O
                         net (fo=7383, routed)        1.692    12.986    design_1_i/cg_fpga_0/inst/cg_fpga_axi_gpio_o1/U0/gpio_core_1/s_axi_aclk
    SLICE_X59Y74         FDRE                                         r  design_1_i/cg_fpga_0/inst/cg_fpga_axi_gpio_o1/U0/gpio_core_1/Dual.gpio2_Data_Out_reg[20]/C
  -------------------------------------------------------------------    -------------------
    SLICE_X59Y74         FDRE (Prop_fdre_C_Q)         0.456    13.442 r  design_1_i/cg_fpga_0/inst/cg_fpga_axi_gpio_o1/U0/gpio_core_1/Dual.gpio2_Data_Out_reg[20]/Q
                         net (fo=2, routed)           1.332    14.774    design_1_i/top_0/inst/MiniMIPS32_Lite_FullSyS0/sw_2[11]
    SLICE_X61Y74         FDCE                                         r  design_1_i/top_0/inst/MiniMIPS32_Lite_FullSyS0/sw_2_ff_reg[11]/D
  -------------------------------------------------------------------    -------------------

                         (clock clk_out1_design_1_clk_wiz_0_0 rise edge)
                                                     20.000    20.000 r  
    BUFGCTRL_X0Y16       BUFG                         0.000    20.000 r  design_1_i/cg_fpga_0/inst/processing_system7_0/inst/buffer_fclk_clk_0.FCLK_CLK_0_BUFG/O
                         net (fo=7383, routed)        1.770    21.770    design_1_i/clk_wiz_0/inst/clk_in1
    MMCME2_ADV_X1Y2      MMCME2_ADV (Prop_mmcme2_adv_CLKIN1_CLKOUT0)
                                                     -3.873    17.897 r  design_1_i/clk_wiz_0/inst/mmcm_adv_inst/CLKOUT0
                         net (fo=1, routed)           2.012    19.909    design_1_i/clk_wiz_0/inst/clk_out1_design_1_clk_wiz_0_0
    BUFGCTRL_X0Y18       BUFG (Prop_bufg_I_O)         0.091    20.000 r  design_1_i/clk_wiz_0/inst/clkout1_buf/O
                         net (fo=9913, routed)        1.523    21.523    design_1_i/top_0/inst/MiniMIPS32_Lite_FullSyS0/clk
    SLICE_X61Y74         FDCE                                         r  design_1_i/top_0/inst/MiniMIPS32_Lite_FullSyS0/sw_2_ff_reg[11]/C
                         clock pessimism              0.000    21.523    
                         clock uncertainty           -0.270    21.252    
    SLICE_X61Y74         FDCE (Setup_fdce_C_D)       -0.061    21.191    design_1_i/top_0/inst/MiniMIPS32_Lite_FullSyS0/sw_2_ff_reg[11]
  -------------------------------------------------------------------
                         required time                         21.191    
                         arrival time                         -14.774    
  -------------------------------------------------------------------
                         slack                                  6.417    

Slack (MET) :             6.444ns  (required time - arrival time)
  Source:                 design_1_i/cg_fpga_0/inst/cg_fpga_axi_gpio_o1/U0/gpio_core_1/Dual.gpio_Data_Out_reg[20]/C
                            (rising edge-triggered cell FDRE clocked by clk_fpga_0  {rise@0.000ns fall@5.000ns period=10.000ns})
  Destination:            design_1_i/top_0/inst/MiniMIPS32_Lite_FullSyS0/sw_1_ff_reg[11]/D
                            (rising edge-triggered cell FDCE clocked by clk_out1_design_1_clk_wiz_0_0  {rise@0.000ns fall@10.000ns period=20.000ns})
  Path Group:             clk_out1_design_1_clk_wiz_0_0
  Path Type:              Setup (Max at Slow Process Corner)
  Requirement:            10.000ns  (clk_out1_design_1_clk_wiz_0_0 rise@20.000ns - clk_fpga_0 rise@10.000ns)
  Data Path Delay:        1.718ns  (logic 0.456ns (26.550%)  route 1.262ns (73.450%))
  Logic Levels:           0  
  Clock Path Skew:        -1.463ns (DCD - SCD + CPR)
    Destination Clock Delay (DCD):    1.531ns = ( 21.531 - 20.000 ) 
    Source Clock Delay      (SCD):    2.994ns = ( 12.994 - 10.000 ) 
    Clock Pessimism Removal (CPR):    0.000ns
  Clock Uncertainty:      0.270ns  ((TSJ^2 + TIJ^2 + DJ^2)^1/2) / 2 + PE
    Total System Jitter     (TSJ):    0.071ns
    Total Input Jitter      (TIJ):    0.300ns
    Discrete Jitter          (DJ):    0.152ns
    Phase Error              (PE):    0.099ns
  Clock Domain Crossing:  Inter clock paths are considered valid unless explicitly excluded by timing constraints such as set_clock_groups or set_false_path.

    Location             Delay type                Incr(ns)  Path(ns)    Netlist Resource(s)
  -------------------------------------------------------------------    -------------------
                         (clock clk_fpga_0 rise edge)
                                                     10.000    10.000 r  
    PS7_X0Y0             PS7                          0.000    10.000 r  design_1_i/cg_fpga_0/inst/processing_system7_0/inst/PS7_i/FCLKCLK[0]
                         net (fo=1, routed)           1.193    11.193    design_1_i/cg_fpga_0/inst/processing_system7_0/inst/FCLK_CLK_unbuffered[0]
    BUFGCTRL_X0Y16       BUFG (Prop_bufg_I_O)         0.101    11.294 r  design_1_i/cg_fpga_0/inst/processing_system7_0/inst/buffer_fclk_clk_0.FCLK_CLK_0_BUFG/O
                         net (fo=7383, routed)        1.700    12.994    design_1_i/cg_fpga_0/inst/cg_fpga_axi_gpio_o1/U0/gpio_core_1/s_axi_aclk
    SLICE_X57Y69         FDRE                                         r  design_1_i/cg_fpga_0/inst/cg_fpga_axi_gpio_o1/U0/gpio_core_1/Dual.gpio_Data_Out_reg[20]/C
  -------------------------------------------------------------------    -------------------
    SLICE_X57Y69         FDRE (Prop_fdre_C_Q)         0.456    13.450 r  design_1_i/cg_fpga_0/inst/cg_fpga_axi_gpio_o1/U0/gpio_core_1/Dual.gpio_Data_Out_reg[20]/Q
                         net (fo=2, routed)           1.262    14.712    design_1_i/top_0/inst/MiniMIPS32_Lite_FullSyS0/sw_1[11]
    SLICE_X64Y68         FDCE                                         r  design_1_i/top_0/inst/MiniMIPS32_Lite_FullSyS0/sw_1_ff_reg[11]/D
  -------------------------------------------------------------------    -------------------

                         (clock clk_out1_design_1_clk_wiz_0_0 rise edge)
                                                     20.000    20.000 r  
    BUFGCTRL_X0Y16       BUFG                         0.000    20.000 r  design_1_i/cg_fpga_0/inst/processing_system7_0/inst/buffer_fclk_clk_0.FCLK_CLK_0_BUFG/O
                         net (fo=7383, routed)        1.770    21.770    design_1_i/clk_wiz_0/inst/clk_in1
    MMCME2_ADV_X1Y2      MMCME2_ADV (Prop_mmcme2_adv_CLKIN1_CLKOUT0)
                                                     -3.873    17.897 r  design_1_i/clk_wiz_0/inst/mmcm_adv_inst/CLKOUT0
                         net (fo=1, routed)           2.012    19.909    design_1_i/clk_wiz_0/inst/clk_out1_design_1_clk_wiz_0_0
    BUFGCTRL_X0Y18       BUFG (Prop_bufg_I_O)         0.091    20.000 r  design_1_i/clk_wiz_0/inst/clkout1_buf/O
                         net (fo=9913, routed)        1.531    21.531    design_1_i/top_0/inst/MiniMIPS32_Lite_FullSyS0/clk
    SLICE_X64Y68         FDCE                                         r  design_1_i/top_0/inst/MiniMIPS32_Lite_FullSyS0/sw_1_ff_reg[11]/C
                         clock pessimism              0.000    21.531    
                         clock uncertainty           -0.270    21.260    
    SLICE_X64Y68         FDCE (Setup_fdce_C_D)       -0.105    21.155    design_1_i/top_0/inst/MiniMIPS32_Lite_FullSyS0/sw_1_ff_reg[11]
  -------------------------------------------------------------------
                         required time                         21.155    
                         arrival time                         -14.712    
  -------------------------------------------------------------------
                         slack                                  6.444    

Slack (MET) :             6.474ns  (required time - arrival time)
  Source:                 design_1_i/cg_fpga_0/inst/cg_fpga_axi_gpio_o1/U0/gpio_core_1/Dual.gpio_Data_Out_reg[5]/C
                            (rising edge-triggered cell FDRE clocked by clk_fpga_0  {rise@0.000ns fall@5.000ns period=10.000ns})
  Destination:            design_1_i/top_0/inst/MiniMIPS32_Lite_FullSyS0/sw_1_ff_reg[26]/D
                            (rising edge-triggered cell FDCE clocked by clk_out1_design_1_clk_wiz_0_0  {rise@0.000ns fall@10.000ns period=20.000ns})
  Path Group:             clk_out1_design_1_clk_wiz_0_0
  Path Type:              Setup (Max at Slow Process Corner)
  Requirement:            10.000ns  (clk_out1_design_1_clk_wiz_0_0 rise@20.000ns - clk_fpga_0 rise@10.000ns)
  Data Path Delay:        1.800ns  (logic 0.456ns (25.331%)  route 1.344ns (74.669%))
  Logic Levels:           0  
  Clock Path Skew:        -1.408ns (DCD - SCD + CPR)
    Destination Clock Delay (DCD):    1.525ns = ( 21.525 - 20.000 ) 
    Source Clock Delay      (SCD):    2.933ns = ( 12.933 - 10.000 ) 
    Clock Pessimism Removal (CPR):    0.000ns
  Clock Uncertainty:      0.270ns  ((TSJ^2 + TIJ^2 + DJ^2)^1/2) / 2 + PE
    Total System Jitter     (TSJ):    0.071ns
    Total Input Jitter      (TIJ):    0.300ns
    Discrete Jitter          (DJ):    0.152ns
    Phase Error              (PE):    0.099ns
  Clock Domain Crossing:  Inter clock paths are considered valid unless explicitly excluded by timing constraints such as set_clock_groups or set_false_path.

    Location             Delay type                Incr(ns)  Path(ns)    Netlist Resource(s)
  -------------------------------------------------------------------    -------------------
                         (clock clk_fpga_0 rise edge)
                                                     10.000    10.000 r  
    PS7_X0Y0             PS7                          0.000    10.000 r  design_1_i/cg_fpga_0/inst/processing_system7_0/inst/PS7_i/FCLKCLK[0]
                         net (fo=1, routed)           1.193    11.193    design_1_i/cg_fpga_0/inst/processing_system7_0/inst/FCLK_CLK_unbuffered[0]
    BUFGCTRL_X0Y16       BUFG (Prop_bufg_I_O)         0.101    11.294 r  design_1_i/cg_fpga_0/inst/processing_system7_0/inst/buffer_fclk_clk_0.FCLK_CLK_0_BUFG/O
                         net (fo=7383, routed)        1.639    12.933    design_1_i/cg_fpga_0/inst/cg_fpga_axi_gpio_o1/U0/gpio_core_1/s_axi_aclk
    SLICE_X48Y68         FDRE                                         r  design_1_i/cg_fpga_0/inst/cg_fpga_axi_gpio_o1/U0/gpio_core_1/Dual.gpio_Data_Out_reg[5]/C
  -------------------------------------------------------------------    -------------------
    SLICE_X48Y68         FDRE (Prop_fdre_C_Q)         0.456    13.389 r  design_1_i/cg_fpga_0/inst/cg_fpga_axi_gpio_o1/U0/gpio_core_1/Dual.gpio_Data_Out_reg[5]/Q
                         net (fo=2, routed)           1.344    14.733    design_1_i/top_0/inst/MiniMIPS32_Lite_FullSyS0/sw_1[26]
    SLICE_X55Y69         FDCE                                         r  design_1_i/top_0/inst/MiniMIPS32_Lite_FullSyS0/sw_1_ff_reg[26]/D
  -------------------------------------------------------------------    -------------------

                         (clock clk_out1_design_1_clk_wiz_0_0 rise edge)
                                                     20.000    20.000 r  
    BUFGCTRL_X0Y16       BUFG                         0.000    20.000 r  design_1_i/cg_fpga_0/inst/processing_system7_0/inst/buffer_fclk_clk_0.FCLK_CLK_0_BUFG/O
                         net (fo=7383, routed)        1.770    21.770    design_1_i/clk_wiz_0/inst/clk_in1
    MMCME2_ADV_X1Y2      MMCME2_ADV (Prop_mmcme2_adv_CLKIN1_CLKOUT0)
                                                     -3.873    17.897 r  design_1_i/clk_wiz_0/inst/mmcm_adv_inst/CLKOUT0
                         net (fo=1, routed)           2.012    19.909    design_1_i/clk_wiz_0/inst/clk_out1_design_1_clk_wiz_0_0
    BUFGCTRL_X0Y18       BUFG (Prop_bufg_I_O)         0.091    20.000 r  design_1_i/clk_wiz_0/inst/clkout1_buf/O
                         net (fo=9913, routed)        1.525    21.525    design_1_i/top_0/inst/MiniMIPS32_Lite_FullSyS0/clk
    SLICE_X55Y69         FDCE                                         r  design_1_i/top_0/inst/MiniMIPS32_Lite_FullSyS0/sw_1_ff_reg[26]/C
                         clock pessimism              0.000    21.525    
                         clock uncertainty           -0.270    21.254    
    SLICE_X55Y69         FDCE (Setup_fdce_C_D)       -0.047    21.207    design_1_i/top_0/inst/MiniMIPS32_Lite_FullSyS0/sw_1_ff_reg[26]
  -------------------------------------------------------------------
                         required time                         21.207    
                         arrival time                         -14.733    
  -------------------------------------------------------------------
                         slack                                  6.474    

Slack (MET) :             6.567ns  (required time - arrival time)
  Source:                 design_1_i/cg_fpga_0/inst/cg_fpga_axi_gpio_o1/U0/gpio_core_1/Dual.gpio2_Data_Out_reg[24]/C
                            (rising edge-triggered cell FDRE clocked by clk_fpga_0  {rise@0.000ns fall@5.000ns period=10.000ns})
  Destination:            design_1_i/top_0/inst/MiniMIPS32_Lite_FullSyS0/sw_2_ff_reg[7]/D
                            (rising edge-triggered cell FDCE clocked by clk_out1_design_1_clk_wiz_0_0  {rise@0.000ns fall@10.000ns period=20.000ns})
  Path Group:             clk_out1_design_1_clk_wiz_0_0
  Path Type:              Setup (Max at Slow Process Corner)
  Requirement:            10.000ns  (clk_out1_design_1_clk_wiz_0_0 rise@20.000ns - clk_fpga_0 rise@10.000ns)
  Data Path Delay:        1.441ns  (logic 0.419ns (29.080%)  route 1.022ns (70.920%))
  Logic Levels:           0  
  Clock Path Skew:        -1.466ns (DCD - SCD + CPR)
    Destination Clock Delay (DCD):    1.520ns = ( 21.520 - 20.000 ) 
    Source Clock Delay      (SCD):    2.986ns = ( 12.986 - 10.000 ) 
    Clock Pessimism Removal (CPR):    0.000ns
  Clock Uncertainty:      0.270ns  ((TSJ^2 + TIJ^2 + DJ^2)^1/2) / 2 + PE
    Total System Jitter     (TSJ):    0.071ns
    Total Input Jitter      (TIJ):    0.300ns
    Discrete Jitter          (DJ):    0.152ns
    Phase Error              (PE):    0.099ns
  Clock Domain Crossing:  Inter clock paths are considered valid unless explicitly excluded by timing constraints such as set_clock_groups or set_false_path.

    Location             Delay type                Incr(ns)  Path(ns)    Netlist Resource(s)
  -------------------------------------------------------------------    -------------------
                         (clock clk_fpga_0 rise edge)
                                                     10.000    10.000 r  
    PS7_X0Y0             PS7                          0.000    10.000 r  design_1_i/cg_fpga_0/inst/processing_system7_0/inst/PS7_i/FCLKCLK[0]
                         net (fo=1, routed)           1.193    11.193    design_1_i/cg_fpga_0/inst/processing_system7_0/inst/FCLK_CLK_unbuffered[0]
    BUFGCTRL_X0Y16       BUFG (Prop_bufg_I_O)         0.101    11.294 r  design_1_i/cg_fpga_0/inst/processing_system7_0/inst/buffer_fclk_clk_0.FCLK_CLK_0_BUFG/O
                         net (fo=7383, routed)        1.692    12.986    design_1_i/cg_fpga_0/inst/cg_fpga_axi_gpio_o1/U0/gpio_core_1/s_axi_aclk
    SLICE_X59Y74         FDRE                                         r  design_1_i/cg_fpga_0/inst/cg_fpga_axi_gpio_o1/U0/gpio_core_1/Dual.gpio2_Data_Out_reg[24]/C
  -------------------------------------------------------------------    -------------------
    SLICE_X59Y74         FDRE (Prop_fdre_C_Q)         0.419    13.405 r  design_1_i/cg_fpga_0/inst/cg_fpga_axi_gpio_o1/U0/gpio_core_1/Dual.gpio2_Data_Out_reg[24]/Q
                         net (fo=2, routed)           1.022    14.427    design_1_i/top_0/inst/MiniMIPS32_Lite_FullSyS0/sw_2[7]
    SLICE_X56Y75         FDCE                                         r  design_1_i/top_0/inst/MiniMIPS32_Lite_FullSyS0/sw_2_ff_reg[7]/D
  -------------------------------------------------------------------    -------------------

                         (clock clk_out1_design_1_clk_wiz_0_0 rise edge)
                                                     20.000    20.000 r  
    BUFGCTRL_X0Y16       BUFG                         0.000    20.000 r  design_1_i/cg_fpga_0/inst/processing_system7_0/inst/buffer_fclk_clk_0.FCLK_CLK_0_BUFG/O
                         net (fo=7383, routed)        1.770    21.770    design_1_i/clk_wiz_0/inst/clk_in1
    MMCME2_ADV_X1Y2      MMCME2_ADV (Prop_mmcme2_adv_CLKIN1_CLKOUT0)
                                                     -3.873    17.897 r  design_1_i/clk_wiz_0/inst/mmcm_adv_inst/CLKOUT0
                         net (fo=1, routed)           2.012    19.909    design_1_i/clk_wiz_0/inst/clk_out1_design_1_clk_wiz_0_0
    BUFGCTRL_X0Y18       BUFG (Prop_bufg_I_O)         0.091    20.000 r  design_1_i/clk_wiz_0/inst/clkout1_buf/O
                         net (fo=9913, routed)        1.520    21.520    design_1_i/top_0/inst/MiniMIPS32_Lite_FullSyS0/clk
    SLICE_X56Y75         FDCE                                         r  design_1_i/top_0/inst/MiniMIPS32_Lite_FullSyS0/sw_2_ff_reg[7]/C
                         clock pessimism              0.000    21.520    
                         clock uncertainty           -0.270    21.249    
    SLICE_X56Y75         FDCE (Setup_fdce_C_D)       -0.256    20.993    design_1_i/top_0/inst/MiniMIPS32_Lite_FullSyS0/sw_2_ff_reg[7]
  -------------------------------------------------------------------
                         required time                         20.993    
                         arrival time                         -14.427    
  -------------------------------------------------------------------
                         slack                                  6.567    

Slack (MET) :             6.727ns  (required time - arrival time)
  Source:                 design_1_i/cg_fpga_0/inst/cg_fpga_axi_gpio_o1/U0/gpio_core_1/Dual.gpio2_Data_Out_reg[28]/C
                            (rising edge-triggered cell FDRE clocked by clk_fpga_0  {rise@0.000ns fall@5.000ns period=10.000ns})
  Destination:            design_1_i/top_0/inst/MiniMIPS32_Lite_FullSyS0/sw_2_ff_reg[3]/D
                            (rising edge-triggered cell FDCE clocked by clk_out1_design_1_clk_wiz_0_0  {rise@0.000ns fall@10.000ns period=20.000ns})
  Path Group:             clk_out1_design_1_clk_wiz_0_0
  Path Type:              Setup (Max at Slow Process Corner)
  Requirement:            10.000ns  (clk_out1_design_1_clk_wiz_0_0 rise@20.000ns - clk_fpga_0 rise@10.000ns)
  Data Path Delay:        1.300ns  (logic 0.419ns (32.227%)  route 0.881ns (67.773%))
  Logic Levels:           0  
  Clock Path Skew:        -1.466ns (DCD - SCD + CPR)
    Destination Clock Delay (DCD):    1.520ns = ( 21.520 - 20.000 ) 
    Source Clock Delay      (SCD):    2.986ns = ( 12.986 - 10.000 ) 
    Clock Pessimism Removal (CPR):    0.000ns
  Clock Uncertainty:      0.270ns  ((TSJ^2 + TIJ^2 + DJ^2)^1/2) / 2 + PE
    Total System Jitter     (TSJ):    0.071ns
    Total Input Jitter      (TIJ):    0.300ns
    Discrete Jitter          (DJ):    0.152ns
    Phase Error              (PE):    0.099ns
  Clock Domain Crossing:  Inter clock paths are considered valid unless explicitly excluded by timing constraints such as set_clock_groups or set_false_path.

    Location             Delay type                Incr(ns)  Path(ns)    Netlist Resource(s)
  -------------------------------------------------------------------    -------------------
                         (clock clk_fpga_0 rise edge)
                                                     10.000    10.000 r  
    PS7_X0Y0             PS7                          0.000    10.000 r  design_1_i/cg_fpga_0/inst/processing_system7_0/inst/PS7_i/FCLKCLK[0]
                         net (fo=1, routed)           1.193    11.193    design_1_i/cg_fpga_0/inst/processing_system7_0/inst/FCLK_CLK_unbuffered[0]
    BUFGCTRL_X0Y16       BUFG (Prop_bufg_I_O)         0.101    11.294 r  design_1_i/cg_fpga_0/inst/processing_system7_0/inst/buffer_fclk_clk_0.FCLK_CLK_0_BUFG/O
                         net (fo=7383, routed)        1.692    12.986    design_1_i/cg_fpga_0/inst/cg_fpga_axi_gpio_o1/U0/gpio_core_1/s_axi_aclk
    SLICE_X59Y74         FDRE                                         r  design_1_i/cg_fpga_0/inst/cg_fpga_axi_gpio_o1/U0/gpio_core_1/Dual.gpio2_Data_Out_reg[28]/C
  -------------------------------------------------------------------    -------------------
    SLICE_X59Y74         FDRE (Prop_fdre_C_Q)         0.419    13.405 r  design_1_i/cg_fpga_0/inst/cg_fpga_axi_gpio_o1/U0/gpio_core_1/Dual.gpio2_Data_Out_reg[28]/Q
                         net (fo=2, routed)           0.881    14.286    design_1_i/top_0/inst/MiniMIPS32_Lite_FullSyS0/sw_2[3]
    SLICE_X57Y74         FDCE                                         r  design_1_i/top_0/inst/MiniMIPS32_Lite_FullSyS0/sw_2_ff_reg[3]/D
  -------------------------------------------------------------------    -------------------

                         (clock clk_out1_design_1_clk_wiz_0_0 rise edge)
                                                     20.000    20.000 r  
    BUFGCTRL_X0Y16       BUFG                         0.000    20.000 r  design_1_i/cg_fpga_0/inst/processing_system7_0/inst/buffer_fclk_clk_0.FCLK_CLK_0_BUFG/O
                         net (fo=7383, routed)        1.770    21.770    design_1_i/clk_wiz_0/inst/clk_in1
    MMCME2_ADV_X1Y2      MMCME2_ADV (Prop_mmcme2_adv_CLKIN1_CLKOUT0)
                                                     -3.873    17.897 r  design_1_i/clk_wiz_0/inst/mmcm_adv_inst/CLKOUT0
                         net (fo=1, routed)           2.012    19.909    design_1_i/clk_wiz_0/inst/clk_out1_design_1_clk_wiz_0_0
    BUFGCTRL_X0Y18       BUFG (Prop_bufg_I_O)         0.091    20.000 r  design_1_i/clk_wiz_0/inst/clkout1_buf/O
                         net (fo=9913, routed)        1.520    21.520    design_1_i/top_0/inst/MiniMIPS32_Lite_FullSyS0/clk
    SLICE_X57Y74         FDCE                                         r  design_1_i/top_0/inst/MiniMIPS32_Lite_FullSyS0/sw_2_ff_reg[3]/C
                         clock pessimism              0.000    21.520    
                         clock uncertainty           -0.270    21.249    
    SLICE_X57Y74         FDCE (Setup_fdce_C_D)       -0.236    21.013    design_1_i/top_0/inst/MiniMIPS32_Lite_FullSyS0/sw_2_ff_reg[3]
  -------------------------------------------------------------------
                         required time                         21.013    
                         arrival time                         -14.286    
  -------------------------------------------------------------------
                         slack                                  6.727    

Slack (MET) :             6.780ns  (required time - arrival time)
  Source:                 design_1_i/cg_fpga_0/inst/cg_fpga_axi_gpio_o1/U0/gpio_core_1/Dual.gpio_Data_Out_reg[28]/C
                            (rising edge-triggered cell FDRE clocked by clk_fpga_0  {rise@0.000ns fall@5.000ns period=10.000ns})
  Destination:            design_1_i/top_0/inst/MiniMIPS32_Lite_FullSyS0/sw_1_ff_reg[3]/D
                            (rising edge-triggered cell FDCE clocked by clk_out1_design_1_clk_wiz_0_0  {rise@0.000ns fall@10.000ns period=20.000ns})
  Path Group:             clk_out1_design_1_clk_wiz_0_0
  Path Type:              Setup (Max at Slow Process Corner)
  Requirement:            10.000ns  (clk_out1_design_1_clk_wiz_0_0 rise@20.000ns - clk_fpga_0 rise@10.000ns)
  Data Path Delay:        1.240ns  (logic 0.419ns (33.783%)  route 0.821ns (66.217%))
  Logic Levels:           0  
  Clock Path Skew:        -1.467ns (DCD - SCD + CPR)
    Destination Clock Delay (DCD):    1.523ns = ( 21.523 - 20.000 ) 
    Source Clock Delay      (SCD):    2.990ns = ( 12.990 - 10.000 ) 
    Clock Pessimism Removal (CPR):    0.000ns
  Clock Uncertainty:      0.270ns  ((TSJ^2 + TIJ^2 + DJ^2)^1/2) / 2 + PE
    Total System Jitter     (TSJ):    0.071ns
    Total Input Jitter      (TIJ):    0.300ns
    Discrete Jitter          (DJ):    0.152ns
    Phase Error              (PE):    0.099ns
  Clock Domain Crossing:  Inter clock paths are considered valid unless explicitly excluded by timing constraints such as set_clock_groups or set_false_path.

    Location             Delay type                Incr(ns)  Path(ns)    Netlist Resource(s)
  -------------------------------------------------------------------    -------------------
                         (clock clk_fpga_0 rise edge)
                                                     10.000    10.000 r  
    PS7_X0Y0             PS7                          0.000    10.000 r  design_1_i/cg_fpga_0/inst/processing_system7_0/inst/PS7_i/FCLKCLK[0]
                         net (fo=1, routed)           1.193    11.193    design_1_i/cg_fpga_0/inst/processing_system7_0/inst/FCLK_CLK_unbuffered[0]
    BUFGCTRL_X0Y16       BUFG (Prop_bufg_I_O)         0.101    11.294 r  design_1_i/cg_fpga_0/inst/processing_system7_0/inst/buffer_fclk_clk_0.FCLK_CLK_0_BUFG/O
                         net (fo=7383, routed)        1.696    12.990    design_1_i/cg_fpga_0/inst/cg_fpga_axi_gpio_o1/U0/gpio_core_1/s_axi_aclk
    SLICE_X60Y76         FDRE                                         r  design_1_i/cg_fpga_0/inst/cg_fpga_axi_gpio_o1/U0/gpio_core_1/Dual.gpio_Data_Out_reg[28]/C
  -------------------------------------------------------------------    -------------------
    SLICE_X60Y76         FDRE (Prop_fdre_C_Q)         0.419    13.409 r  design_1_i/cg_fpga_0/inst/cg_fpga_axi_gpio_o1/U0/gpio_core_1/Dual.gpio_Data_Out_reg[28]/Q
                         net (fo=2, routed)           0.821    14.230    design_1_i/top_0/inst/MiniMIPS32_Lite_FullSyS0/sw_1[3]
    SLICE_X61Y74         FDCE                                         r  design_1_i/top_0/inst/MiniMIPS32_Lite_FullSyS0/sw_1_ff_reg[3]/D
  -------------------------------------------------------------------    -------------------

                         (clock clk_out1_design_1_clk_wiz_0_0 rise edge)
                                                     20.000    20.000 r  
    BUFGCTRL_X0Y16       BUFG                         0.000    20.000 r  design_1_i/cg_fpga_0/inst/processing_system7_0/inst/buffer_fclk_clk_0.FCLK_CLK_0_BUFG/O
                         net (fo=7383, routed)        1.770    21.770    design_1_i/clk_wiz_0/inst/clk_in1
    MMCME2_ADV_X1Y2      MMCME2_ADV (Prop_mmcme2_adv_CLKIN1_CLKOUT0)
                                                     -3.873    17.897 r  design_1_i/clk_wiz_0/inst/mmcm_adv_inst/CLKOUT0
                         net (fo=1, routed)           2.012    19.909    design_1_i/clk_wiz_0/inst/clk_out1_design_1_clk_wiz_0_0
    BUFGCTRL_X0Y18       BUFG (Prop_bufg_I_O)         0.091    20.000 r  design_1_i/clk_wiz_0/inst/clkout1_buf/O
                         net (fo=9913, routed)        1.523    21.523    design_1_i/top_0/inst/MiniMIPS32_Lite_FullSyS0/clk
    SLICE_X61Y74         FDCE                                         r  design_1_i/top_0/inst/MiniMIPS32_Lite_FullSyS0/sw_1_ff_reg[3]/C
                         clock pessimism              0.000    21.523    
                         clock uncertainty           -0.270    21.252    
    SLICE_X61Y74         FDCE (Setup_fdce_C_D)       -0.242    21.010    design_1_i/top_0/inst/MiniMIPS32_Lite_FullSyS0/sw_1_ff_reg[3]
  -------------------------------------------------------------------
                         required time                         21.010    
                         arrival time                         -14.230    
  -------------------------------------------------------------------
                         slack                                  6.780    

Slack (MET) :             6.785ns  (required time - arrival time)
  Source:                 design_1_i/cg_fpga_0/inst/cg_fpga_axi_gpio_o1/U0/gpio_core_1/Dual.gpio_Data_Out_reg[10]/C
                            (rising edge-triggered cell FDRE clocked by clk_fpga_0  {rise@0.000ns fall@5.000ns period=10.000ns})
  Destination:            design_1_i/top_0/inst/MiniMIPS32_Lite_FullSyS0/sw_1_ff_reg[21]/D
                            (rising edge-triggered cell FDCE clocked by clk_out1_design_1_clk_wiz_0_0  {rise@0.000ns fall@10.000ns period=20.000ns})
  Path Group:             clk_out1_design_1_clk_wiz_0_0
  Path Type:              Setup (Max at Slow Process Corner)
  Requirement:            10.000ns  (clk_out1_design_1_clk_wiz_0_0 rise@20.000ns - clk_fpga_0 rise@10.000ns)
  Data Path Delay:        1.414ns  (logic 0.456ns (32.247%)  route 0.958ns (67.753%))
  Logic Levels:           0  
  Clock Path Skew:        -1.469ns (DCD - SCD + CPR)
    Destination Clock Delay (DCD):    1.525ns = ( 21.525 - 20.000 ) 
    Source Clock Delay      (SCD):    2.994ns = ( 12.994 - 10.000 ) 
    Clock Pessimism Removal (CPR):    0.000ns
  Clock Uncertainty:      0.270ns  ((TSJ^2 + TIJ^2 + DJ^2)^1/2) / 2 + PE
    Total System Jitter     (TSJ):    0.071ns
    Total Input Jitter      (TIJ):    0.300ns
    Discrete Jitter          (DJ):    0.152ns
    Phase Error              (PE):    0.099ns
  Clock Domain Crossing:  Inter clock paths are considered valid unless explicitly excluded by timing constraints such as set_clock_groups or set_false_path.

    Location             Delay type                Incr(ns)  Path(ns)    Netlist Resource(s)
  -------------------------------------------------------------------    -------------------
                         (clock clk_fpga_0 rise edge)
                                                     10.000    10.000 r  
    PS7_X0Y0             PS7                          0.000    10.000 r  design_1_i/cg_fpga_0/inst/processing_system7_0/inst/PS7_i/FCLKCLK[0]
                         net (fo=1, routed)           1.193    11.193    design_1_i/cg_fpga_0/inst/processing_system7_0/inst/FCLK_CLK_unbuffered[0]
    BUFGCTRL_X0Y16       BUFG (Prop_bufg_I_O)         0.101    11.294 r  design_1_i/cg_fpga_0/inst/processing_system7_0/inst/buffer_fclk_clk_0.FCLK_CLK_0_BUFG/O
                         net (fo=7383, routed)        1.700    12.994    design_1_i/cg_fpga_0/inst/cg_fpga_axi_gpio_o1/U0/gpio_core_1/s_axi_aclk
    SLICE_X57Y69         FDRE                                         r  design_1_i/cg_fpga_0/inst/cg_fpga_axi_gpio_o1/U0/gpio_core_1/Dual.gpio_Data_Out_reg[10]/C
  -------------------------------------------------------------------    -------------------
    SLICE_X57Y69         FDRE (Prop_fdre_C_Q)         0.456    13.450 r  design_1_i/cg_fpga_0/inst/cg_fpga_axi_gpio_o1/U0/gpio_core_1/Dual.gpio_Data_Out_reg[10]/Q
                         net (fo=2, routed)           0.958    14.408    design_1_i/top_0/inst/MiniMIPS32_Lite_FullSyS0/sw_1[21]
    SLICE_X55Y69         FDCE                                         r  design_1_i/top_0/inst/MiniMIPS32_Lite_FullSyS0/sw_1_ff_reg[21]/D
  -------------------------------------------------------------------    -------------------

                         (clock clk_out1_design_1_clk_wiz_0_0 rise edge)
                                                     20.000    20.000 r  
    BUFGCTRL_X0Y16       BUFG                         0.000    20.000 r  design_1_i/cg_fpga_0/inst/processing_system7_0/inst/buffer_fclk_clk_0.FCLK_CLK_0_BUFG/O
                         net (fo=7383, routed)        1.770    21.770    design_1_i/clk_wiz_0/inst/clk_in1
    MMCME2_ADV_X1Y2      MMCME2_ADV (Prop_mmcme2_adv_CLKIN1_CLKOUT0)
                                                     -3.873    17.897 r  design_1_i/clk_wiz_0/inst/mmcm_adv_inst/CLKOUT0
                         net (fo=1, routed)           2.012    19.909    design_1_i/clk_wiz_0/inst/clk_out1_design_1_clk_wiz_0_0
    BUFGCTRL_X0Y18       BUFG (Prop_bufg_I_O)         0.091    20.000 r  design_1_i/clk_wiz_0/inst/clkout1_buf/O
                         net (fo=9913, routed)        1.525    21.525    design_1_i/top_0/inst/MiniMIPS32_Lite_FullSyS0/clk
    SLICE_X55Y69         FDCE                                         r  design_1_i/top_0/inst/MiniMIPS32_Lite_FullSyS0/sw_1_ff_reg[21]/C
                         clock pessimism              0.000    21.525    
                         clock uncertainty           -0.270    21.254    
    SLICE_X55Y69         FDCE (Setup_fdce_C_D)       -0.061    21.193    design_1_i/top_0/inst/MiniMIPS32_Lite_FullSyS0/sw_1_ff_reg[21]
  -------------------------------------------------------------------
                         required time                         21.193    
                         arrival time                         -14.408    
  -------------------------------------------------------------------
                         slack                                  6.785    

Slack (MET) :             6.802ns  (required time - arrival time)
  Source:                 design_1_i/cg_fpga_0/inst/cg_fpga_axi_gpio_o1/U0/gpio_core_1/Dual.gpio_Data_Out_reg[23]/C
                            (rising edge-triggered cell FDRE clocked by clk_fpga_0  {rise@0.000ns fall@5.000ns period=10.000ns})
  Destination:            design_1_i/top_0/inst/MiniMIPS32_Lite_FullSyS0/sw_1_ff_reg[8]/D
                            (rising edge-triggered cell FDCE clocked by clk_out1_design_1_clk_wiz_0_0  {rise@0.000ns fall@10.000ns period=20.000ns})
  Path Group:             clk_out1_design_1_clk_wiz_0_0
  Path Type:              Setup (Max at Slow Process Corner)
  Requirement:            10.000ns  (clk_out1_design_1_clk_wiz_0_0 rise@20.000ns - clk_fpga_0 rise@10.000ns)
  Data Path Delay:        1.228ns  (logic 0.419ns (34.126%)  route 0.809ns (65.874%))
  Logic Levels:           0  
  Clock Path Skew:        -1.463ns (DCD - SCD + CPR)
    Destination Clock Delay (DCD):    1.531ns = ( 21.531 - 20.000 ) 
    Source Clock Delay      (SCD):    2.994ns = ( 12.994 - 10.000 ) 
    Clock Pessimism Removal (CPR):    0.000ns
  Clock Uncertainty:      0.270ns  ((TSJ^2 + TIJ^2 + DJ^2)^1/2) / 2 + PE
    Total System Jitter     (TSJ):    0.071ns
    Total Input Jitter      (TIJ):    0.300ns
    Discrete Jitter          (DJ):    0.152ns
    Phase Error              (PE):    0.099ns
  Clock Domain Crossing:  Inter clock paths are considered valid unless explicitly excluded by timing constraints such as set_clock_groups or set_false_path.

    Location             Delay type                Incr(ns)  Path(ns)    Netlist Resource(s)
  -------------------------------------------------------------------    -------------------
                         (clock clk_fpga_0 rise edge)
                                                     10.000    10.000 r  
    PS7_X0Y0             PS7                          0.000    10.000 r  design_1_i/cg_fpga_0/inst/processing_system7_0/inst/PS7_i/FCLKCLK[0]
                         net (fo=1, routed)           1.193    11.193    design_1_i/cg_fpga_0/inst/processing_system7_0/inst/FCLK_CLK_unbuffered[0]
    BUFGCTRL_X0Y16       BUFG (Prop_bufg_I_O)         0.101    11.294 r  design_1_i/cg_fpga_0/inst/processing_system7_0/inst/buffer_fclk_clk_0.FCLK_CLK_0_BUFG/O
                         net (fo=7383, routed)        1.700    12.994    design_1_i/cg_fpga_0/inst/cg_fpga_axi_gpio_o1/U0/gpio_core_1/s_axi_aclk
    SLICE_X57Y69         FDRE                                         r  design_1_i/cg_fpga_0/inst/cg_fpga_axi_gpio_o1/U0/gpio_core_1/Dual.gpio_Data_Out_reg[23]/C
  -------------------------------------------------------------------    -------------------
    SLICE_X57Y69         FDRE (Prop_fdre_C_Q)         0.419    13.413 r  design_1_i/cg_fpga_0/inst/cg_fpga_axi_gpio_o1/U0/gpio_core_1/Dual.gpio_Data_Out_reg[23]/Q
                         net (fo=2, routed)           0.809    14.222    design_1_i/top_0/inst/MiniMIPS32_Lite_FullSyS0/sw_1[8]
    SLICE_X64Y68         FDCE                                         r  design_1_i/top_0/inst/MiniMIPS32_Lite_FullSyS0/sw_1_ff_reg[8]/D
  -------------------------------------------------------------------    -------------------

                         (clock clk_out1_design_1_clk_wiz_0_0 rise edge)
                                                     20.000    20.000 r  
    BUFGCTRL_X0Y16       BUFG                         0.000    20.000 r  design_1_i/cg_fpga_0/inst/processing_system7_0/inst/buffer_fclk_clk_0.FCLK_CLK_0_BUFG/O
                         net (fo=7383, routed)        1.770    21.770    design_1_i/clk_wiz_0/inst/clk_in1
    MMCME2_ADV_X1Y2      MMCME2_ADV (Prop_mmcme2_adv_CLKIN1_CLKOUT0)
                                                     -3.873    17.897 r  design_1_i/clk_wiz_0/inst/mmcm_adv_inst/CLKOUT0
                         net (fo=1, routed)           2.012    19.909    design_1_i/clk_wiz_0/inst/clk_out1_design_1_clk_wiz_0_0
    BUFGCTRL_X0Y18       BUFG (Prop_bufg_I_O)         0.091    20.000 r  design_1_i/clk_wiz_0/inst/clkout1_buf/O
                         net (fo=9913, routed)        1.531    21.531    design_1_i/top_0/inst/MiniMIPS32_Lite_FullSyS0/clk
    SLICE_X64Y68         FDCE                                         r  design_1_i/top_0/inst/MiniMIPS32_Lite_FullSyS0/sw_1_ff_reg[8]/C
                         clock pessimism              0.000    21.531    
                         clock uncertainty           -0.270    21.260    
    SLICE_X64Y68         FDCE (Setup_fdce_C_D)       -0.237    21.023    design_1_i/top_0/inst/MiniMIPS32_Lite_FullSyS0/sw_1_ff_reg[8]
  -------------------------------------------------------------------
                         required time                         21.023    
                         arrival time                         -14.222    
  -------------------------------------------------------------------
                         slack                                  6.802    

Slack (MET) :             6.817ns  (required time - arrival time)
  Source:                 design_1_i/cg_fpga_0/inst/cg_fpga_axi_gpio_o1/U0/gpio_core_1/Dual.gpio2_Data_Out_reg[29]/C
                            (rising edge-triggered cell FDRE clocked by clk_fpga_0  {rise@0.000ns fall@5.000ns period=10.000ns})
  Destination:            design_1_i/top_0/inst/MiniMIPS32_Lite_FullSyS0/sw_2_ff_reg[2]/D
                            (rising edge-triggered cell FDCE clocked by clk_out1_design_1_clk_wiz_0_0  {rise@0.000ns fall@10.000ns period=20.000ns})
  Path Group:             clk_out1_design_1_clk_wiz_0_0
  Path Type:              Setup (Max at Slow Process Corner)
  Requirement:            10.000ns  (clk_out1_design_1_clk_wiz_0_0 rise@20.000ns - clk_fpga_0 rise@10.000ns)
  Data Path Delay:        1.188ns  (logic 0.419ns (35.256%)  route 0.769ns (64.744%))
  Logic Levels:           0  
  Clock Path Skew:        -1.470ns (DCD - SCD + CPR)
    Destination Clock Delay (DCD):    1.520ns = ( 21.520 - 20.000 ) 
    Source Clock Delay      (SCD):    2.990ns = ( 12.990 - 10.000 ) 
    Clock Pessimism Removal (CPR):    0.000ns
  Clock Uncertainty:      0.270ns  ((TSJ^2 + TIJ^2 + DJ^2)^1/2) / 2 + PE
    Total System Jitter     (TSJ):    0.071ns
    Total Input Jitter      (TIJ):    0.300ns
    Discrete Jitter          (DJ):    0.152ns
    Phase Error              (PE):    0.099ns
  Clock Domain Crossing:  Inter clock paths are considered valid unless explicitly excluded by timing constraints such as set_clock_groups or set_false_path.

    Location             Delay type                Incr(ns)  Path(ns)    Netlist Resource(s)
  -------------------------------------------------------------------    -------------------
                         (clock clk_fpga_0 rise edge)
                                                     10.000    10.000 r  
    PS7_X0Y0             PS7                          0.000    10.000 r  design_1_i/cg_fpga_0/inst/processing_system7_0/inst/PS7_i/FCLKCLK[0]
                         net (fo=1, routed)           1.193    11.193    design_1_i/cg_fpga_0/inst/processing_system7_0/inst/FCLK_CLK_unbuffered[0]
    BUFGCTRL_X0Y16       BUFG (Prop_bufg_I_O)         0.101    11.294 r  design_1_i/cg_fpga_0/inst/processing_system7_0/inst/buffer_fclk_clk_0.FCLK_CLK_0_BUFG/O
                         net (fo=7383, routed)        1.696    12.990    design_1_i/cg_fpga_0/inst/cg_fpga_axi_gpio_o1/U0/gpio_core_1/s_axi_aclk
    SLICE_X61Y73         FDRE                                         r  design_1_i/cg_fpga_0/inst/cg_fpga_axi_gpio_o1/U0/gpio_core_1/Dual.gpio2_Data_Out_reg[29]/C
  -------------------------------------------------------------------    -------------------
    SLICE_X61Y73         FDRE (Prop_fdre_C_Q)         0.419    13.409 r  design_1_i/cg_fpga_0/inst/cg_fpga_axi_gpio_o1/U0/gpio_core_1/Dual.gpio2_Data_Out_reg[29]/Q
                         net (fo=2, routed)           0.769    14.178    design_1_i/top_0/inst/MiniMIPS32_Lite_FullSyS0/sw_2[2]
    SLICE_X57Y74         FDCE                                         r  design_1_i/top_0/inst/MiniMIPS32_Lite_FullSyS0/sw_2_ff_reg[2]/D
  -------------------------------------------------------------------    -------------------

                         (clock clk_out1_design_1_clk_wiz_0_0 rise edge)
                                                     20.000    20.000 r  
    BUFGCTRL_X0Y16       BUFG                         0.000    20.000 r  design_1_i/cg_fpga_0/inst/processing_system7_0/inst/buffer_fclk_clk_0.FCLK_CLK_0_BUFG/O
                         net (fo=7383, routed)        1.770    21.770    design_1_i/clk_wiz_0/inst/clk_in1
    MMCME2_ADV_X1Y2      MMCME2_ADV (Prop_mmcme2_adv_CLKIN1_CLKOUT0)
                                                     -3.873    17.897 r  design_1_i/clk_wiz_0/inst/mmcm_adv_inst/CLKOUT0
                         net (fo=1, routed)           2.012    19.909    design_1_i/clk_wiz_0/inst/clk_out1_design_1_clk_wiz_0_0
    BUFGCTRL_X0Y18       BUFG (Prop_bufg_I_O)         0.091    20.000 r  design_1_i/clk_wiz_0/inst/clkout1_buf/O
                         net (fo=9913, routed)        1.520    21.520    design_1_i/top_0/inst/MiniMIPS32_Lite_FullSyS0/clk
    SLICE_X57Y74         FDCE                                         r  design_1_i/top_0/inst/MiniMIPS32_Lite_FullSyS0/sw_2_ff_reg[2]/C
                         clock pessimism              0.000    21.520    
                         clock uncertainty           -0.270    21.249    
    SLICE_X57Y74         FDCE (Setup_fdce_C_D)       -0.254    20.995    design_1_i/top_0/inst/MiniMIPS32_Lite_FullSyS0/sw_2_ff_reg[2]
  -------------------------------------------------------------------
                         required time                         20.995    
                         arrival time                         -14.178    
  -------------------------------------------------------------------
                         slack                                  6.817    





Min Delay Paths
--------------------------------------------------------------------------------------
Slack (MET) :             0.035ns  (arrival time - required time)
  Source:                 design_1_i/cg_fpga_0/inst/cg_fpga_axi_gpio_o1/U0/gpio_core_1/Dual.gpio2_Data_Out_reg[23]/C
                            (rising edge-triggered cell FDRE clocked by clk_fpga_0  {rise@0.000ns fall@5.000ns period=10.000ns})
  Destination:            design_1_i/top_0/inst/MiniMIPS32_Lite_FullSyS0/sw_2_ff_reg[8]/D
                            (rising edge-triggered cell FDCE clocked by clk_out1_design_1_clk_wiz_0_0  {rise@0.000ns fall@10.000ns period=20.000ns})
  Path Group:             clk_out1_design_1_clk_wiz_0_0
  Path Type:              Hold (Min at Fast Process Corner)
  Requirement:            0.000ns  (clk_out1_design_1_clk_wiz_0_0 rise@0.000ns - clk_fpga_0 rise@0.000ns)
  Data Path Delay:        0.254ns  (logic 0.128ns (50.467%)  route 0.126ns (49.533%))
  Logic Levels:           0  
  Clock Path Skew:        -0.071ns (DCD - SCD - CPR)
    Destination Clock Delay (DCD):    0.832ns
    Source Clock Delay      (SCD):    0.903ns
    Clock Pessimism Removal (CPR):    -0.000ns
  Clock Uncertainty:      0.270ns  ((TSJ^2 + TIJ^2 + DJ^2)^1/2) / 2 + PE
    Total System Jitter     (TSJ):    0.071ns
    Total Input Jitter      (TIJ):    0.300ns
    Discrete Jitter          (DJ):    0.152ns
    Phase Error              (PE):    0.099ns
  Clock Domain Crossing:  Inter clock paths are considered valid unless explicitly excluded by timing constraints such as set_clock_groups or set_false_path.

    Location             Delay type                Incr(ns)  Path(ns)    Netlist Resource(s)
  -------------------------------------------------------------------    -------------------
                         (clock clk_fpga_0 rise edge)
                                                      0.000     0.000 r  
    PS7_X0Y0             PS7                          0.000     0.000 r  design_1_i/cg_fpga_0/inst/processing_system7_0/inst/PS7_i/FCLKCLK[0]
                         net (fo=1, routed)           0.310     0.310    design_1_i/cg_fpga_0/inst/processing_system7_0/inst/FCLK_CLK_unbuffered[0]
    BUFGCTRL_X0Y16       BUFG (Prop_bufg_I_O)         0.026     0.336 r  design_1_i/cg_fpga_0/inst/processing_system7_0/inst/buffer_fclk_clk_0.FCLK_CLK_0_BUFG/O
                         net (fo=7383, routed)        0.567     0.903    design_1_i/cg_fpga_0/inst/cg_fpga_axi_gpio_o1/U0/gpio_core_1/s_axi_aclk
    SLICE_X61Y73         FDRE                                         r  design_1_i/cg_fpga_0/inst/cg_fpga_axi_gpio_o1/U0/gpio_core_1/Dual.gpio2_Data_Out_reg[23]/C
  -------------------------------------------------------------------    -------------------
    SLICE_X61Y73         FDRE (Prop_fdre_C_Q)         0.128     1.031 r  design_1_i/cg_fpga_0/inst/cg_fpga_axi_gpio_o1/U0/gpio_core_1/Dual.gpio2_Data_Out_reg[23]/Q
                         net (fo=2, routed)           0.126     1.156    design_1_i/top_0/inst/MiniMIPS32_Lite_FullSyS0/sw_2[8]
    SLICE_X61Y74         FDCE                                         r  design_1_i/top_0/inst/MiniMIPS32_Lite_FullSyS0/sw_2_ff_reg[8]/D
  -------------------------------------------------------------------    -------------------

                         (clock clk_out1_design_1_clk_wiz_0_0 rise edge)
                                                      0.000     0.000 r  
    BUFGCTRL_X0Y16       BUFG                         0.000     0.000 r  design_1_i/cg_fpga_0/inst/processing_system7_0/inst/buffer_fclk_clk_0.FCLK_CLK_0_BUFG/O
                         net (fo=7383, routed)        0.945     0.945    design_1_i/clk_wiz_0/inst/clk_in1
    MMCME2_ADV_X1Y2      MMCME2_ADV (Prop_mmcme2_adv_CLKIN1_CLKOUT0)
                                                     -1.726    -0.781 r  design_1_i/clk_wiz_0/inst/mmcm_adv_inst/CLKOUT0
                         net (fo=1, routed)           0.752    -0.029    design_1_i/clk_wiz_0/inst/clk_out1_design_1_clk_wiz_0_0
    BUFGCTRL_X0Y18       BUFG (Prop_bufg_I_O)         0.029     0.000 r  design_1_i/clk_wiz_0/inst/clkout1_buf/O
                         net (fo=9913, routed)        0.832     0.832    design_1_i/top_0/inst/MiniMIPS32_Lite_FullSyS0/clk
    SLICE_X61Y74         FDCE                                         r  design_1_i/top_0/inst/MiniMIPS32_Lite_FullSyS0/sw_2_ff_reg[8]/C
                         clock pessimism              0.000     0.832    
                         clock uncertainty            0.270     1.102    
    SLICE_X61Y74         FDCE (Hold_fdce_C_D)         0.019     1.121    design_1_i/top_0/inst/MiniMIPS32_Lite_FullSyS0/sw_2_ff_reg[8]
  -------------------------------------------------------------------
                         required time                         -1.121    
                         arrival time                           1.156    
  -------------------------------------------------------------------
                         slack                                  0.035    

Slack (MET) :             0.044ns  (arrival time - required time)
  Source:                 design_1_i/cg_fpga_0/inst/cg_fpga_axi_gpio_o2/U0/gpio_core_1/Dual.gpio_Data_Out_reg[25]/C
                            (rising edge-triggered cell FDRE clocked by clk_fpga_0  {rise@0.000ns fall@5.000ns period=10.000ns})
  Destination:            design_1_i/top_0/inst/MiniMIPS32_Lite_FullSyS0/btn_ff_reg[6]/D
                            (rising edge-triggered cell FDCE clocked by clk_out1_design_1_clk_wiz_0_0  {rise@0.000ns fall@10.000ns period=20.000ns})
  Path Group:             clk_out1_design_1_clk_wiz_0_0
  Path Type:              Hold (Min at Fast Process Corner)
  Requirement:            0.000ns  (clk_out1_design_1_clk_wiz_0_0 rise@0.000ns - clk_fpga_0 rise@0.000ns)
  Data Path Delay:        0.316ns  (logic 0.141ns (44.580%)  route 0.175ns (55.420%))
  Logic Levels:           0  
  Clock Path Skew:        -0.068ns (DCD - SCD - CPR)
    Destination Clock Delay (DCD):    0.832ns
    Source Clock Delay      (SCD):    0.900ns
    Clock Pessimism Removal (CPR):    -0.000ns
  Clock Uncertainty:      0.270ns  ((TSJ^2 + TIJ^2 + DJ^2)^1/2) / 2 + PE
    Total System Jitter     (TSJ):    0.071ns
    Total Input Jitter      (TIJ):    0.300ns
    Discrete Jitter          (DJ):    0.152ns
    Phase Error              (PE):    0.099ns
  Clock Domain Crossing:  Inter clock paths are considered valid unless explicitly excluded by timing constraints such as set_clock_groups or set_false_path.

    Location             Delay type                Incr(ns)  Path(ns)    Netlist Resource(s)
  -------------------------------------------------------------------    -------------------
                         (clock clk_fpga_0 rise edge)
                                                      0.000     0.000 r  
    PS7_X0Y0             PS7                          0.000     0.000 r  design_1_i/cg_fpga_0/inst/processing_system7_0/inst/PS7_i/FCLKCLK[0]
                         net (fo=1, routed)           0.310     0.310    design_1_i/cg_fpga_0/inst/processing_system7_0/inst/FCLK_CLK_unbuffered[0]
    BUFGCTRL_X0Y16       BUFG (Prop_bufg_I_O)         0.026     0.336 r  design_1_i/cg_fpga_0/inst/processing_system7_0/inst/buffer_fclk_clk_0.FCLK_CLK_0_BUFG/O
                         net (fo=7383, routed)        0.564     0.900    design_1_i/cg_fpga_0/inst/cg_fpga_axi_gpio_o2/U0/gpio_core_1/s_axi_aclk
    SLICE_X55Y76         FDRE                                         r  design_1_i/cg_fpga_0/inst/cg_fpga_axi_gpio_o2/U0/gpio_core_1/Dual.gpio_Data_Out_reg[25]/C
  -------------------------------------------------------------------    -------------------
    SLICE_X55Y76         FDRE (Prop_fdre_C_Q)         0.141     1.041 r  design_1_i/cg_fpga_0/inst/cg_fpga_axi_gpio_o2/U0/gpio_core_1/Dual.gpio_Data_Out_reg[25]/Q
                         net (fo=2, routed)           0.175     1.216    design_1_i/top_0/inst/MiniMIPS32_Lite_FullSyS0/btn[6]
    SLICE_X56Y76         FDCE                                         r  design_1_i/top_0/inst/MiniMIPS32_Lite_FullSyS0/btn_ff_reg[6]/D
  -------------------------------------------------------------------    -------------------

                         (clock clk_out1_design_1_clk_wiz_0_0 rise edge)
                                                      0.000     0.000 r  
    BUFGCTRL_X0Y16       BUFG                         0.000     0.000 r  design_1_i/cg_fpga_0/inst/processing_system7_0/inst/buffer_fclk_clk_0.FCLK_CLK_0_BUFG/O
                         net (fo=7383, routed)        0.945     0.945    design_1_i/clk_wiz_0/inst/clk_in1
    MMCME2_ADV_X1Y2      MMCME2_ADV (Prop_mmcme2_adv_CLKIN1_CLKOUT0)
                                                     -1.726    -0.781 r  design_1_i/clk_wiz_0/inst/mmcm_adv_inst/CLKOUT0
                         net (fo=1, routed)           0.752    -0.029    design_1_i/clk_wiz_0/inst/clk_out1_design_1_clk_wiz_0_0
    BUFGCTRL_X0Y18       BUFG (Prop_bufg_I_O)         0.029     0.000 r  design_1_i/clk_wiz_0/inst/clkout1_buf/O
                         net (fo=9913, routed)        0.832     0.832    design_1_i/top_0/inst/MiniMIPS32_Lite_FullSyS0/clk
    SLICE_X56Y76         FDCE                                         r  design_1_i/top_0/inst/MiniMIPS32_Lite_FullSyS0/btn_ff_reg[6]/C
                         clock pessimism              0.000     0.832    
                         clock uncertainty            0.270     1.102    
    SLICE_X56Y76         FDCE (Hold_fdce_C_D)         0.070     1.172    design_1_i/top_0/inst/MiniMIPS32_Lite_FullSyS0/btn_ff_reg[6]
  -------------------------------------------------------------------
                         required time                         -1.172    
                         arrival time                           1.216    
  -------------------------------------------------------------------
                         slack                                  0.044    

Slack (MET) :             0.044ns  (arrival time - required time)
  Source:                 design_1_i/cg_fpga_0/inst/cg_fpga_axi_gpio_o1/U0/gpio_core_1/Dual.gpio_Data_Out_reg[9]/C
                            (rising edge-triggered cell FDRE clocked by clk_fpga_0  {rise@0.000ns fall@5.000ns period=10.000ns})
  Destination:            design_1_i/top_0/inst/MiniMIPS32_Lite_FullSyS0/sw_1_ff_reg[22]/D
                            (rising edge-triggered cell FDCE clocked by clk_out1_design_1_clk_wiz_0_0  {rise@0.000ns fall@10.000ns period=20.000ns})
  Path Group:             clk_out1_design_1_clk_wiz_0_0
  Path Type:              Hold (Min at Fast Process Corner)
  Requirement:            0.000ns  (clk_out1_design_1_clk_wiz_0_0 rise@0.000ns - clk_fpga_0 rise@0.000ns)
  Data Path Delay:        0.264ns  (logic 0.128ns (48.444%)  route 0.136ns (51.556%))
  Logic Levels:           0  
  Clock Path Skew:        -0.070ns (DCD - SCD - CPR)
    Destination Clock Delay (DCD):    0.835ns
    Source Clock Delay      (SCD):    0.905ns
    Clock Pessimism Removal (CPR):    -0.000ns
  Clock Uncertainty:      0.270ns  ((TSJ^2 + TIJ^2 + DJ^2)^1/2) / 2 + PE
    Total System Jitter     (TSJ):    0.071ns
    Total Input Jitter      (TIJ):    0.300ns
    Discrete Jitter          (DJ):    0.152ns
    Phase Error              (PE):    0.099ns
  Clock Domain Crossing:  Inter clock paths are considered valid unless explicitly excluded by timing constraints such as set_clock_groups or set_false_path.

    Location             Delay type                Incr(ns)  Path(ns)    Netlist Resource(s)
  -------------------------------------------------------------------    -------------------
                         (clock clk_fpga_0 rise edge)
                                                      0.000     0.000 r  
    PS7_X0Y0             PS7                          0.000     0.000 r  design_1_i/cg_fpga_0/inst/processing_system7_0/inst/PS7_i/FCLKCLK[0]
                         net (fo=1, routed)           0.310     0.310    design_1_i/cg_fpga_0/inst/processing_system7_0/inst/FCLK_CLK_unbuffered[0]
    BUFGCTRL_X0Y16       BUFG (Prop_bufg_I_O)         0.026     0.336 r  design_1_i/cg_fpga_0/inst/processing_system7_0/inst/buffer_fclk_clk_0.FCLK_CLK_0_BUFG/O
                         net (fo=7383, routed)        0.569     0.905    design_1_i/cg_fpga_0/inst/cg_fpga_axi_gpio_o1/U0/gpio_core_1/s_axi_aclk
    SLICE_X57Y69         FDRE                                         r  design_1_i/cg_fpga_0/inst/cg_fpga_axi_gpio_o1/U0/gpio_core_1/Dual.gpio_Data_Out_reg[9]/C
  -------------------------------------------------------------------    -------------------
    SLICE_X57Y69         FDRE (Prop_fdre_C_Q)         0.128     1.033 r  design_1_i/cg_fpga_0/inst/cg_fpga_axi_gpio_o1/U0/gpio_core_1/Dual.gpio_Data_Out_reg[9]/Q
                         net (fo=2, routed)           0.136     1.169    design_1_i/top_0/inst/MiniMIPS32_Lite_FullSyS0/sw_1[22]
    SLICE_X55Y69         FDCE                                         r  design_1_i/top_0/inst/MiniMIPS32_Lite_FullSyS0/sw_1_ff_reg[22]/D
  -------------------------------------------------------------------    -------------------

                         (clock clk_out1_design_1_clk_wiz_0_0 rise edge)
                                                      0.000     0.000 r  
    BUFGCTRL_X0Y16       BUFG                         0.000     0.000 r  design_1_i/cg_fpga_0/inst/processing_system7_0/inst/buffer_fclk_clk_0.FCLK_CLK_0_BUFG/O
                         net (fo=7383, routed)        0.945     0.945    design_1_i/clk_wiz_0/inst/clk_in1
    MMCME2_ADV_X1Y2      MMCME2_ADV (Prop_mmcme2_adv_CLKIN1_CLKOUT0)
                                                     -1.726    -0.781 r  design_1_i/clk_wiz_0/inst/mmcm_adv_inst/CLKOUT0
                         net (fo=1, routed)           0.752    -0.029    design_1_i/clk_wiz_0/inst/clk_out1_design_1_clk_wiz_0_0
    BUFGCTRL_X0Y18       BUFG (Prop_bufg_I_O)         0.029     0.000 r  design_1_i/clk_wiz_0/inst/clkout1_buf/O
                         net (fo=9913, routed)        0.835     0.835    design_1_i/top_0/inst/MiniMIPS32_Lite_FullSyS0/clk
    SLICE_X55Y69         FDCE                                         r  design_1_i/top_0/inst/MiniMIPS32_Lite_FullSyS0/sw_1_ff_reg[22]/C
                         clock pessimism              0.000     0.835    
                         clock uncertainty            0.270     1.105    
    SLICE_X55Y69         FDCE (Hold_fdce_C_D)         0.019     1.124    design_1_i/top_0/inst/MiniMIPS32_Lite_FullSyS0/sw_1_ff_reg[22]
  -------------------------------------------------------------------
                         required time                         -1.124    
                         arrival time                           1.169    
  -------------------------------------------------------------------
                         slack                                  0.044    

Slack (MET) :             0.051ns  (arrival time - required time)
  Source:                 design_1_i/cg_fpga_0/inst/cg_fpga_axi_gpio_o1/U0/gpio_core_1/Dual.gpio_Data_Out_reg[2]/C
                            (rising edge-triggered cell FDRE clocked by clk_fpga_0  {rise@0.000ns fall@5.000ns period=10.000ns})
  Destination:            design_1_i/top_0/inst/MiniMIPS32_Lite_FullSyS0/sw_1_ff_reg[29]/D
                            (rising edge-triggered cell FDCE clocked by clk_out1_design_1_clk_wiz_0_0  {rise@0.000ns fall@10.000ns period=20.000ns})
  Path Group:             clk_out1_design_1_clk_wiz_0_0
  Path Type:              Hold (Min at Fast Process Corner)
  Requirement:            0.000ns  (clk_out1_design_1_clk_wiz_0_0 rise@0.000ns - clk_fpga_0 rise@0.000ns)
  Data Path Delay:        0.324ns  (logic 0.141ns (43.530%)  route 0.183ns (56.470%))
  Logic Levels:           0  
  Clock Path Skew:        -0.070ns (DCD - SCD - CPR)
    Destination Clock Delay (DCD):    0.816ns
    Source Clock Delay      (SCD):    0.886ns
    Clock Pessimism Removal (CPR):    -0.000ns
  Clock Uncertainty:      0.270ns  ((TSJ^2 + TIJ^2 + DJ^2)^1/2) / 2 + PE
    Total System Jitter     (TSJ):    0.071ns
    Total Input Jitter      (TIJ):    0.300ns
    Discrete Jitter          (DJ):    0.152ns
    Phase Error              (PE):    0.099ns
  Clock Domain Crossing:  Inter clock paths are considered valid unless explicitly excluded by timing constraints such as set_clock_groups or set_false_path.

    Location             Delay type                Incr(ns)  Path(ns)    Netlist Resource(s)
  -------------------------------------------------------------------    -------------------
                         (clock clk_fpga_0 rise edge)
                                                      0.000     0.000 r  
    PS7_X0Y0             PS7                          0.000     0.000 r  design_1_i/cg_fpga_0/inst/processing_system7_0/inst/PS7_i/FCLKCLK[0]
                         net (fo=1, routed)           0.310     0.310    design_1_i/cg_fpga_0/inst/processing_system7_0/inst/FCLK_CLK_unbuffered[0]
    BUFGCTRL_X0Y16       BUFG (Prop_bufg_I_O)         0.026     0.336 r  design_1_i/cg_fpga_0/inst/processing_system7_0/inst/buffer_fclk_clk_0.FCLK_CLK_0_BUFG/O
                         net (fo=7383, routed)        0.550     0.886    design_1_i/cg_fpga_0/inst/cg_fpga_axi_gpio_o1/U0/gpio_core_1/s_axi_aclk
    SLICE_X47Y67         FDRE                                         r  design_1_i/cg_fpga_0/inst/cg_fpga_axi_gpio_o1/U0/gpio_core_1/Dual.gpio_Data_Out_reg[2]/C
  -------------------------------------------------------------------    -------------------
    SLICE_X47Y67         FDRE (Prop_fdre_C_Q)         0.141     1.027 r  design_1_i/cg_fpga_0/inst/cg_fpga_axi_gpio_o1/U0/gpio_core_1/Dual.gpio_Data_Out_reg[2]/Q
                         net (fo=2, routed)           0.183     1.210    design_1_i/top_0/inst/MiniMIPS32_Lite_FullSyS0/sw_1[29]
    SLICE_X48Y67         FDCE                                         r  design_1_i/top_0/inst/MiniMIPS32_Lite_FullSyS0/sw_1_ff_reg[29]/D
  -------------------------------------------------------------------    -------------------

                         (clock clk_out1_design_1_clk_wiz_0_0 rise edge)
                                                      0.000     0.000 r  
    BUFGCTRL_X0Y16       BUFG                         0.000     0.000 r  design_1_i/cg_fpga_0/inst/processing_system7_0/inst/buffer_fclk_clk_0.FCLK_CLK_0_BUFG/O
                         net (fo=7383, routed)        0.945     0.945    design_1_i/clk_wiz_0/inst/clk_in1
    MMCME2_ADV_X1Y2      MMCME2_ADV (Prop_mmcme2_adv_CLKIN1_CLKOUT0)
                                                     -1.726    -0.781 r  design_1_i/clk_wiz_0/inst/mmcm_adv_inst/CLKOUT0
                         net (fo=1, routed)           0.752    -0.029    design_1_i/clk_wiz_0/inst/clk_out1_design_1_clk_wiz_0_0
    BUFGCTRL_X0Y18       BUFG (Prop_bufg_I_O)         0.029     0.000 r  design_1_i/clk_wiz_0/inst/clkout1_buf/O
                         net (fo=9913, routed)        0.816     0.816    design_1_i/top_0/inst/MiniMIPS32_Lite_FullSyS0/clk
    SLICE_X48Y67         FDCE                                         r  design_1_i/top_0/inst/MiniMIPS32_Lite_FullSyS0/sw_1_ff_reg[29]/C
                         clock pessimism              0.000     0.816    
                         clock uncertainty            0.270     1.086    
    SLICE_X48Y67         FDCE (Hold_fdce_C_D)         0.072     1.158    design_1_i/top_0/inst/MiniMIPS32_Lite_FullSyS0/sw_1_ff_reg[29]
  -------------------------------------------------------------------
                         required time                         -1.158    
                         arrival time                           1.210    
  -------------------------------------------------------------------
                         slack                                  0.051    

Slack (MET) :             0.052ns  (arrival time - required time)
  Source:                 design_1_i/cg_fpga_0/inst/cg_fpga_axi_gpio_o1/U0/gpio_core_1/Dual.gpio_Data_Out_reg[1]/C
                            (rising edge-triggered cell FDRE clocked by clk_fpga_0  {rise@0.000ns fall@5.000ns period=10.000ns})
  Destination:            design_1_i/top_0/inst/MiniMIPS32_Lite_FullSyS0/sw_1_ff_reg[30]/D
                            (rising edge-triggered cell FDCE clocked by clk_out1_design_1_clk_wiz_0_0  {rise@0.000ns fall@10.000ns period=20.000ns})
  Path Group:             clk_out1_design_1_clk_wiz_0_0
  Path Type:              Hold (Min at Fast Process Corner)
  Requirement:            0.000ns  (clk_out1_design_1_clk_wiz_0_0 rise@0.000ns - clk_fpga_0 rise@0.000ns)
  Data Path Delay:        0.328ns  (logic 0.141ns (42.996%)  route 0.187ns (57.004%))
  Logic Levels:           0  
  Clock Path Skew:        -0.070ns (DCD - SCD - CPR)
    Destination Clock Delay (DCD):    0.816ns
    Source Clock Delay      (SCD):    0.886ns
    Clock Pessimism Removal (CPR):    -0.000ns
  Clock Uncertainty:      0.270ns  ((TSJ^2 + TIJ^2 + DJ^2)^1/2) / 2 + PE
    Total System Jitter     (TSJ):    0.071ns
    Total Input Jitter      (TIJ):    0.300ns
    Discrete Jitter          (DJ):    0.152ns
    Phase Error              (PE):    0.099ns
  Clock Domain Crossing:  Inter clock paths are considered valid unless explicitly excluded by timing constraints such as set_clock_groups or set_false_path.

    Location             Delay type                Incr(ns)  Path(ns)    Netlist Resource(s)
  -------------------------------------------------------------------    -------------------
                         (clock clk_fpga_0 rise edge)
                                                      0.000     0.000 r  
    PS7_X0Y0             PS7                          0.000     0.000 r  design_1_i/cg_fpga_0/inst/processing_system7_0/inst/PS7_i/FCLKCLK[0]
                         net (fo=1, routed)           0.310     0.310    design_1_i/cg_fpga_0/inst/processing_system7_0/inst/FCLK_CLK_unbuffered[0]
    BUFGCTRL_X0Y16       BUFG (Prop_bufg_I_O)         0.026     0.336 r  design_1_i/cg_fpga_0/inst/processing_system7_0/inst/buffer_fclk_clk_0.FCLK_CLK_0_BUFG/O
                         net (fo=7383, routed)        0.550     0.886    design_1_i/cg_fpga_0/inst/cg_fpga_axi_gpio_o1/U0/gpio_core_1/s_axi_aclk
    SLICE_X47Y67         FDRE                                         r  design_1_i/cg_fpga_0/inst/cg_fpga_axi_gpio_o1/U0/gpio_core_1/Dual.gpio_Data_Out_reg[1]/C
  -------------------------------------------------------------------    -------------------
    SLICE_X47Y67         FDRE (Prop_fdre_C_Q)         0.141     1.027 r  design_1_i/cg_fpga_0/inst/cg_fpga_axi_gpio_o1/U0/gpio_core_1/Dual.gpio_Data_Out_reg[1]/Q
                         net (fo=2, routed)           0.187     1.214    design_1_i/top_0/inst/MiniMIPS32_Lite_FullSyS0/sw_1[30]
    SLICE_X48Y67         FDCE                                         r  design_1_i/top_0/inst/MiniMIPS32_Lite_FullSyS0/sw_1_ff_reg[30]/D
  -------------------------------------------------------------------    -------------------

                         (clock clk_out1_design_1_clk_wiz_0_0 rise edge)
                                                      0.000     0.000 r  
    BUFGCTRL_X0Y16       BUFG                         0.000     0.000 r  design_1_i/cg_fpga_0/inst/processing_system7_0/inst/buffer_fclk_clk_0.FCLK_CLK_0_BUFG/O
                         net (fo=7383, routed)        0.945     0.945    design_1_i/clk_wiz_0/inst/clk_in1
    MMCME2_ADV_X1Y2      MMCME2_ADV (Prop_mmcme2_adv_CLKIN1_CLKOUT0)
                                                     -1.726    -0.781 r  design_1_i/clk_wiz_0/inst/mmcm_adv_inst/CLKOUT0
                         net (fo=1, routed)           0.752    -0.029    design_1_i/clk_wiz_0/inst/clk_out1_design_1_clk_wiz_0_0
    BUFGCTRL_X0Y18       BUFG (Prop_bufg_I_O)         0.029     0.000 r  design_1_i/clk_wiz_0/inst/clkout1_buf/O
                         net (fo=9913, routed)        0.816     0.816    design_1_i/top_0/inst/MiniMIPS32_Lite_FullSyS0/clk
    SLICE_X48Y67         FDCE                                         r  design_1_i/top_0/inst/MiniMIPS32_Lite_FullSyS0/sw_1_ff_reg[30]/C
                         clock pessimism              0.000     0.816    
                         clock uncertainty            0.270     1.086    
    SLICE_X48Y67         FDCE (Hold_fdce_C_D)         0.075     1.161    design_1_i/top_0/inst/MiniMIPS32_Lite_FullSyS0/sw_1_ff_reg[30]
  -------------------------------------------------------------------
                         required time                         -1.161    
                         arrival time                           1.214    
  -------------------------------------------------------------------
                         slack                                  0.052    

Slack (MET) :             0.053ns  (arrival time - required time)
  Source:                 design_1_i/cg_fpga_0/inst/cg_fpga_axi_gpio_o1/U0/gpio_core_1/Dual.gpio_Data_Out_reg[12]/C
                            (rising edge-triggered cell FDRE clocked by clk_fpga_0  {rise@0.000ns fall@5.000ns period=10.000ns})
  Destination:            design_1_i/top_0/inst/MiniMIPS32_Lite_FullSyS0/sw_1_ff_reg[19]/D
                            (rising edge-triggered cell FDCE clocked by clk_out1_design_1_clk_wiz_0_0  {rise@0.000ns fall@10.000ns period=20.000ns})
  Path Group:             clk_out1_design_1_clk_wiz_0_0
  Path Type:              Hold (Min at Fast Process Corner)
  Requirement:            0.000ns  (clk_out1_design_1_clk_wiz_0_0 rise@0.000ns - clk_fpga_0 rise@0.000ns)
  Data Path Delay:        0.329ns  (logic 0.141ns (42.878%)  route 0.188ns (57.122%))
  Logic Levels:           0  
  Clock Path Skew:        -0.070ns (DCD - SCD - CPR)
    Destination Clock Delay (DCD):    0.839ns
    Source Clock Delay      (SCD):    0.909ns
    Clock Pessimism Removal (CPR):    -0.000ns
  Clock Uncertainty:      0.270ns  ((TSJ^2 + TIJ^2 + DJ^2)^1/2) / 2 + PE
    Total System Jitter     (TSJ):    0.071ns
    Total Input Jitter      (TIJ):    0.300ns
    Discrete Jitter          (DJ):    0.152ns
    Phase Error              (PE):    0.099ns
  Clock Domain Crossing:  Inter clock paths are considered valid unless explicitly excluded by timing constraints such as set_clock_groups or set_false_path.

    Location             Delay type                Incr(ns)  Path(ns)    Netlist Resource(s)
  -------------------------------------------------------------------    -------------------
                         (clock clk_fpga_0 rise edge)
                                                      0.000     0.000 r  
    PS7_X0Y0             PS7                          0.000     0.000 r  design_1_i/cg_fpga_0/inst/processing_system7_0/inst/PS7_i/FCLKCLK[0]
                         net (fo=1, routed)           0.310     0.310    design_1_i/cg_fpga_0/inst/processing_system7_0/inst/FCLK_CLK_unbuffered[0]
    BUFGCTRL_X0Y16       BUFG (Prop_bufg_I_O)         0.026     0.336 r  design_1_i/cg_fpga_0/inst/processing_system7_0/inst/buffer_fclk_clk_0.FCLK_CLK_0_BUFG/O
                         net (fo=7383, routed)        0.573     0.909    design_1_i/cg_fpga_0/inst/cg_fpga_axi_gpio_o1/U0/gpio_core_1/s_axi_aclk
    SLICE_X61Y67         FDRE                                         r  design_1_i/cg_fpga_0/inst/cg_fpga_axi_gpio_o1/U0/gpio_core_1/Dual.gpio_Data_Out_reg[12]/C
  -------------------------------------------------------------------    -------------------
    SLICE_X61Y67         FDRE (Prop_fdre_C_Q)         0.141     1.050 r  design_1_i/cg_fpga_0/inst/cg_fpga_axi_gpio_o1/U0/gpio_core_1/Dual.gpio_Data_Out_reg[12]/Q
                         net (fo=2, routed)           0.188     1.237    design_1_i/top_0/inst/MiniMIPS32_Lite_FullSyS0/sw_1[19]
    SLICE_X64Y68         FDCE                                         r  design_1_i/top_0/inst/MiniMIPS32_Lite_FullSyS0/sw_1_ff_reg[19]/D
  -------------------------------------------------------------------    -------------------

                         (clock clk_out1_design_1_clk_wiz_0_0 rise edge)
                                                      0.000     0.000 r  
    BUFGCTRL_X0Y16       BUFG                         0.000     0.000 r  design_1_i/cg_fpga_0/inst/processing_system7_0/inst/buffer_fclk_clk_0.FCLK_CLK_0_BUFG/O
                         net (fo=7383, routed)        0.945     0.945    design_1_i/clk_wiz_0/inst/clk_in1
    MMCME2_ADV_X1Y2      MMCME2_ADV (Prop_mmcme2_adv_CLKIN1_CLKOUT0)
                                                     -1.726    -0.781 r  design_1_i/clk_wiz_0/inst/mmcm_adv_inst/CLKOUT0
                         net (fo=1, routed)           0.752    -0.029    design_1_i/clk_wiz_0/inst/clk_out1_design_1_clk_wiz_0_0
    BUFGCTRL_X0Y18       BUFG (Prop_bufg_I_O)         0.029     0.000 r  design_1_i/clk_wiz_0/inst/clkout1_buf/O
                         net (fo=9913, routed)        0.839     0.839    design_1_i/top_0/inst/MiniMIPS32_Lite_FullSyS0/clk
    SLICE_X64Y68         FDCE                                         r  design_1_i/top_0/inst/MiniMIPS32_Lite_FullSyS0/sw_1_ff_reg[19]/C
                         clock pessimism              0.000     0.839    
                         clock uncertainty            0.270     1.109    
    SLICE_X64Y68         FDCE (Hold_fdce_C_D)         0.075     1.184    design_1_i/top_0/inst/MiniMIPS32_Lite_FullSyS0/sw_1_ff_reg[19]
  -------------------------------------------------------------------
                         required time                         -1.184    
                         arrival time                           1.237    
  -------------------------------------------------------------------
                         slack                                  0.053    

Slack (MET) :             0.054ns  (arrival time - required time)
  Source:                 design_1_i/cg_fpga_0/inst/cg_fpga_axi_gpio_o1/U0/gpio_core_1/Dual.gpio_Data_Out_reg[0]/C
                            (rising edge-triggered cell FDRE clocked by clk_fpga_0  {rise@0.000ns fall@5.000ns period=10.000ns})
  Destination:            design_1_i/top_0/inst/MiniMIPS32_Lite_FullSyS0/sw_1_ff_reg[31]/D
                            (rising edge-triggered cell FDCE clocked by clk_out1_design_1_clk_wiz_0_0  {rise@0.000ns fall@10.000ns period=20.000ns})
  Path Group:             clk_out1_design_1_clk_wiz_0_0
  Path Type:              Hold (Min at Fast Process Corner)
  Requirement:            0.000ns  (clk_out1_design_1_clk_wiz_0_0 rise@0.000ns - clk_fpga_0 rise@0.000ns)
  Data Path Delay:        0.321ns  (logic 0.141ns (43.981%)  route 0.180ns (56.019%))
  Logic Levels:           0  
  Clock Path Skew:        -0.070ns (DCD - SCD - CPR)
    Destination Clock Delay (DCD):    0.814ns
    Source Clock Delay      (SCD):    0.884ns
    Clock Pessimism Removal (CPR):    -0.000ns
  Clock Uncertainty:      0.270ns  ((TSJ^2 + TIJ^2 + DJ^2)^1/2) / 2 + PE
    Total System Jitter     (TSJ):    0.071ns
    Total Input Jitter      (TIJ):    0.300ns
    Discrete Jitter          (DJ):    0.152ns
    Phase Error              (PE):    0.099ns
  Clock Domain Crossing:  Inter clock paths are considered valid unless explicitly excluded by timing constraints such as set_clock_groups or set_false_path.

    Location             Delay type                Incr(ns)  Path(ns)    Netlist Resource(s)
  -------------------------------------------------------------------    -------------------
                         (clock clk_fpga_0 rise edge)
                                                      0.000     0.000 r  
    PS7_X0Y0             PS7                          0.000     0.000 r  design_1_i/cg_fpga_0/inst/processing_system7_0/inst/PS7_i/FCLKCLK[0]
                         net (fo=1, routed)           0.310     0.310    design_1_i/cg_fpga_0/inst/processing_system7_0/inst/FCLK_CLK_unbuffered[0]
    BUFGCTRL_X0Y16       BUFG (Prop_bufg_I_O)         0.026     0.336 r  design_1_i/cg_fpga_0/inst/processing_system7_0/inst/buffer_fclk_clk_0.FCLK_CLK_0_BUFG/O
                         net (fo=7383, routed)        0.548     0.884    design_1_i/cg_fpga_0/inst/cg_fpga_axi_gpio_o1/U0/gpio_core_1/s_axi_aclk
    SLICE_X48Y68         FDRE                                         r  design_1_i/cg_fpga_0/inst/cg_fpga_axi_gpio_o1/U0/gpio_core_1/Dual.gpio_Data_Out_reg[0]/C
  -------------------------------------------------------------------    -------------------
    SLICE_X48Y68         FDRE (Prop_fdre_C_Q)         0.141     1.025 r  design_1_i/cg_fpga_0/inst/cg_fpga_axi_gpio_o1/U0/gpio_core_1/Dual.gpio_Data_Out_reg[0]/Q
                         net (fo=2, routed)           0.180     1.204    design_1_i/top_0/inst/MiniMIPS32_Lite_FullSyS0/sw_1[31]
    SLICE_X49Y69         FDCE                                         r  design_1_i/top_0/inst/MiniMIPS32_Lite_FullSyS0/sw_1_ff_reg[31]/D
  -------------------------------------------------------------------    -------------------

                         (clock clk_out1_design_1_clk_wiz_0_0 rise edge)
                                                      0.000     0.000 r  
    BUFGCTRL_X0Y16       BUFG                         0.000     0.000 r  design_1_i/cg_fpga_0/inst/processing_system7_0/inst/buffer_fclk_clk_0.FCLK_CLK_0_BUFG/O
                         net (fo=7383, routed)        0.945     0.945    design_1_i/clk_wiz_0/inst/clk_in1
    MMCME2_ADV_X1Y2      MMCME2_ADV (Prop_mmcme2_adv_CLKIN1_CLKOUT0)
                                                     -1.726    -0.781 r  design_1_i/clk_wiz_0/inst/mmcm_adv_inst/CLKOUT0
                         net (fo=1, routed)           0.752    -0.029    design_1_i/clk_wiz_0/inst/clk_out1_design_1_clk_wiz_0_0
    BUFGCTRL_X0Y18       BUFG (Prop_bufg_I_O)         0.029     0.000 r  design_1_i/clk_wiz_0/inst/clkout1_buf/O
                         net (fo=9913, routed)        0.814     0.814    design_1_i/top_0/inst/MiniMIPS32_Lite_FullSyS0/clk
    SLICE_X49Y69         FDCE                                         r  design_1_i/top_0/inst/MiniMIPS32_Lite_FullSyS0/sw_1_ff_reg[31]/C
                         clock pessimism              0.000     0.814    
                         clock uncertainty            0.270     1.084    
    SLICE_X49Y69         FDCE (Hold_fdce_C_D)         0.066     1.150    design_1_i/top_0/inst/MiniMIPS32_Lite_FullSyS0/sw_1_ff_reg[31]
  -------------------------------------------------------------------
                         required time                         -1.150    
                         arrival time                           1.204    
  -------------------------------------------------------------------
                         slack                                  0.054    

Slack (MET) :             0.054ns  (arrival time - required time)
  Source:                 design_1_i/cg_fpga_0/inst/cg_fpga_axi_gpio_o1/U0/gpio_core_1/Dual.gpio_Data_Out_reg[26]/C
                            (rising edge-triggered cell FDRE clocked by clk_fpga_0  {rise@0.000ns fall@5.000ns period=10.000ns})
  Destination:            design_1_i/top_0/inst/MiniMIPS32_Lite_FullSyS0/sw_1_ff_reg[5]/D
                            (rising edge-triggered cell FDCE clocked by clk_out1_design_1_clk_wiz_0_0  {rise@0.000ns fall@10.000ns period=20.000ns})
  Path Group:             clk_out1_design_1_clk_wiz_0_0
  Path Type:              Hold (Min at Fast Process Corner)
  Requirement:            0.000ns  (clk_out1_design_1_clk_wiz_0_0 rise@0.000ns - clk_fpga_0 rise@0.000ns)
  Data Path Delay:        0.324ns  (logic 0.141ns (43.518%)  route 0.183ns (56.482%))
  Logic Levels:           0  
  Clock Path Skew:        -0.071ns (DCD - SCD - CPR)
    Destination Clock Delay (DCD):    0.832ns
    Source Clock Delay      (SCD):    0.903ns
    Clock Pessimism Removal (CPR):    -0.000ns
  Clock Uncertainty:      0.270ns  ((TSJ^2 + TIJ^2 + DJ^2)^1/2) / 2 + PE
    Total System Jitter     (TSJ):    0.071ns
    Total Input Jitter      (TIJ):    0.300ns
    Discrete Jitter          (DJ):    0.152ns
    Phase Error              (PE):    0.099ns
  Clock Domain Crossing:  Inter clock paths are considered valid unless explicitly excluded by timing constraints such as set_clock_groups or set_false_path.

    Location             Delay type                Incr(ns)  Path(ns)    Netlist Resource(s)
  -------------------------------------------------------------------    -------------------
                         (clock clk_fpga_0 rise edge)
                                                      0.000     0.000 r  
    PS7_X0Y0             PS7                          0.000     0.000 r  design_1_i/cg_fpga_0/inst/processing_system7_0/inst/PS7_i/FCLKCLK[0]
                         net (fo=1, routed)           0.310     0.310    design_1_i/cg_fpga_0/inst/processing_system7_0/inst/FCLK_CLK_unbuffered[0]
    BUFGCTRL_X0Y16       BUFG (Prop_bufg_I_O)         0.026     0.336 r  design_1_i/cg_fpga_0/inst/processing_system7_0/inst/buffer_fclk_clk_0.FCLK_CLK_0_BUFG/O
                         net (fo=7383, routed)        0.567     0.903    design_1_i/cg_fpga_0/inst/cg_fpga_axi_gpio_o1/U0/gpio_core_1/s_axi_aclk
    SLICE_X60Y76         FDRE                                         r  design_1_i/cg_fpga_0/inst/cg_fpga_axi_gpio_o1/U0/gpio_core_1/Dual.gpio_Data_Out_reg[26]/C
  -------------------------------------------------------------------    -------------------
    SLICE_X60Y76         FDRE (Prop_fdre_C_Q)         0.141     1.044 r  design_1_i/cg_fpga_0/inst/cg_fpga_axi_gpio_o1/U0/gpio_core_1/Dual.gpio_Data_Out_reg[26]/Q
                         net (fo=2, routed)           0.183     1.227    design_1_i/top_0/inst/MiniMIPS32_Lite_FullSyS0/sw_1[5]
    SLICE_X59Y76         FDCE                                         r  design_1_i/top_0/inst/MiniMIPS32_Lite_FullSyS0/sw_1_ff_reg[5]/D
  -------------------------------------------------------------------    -------------------

                         (clock clk_out1_design_1_clk_wiz_0_0 rise edge)
                                                      0.000     0.000 r  
    BUFGCTRL_X0Y16       BUFG                         0.000     0.000 r  design_1_i/cg_fpga_0/inst/processing_system7_0/inst/buffer_fclk_clk_0.FCLK_CLK_0_BUFG/O
                         net (fo=7383, routed)        0.945     0.945    design_1_i/clk_wiz_0/inst/clk_in1
    MMCME2_ADV_X1Y2      MMCME2_ADV (Prop_mmcme2_adv_CLKIN1_CLKOUT0)
                                                     -1.726    -0.781 r  design_1_i/clk_wiz_0/inst/mmcm_adv_inst/CLKOUT0
                         net (fo=1, routed)           0.752    -0.029    design_1_i/clk_wiz_0/inst/clk_out1_design_1_clk_wiz_0_0
    BUFGCTRL_X0Y18       BUFG (Prop_bufg_I_O)         0.029     0.000 r  design_1_i/clk_wiz_0/inst/clkout1_buf/O
                         net (fo=9913, routed)        0.832     0.832    design_1_i/top_0/inst/MiniMIPS32_Lite_FullSyS0/clk
    SLICE_X59Y76         FDCE                                         r  design_1_i/top_0/inst/MiniMIPS32_Lite_FullSyS0/sw_1_ff_reg[5]/C
                         clock pessimism              0.000     0.832    
                         clock uncertainty            0.270     1.102    
    SLICE_X59Y76         FDCE (Hold_fdce_C_D)         0.070     1.172    design_1_i/top_0/inst/MiniMIPS32_Lite_FullSyS0/sw_1_ff_reg[5]
  -------------------------------------------------------------------
                         required time                         -1.172    
                         arrival time                           1.227    
  -------------------------------------------------------------------
                         slack                                  0.054    

Slack (MET) :             0.059ns  (arrival time - required time)
  Source:                 design_1_i/cg_fpga_0/inst/cg_fpga_axi_gpio_o2/U0/gpio_core_1/Dual.gpio_Data_Out_reg[24]/C
                            (rising edge-triggered cell FDRE clocked by clk_fpga_0  {rise@0.000ns fall@5.000ns period=10.000ns})
  Destination:            design_1_i/top_0/inst/MiniMIPS32_Lite_FullSyS0/btn_ff_reg[7]/D
                            (rising edge-triggered cell FDCE clocked by clk_out1_design_1_clk_wiz_0_0  {rise@0.000ns fall@10.000ns period=20.000ns})
  Path Group:             clk_out1_design_1_clk_wiz_0_0
  Path Type:              Hold (Min at Fast Process Corner)
  Requirement:            0.000ns  (clk_out1_design_1_clk_wiz_0_0 rise@0.000ns - clk_fpga_0 rise@0.000ns)
  Data Path Delay:        0.332ns  (logic 0.141ns (42.514%)  route 0.191ns (57.486%))
  Logic Levels:           0  
  Clock Path Skew:        -0.068ns (DCD - SCD - CPR)
    Destination Clock Delay (DCD):    0.832ns
    Source Clock Delay      (SCD):    0.900ns
    Clock Pessimism Removal (CPR):    -0.000ns
  Clock Uncertainty:      0.270ns  ((TSJ^2 + TIJ^2 + DJ^2)^1/2) / 2 + PE
    Total System Jitter     (TSJ):    0.071ns
    Total Input Jitter      (TIJ):    0.300ns
    Discrete Jitter          (DJ):    0.152ns
    Phase Error              (PE):    0.099ns
  Clock Domain Crossing:  Inter clock paths are considered valid unless explicitly excluded by timing constraints such as set_clock_groups or set_false_path.

    Location             Delay type                Incr(ns)  Path(ns)    Netlist Resource(s)
  -------------------------------------------------------------------    -------------------
                         (clock clk_fpga_0 rise edge)
                                                      0.000     0.000 r  
    PS7_X0Y0             PS7                          0.000     0.000 r  design_1_i/cg_fpga_0/inst/processing_system7_0/inst/PS7_i/FCLKCLK[0]
                         net (fo=1, routed)           0.310     0.310    design_1_i/cg_fpga_0/inst/processing_system7_0/inst/FCLK_CLK_unbuffered[0]
    BUFGCTRL_X0Y16       BUFG (Prop_bufg_I_O)         0.026     0.336 r  design_1_i/cg_fpga_0/inst/processing_system7_0/inst/buffer_fclk_clk_0.FCLK_CLK_0_BUFG/O
                         net (fo=7383, routed)        0.564     0.900    design_1_i/cg_fpga_0/inst/cg_fpga_axi_gpio_o2/U0/gpio_core_1/s_axi_aclk
    SLICE_X55Y76         FDRE                                         r  design_1_i/cg_fpga_0/inst/cg_fpga_axi_gpio_o2/U0/gpio_core_1/Dual.gpio_Data_Out_reg[24]/C
  -------------------------------------------------------------------    -------------------
    SLICE_X55Y76         FDRE (Prop_fdre_C_Q)         0.141     1.041 r  design_1_i/cg_fpga_0/inst/cg_fpga_axi_gpio_o2/U0/gpio_core_1/Dual.gpio_Data_Out_reg[24]/Q
                         net (fo=2, routed)           0.191     1.231    design_1_i/top_0/inst/MiniMIPS32_Lite_FullSyS0/btn[7]
    SLICE_X59Y76         FDCE                                         r  design_1_i/top_0/inst/MiniMIPS32_Lite_FullSyS0/btn_ff_reg[7]/D
  -------------------------------------------------------------------    -------------------

                         (clock clk_out1_design_1_clk_wiz_0_0 rise edge)
                                                      0.000     0.000 r  
    BUFGCTRL_X0Y16       BUFG                         0.000     0.000 r  design_1_i/cg_fpga_0/inst/processing_system7_0/inst/buffer_fclk_clk_0.FCLK_CLK_0_BUFG/O
                         net (fo=7383, routed)        0.945     0.945    design_1_i/clk_wiz_0/inst/clk_in1
    MMCME2_ADV_X1Y2      MMCME2_ADV (Prop_mmcme2_adv_CLKIN1_CLKOUT0)
                                                     -1.726    -0.781 r  design_1_i/clk_wiz_0/inst/mmcm_adv_inst/CLKOUT0
                         net (fo=1, routed)           0.752    -0.029    design_1_i/clk_wiz_0/inst/clk_out1_design_1_clk_wiz_0_0
    BUFGCTRL_X0Y18       BUFG (Prop_bufg_I_O)         0.029     0.000 r  design_1_i/clk_wiz_0/inst/clkout1_buf/O
                         net (fo=9913, routed)        0.832     0.832    design_1_i/top_0/inst/MiniMIPS32_Lite_FullSyS0/clk
    SLICE_X59Y76         FDCE                                         r  design_1_i/top_0/inst/MiniMIPS32_Lite_FullSyS0/btn_ff_reg[7]/C
                         clock pessimism              0.000     0.832    
                         clock uncertainty            0.270     1.102    
    SLICE_X59Y76         FDCE (Hold_fdce_C_D)         0.070     1.172    design_1_i/top_0/inst/MiniMIPS32_Lite_FullSyS0/btn_ff_reg[7]
  -------------------------------------------------------------------
                         required time                         -1.172    
                         arrival time                           1.231    
  -------------------------------------------------------------------
                         slack                                  0.059    

Slack (MET) :             0.059ns  (arrival time - required time)
  Source:                 design_1_i/cg_fpga_0/inst/cg_fpga_axi_gpio_o2/U0/gpio_core_1/Dual.gpio_Data_Out_reg[27]/C
                            (rising edge-triggered cell FDRE clocked by clk_fpga_0  {rise@0.000ns fall@5.000ns period=10.000ns})
  Destination:            design_1_i/top_0/inst/MiniMIPS32_Lite_FullSyS0/btn_ff_reg[4]/D
                            (rising edge-triggered cell FDCE clocked by clk_out1_design_1_clk_wiz_0_0  {rise@0.000ns fall@10.000ns period=20.000ns})
  Path Group:             clk_out1_design_1_clk_wiz_0_0
  Path Type:              Hold (Min at Fast Process Corner)
  Requirement:            0.000ns  (clk_out1_design_1_clk_wiz_0_0 rise@0.000ns - clk_fpga_0 rise@0.000ns)
  Data Path Delay:        0.332ns  (logic 0.141ns (42.487%)  route 0.191ns (57.513%))
  Logic Levels:           0  
  Clock Path Skew:        -0.068ns (DCD - SCD - CPR)
    Destination Clock Delay (DCD):    0.832ns
    Source Clock Delay      (SCD):    0.900ns
    Clock Pessimism Removal (CPR):    -0.000ns
  Clock Uncertainty:      0.270ns  ((TSJ^2 + TIJ^2 + DJ^2)^1/2) / 2 + PE
    Total System Jitter     (TSJ):    0.071ns
    Total Input Jitter      (TIJ):    0.300ns
    Discrete Jitter          (DJ):    0.152ns
    Phase Error              (PE):    0.099ns
  Clock Domain Crossing:  Inter clock paths are considered valid unless explicitly excluded by timing constraints such as set_clock_groups or set_false_path.

    Location             Delay type                Incr(ns)  Path(ns)    Netlist Resource(s)
  -------------------------------------------------------------------    -------------------
                         (clock clk_fpga_0 rise edge)
                                                      0.000     0.000 r  
    PS7_X0Y0             PS7                          0.000     0.000 r  design_1_i/cg_fpga_0/inst/processing_system7_0/inst/PS7_i/FCLKCLK[0]
                         net (fo=1, routed)           0.310     0.310    design_1_i/cg_fpga_0/inst/processing_system7_0/inst/FCLK_CLK_unbuffered[0]
    BUFGCTRL_X0Y16       BUFG (Prop_bufg_I_O)         0.026     0.336 r  design_1_i/cg_fpga_0/inst/processing_system7_0/inst/buffer_fclk_clk_0.FCLK_CLK_0_BUFG/O
                         net (fo=7383, routed)        0.564     0.900    design_1_i/cg_fpga_0/inst/cg_fpga_axi_gpio_o2/U0/gpio_core_1/s_axi_aclk
    SLICE_X55Y76         FDRE                                         r  design_1_i/cg_fpga_0/inst/cg_fpga_axi_gpio_o2/U0/gpio_core_1/Dual.gpio_Data_Out_reg[27]/C
  -------------------------------------------------------------------    -------------------
    SLICE_X55Y76         FDRE (Prop_fdre_C_Q)         0.141     1.041 r  design_1_i/cg_fpga_0/inst/cg_fpga_axi_gpio_o2/U0/gpio_core_1/Dual.gpio_Data_Out_reg[27]/Q
                         net (fo=2, routed)           0.191     1.231    design_1_i/top_0/inst/MiniMIPS32_Lite_FullSyS0/btn[4]
    SLICE_X56Y76         FDCE                                         r  design_1_i/top_0/inst/MiniMIPS32_Lite_FullSyS0/btn_ff_reg[4]/D
  -------------------------------------------------------------------    -------------------

                         (clock clk_out1_design_1_clk_wiz_0_0 rise edge)
                                                      0.000     0.000 r  
    BUFGCTRL_X0Y16       BUFG                         0.000     0.000 r  design_1_i/cg_fpga_0/inst/processing_system7_0/inst/buffer_fclk_clk_0.FCLK_CLK_0_BUFG/O
                         net (fo=7383, routed)        0.945     0.945    design_1_i/clk_wiz_0/inst/clk_in1
    MMCME2_ADV_X1Y2      MMCME2_ADV (Prop_mmcme2_adv_CLKIN1_CLKOUT0)
                                                     -1.726    -0.781 r  design_1_i/clk_wiz_0/inst/mmcm_adv_inst/CLKOUT0
                         net (fo=1, routed)           0.752    -0.029    design_1_i/clk_wiz_0/inst/clk_out1_design_1_clk_wiz_0_0
    BUFGCTRL_X0Y18       BUFG (Prop_bufg_I_O)         0.029     0.000 r  design_1_i/clk_wiz_0/inst/clkout1_buf/O
                         net (fo=9913, routed)        0.832     0.832    design_1_i/top_0/inst/MiniMIPS32_Lite_FullSyS0/clk
    SLICE_X56Y76         FDCE                                         r  design_1_i/top_0/inst/MiniMIPS32_Lite_FullSyS0/btn_ff_reg[4]/C
                         clock pessimism              0.000     0.832    
                         clock uncertainty            0.270     1.102    
    SLICE_X56Y76         FDCE (Hold_fdce_C_D)         0.070     1.172    design_1_i/top_0/inst/MiniMIPS32_Lite_FullSyS0/btn_ff_reg[4]
  -------------------------------------------------------------------
                         required time                         -1.172    
                         arrival time                           1.231    
  -------------------------------------------------------------------
                         slack                                  0.059    





---------------------------------------------------------------------------------------------------
Path Group:  **async_default**
From Clock:  clk_fpga_0
  To Clock:  clk_fpga_0

Setup :            0  Failing Endpoints,  Worst Slack        5.927ns,  Total Violation        0.000ns
Hold  :            0  Failing Endpoints,  Worst Slack        0.440ns,  Total Violation        0.000ns
---------------------------------------------------------------------------------------------------


Max Delay Paths
--------------------------------------------------------------------------------------
Slack (MET) :             5.927ns  (required time - arrival time)
  Source:                 design_1_i/cg_fpga_0/inst/axi_interconnect_0/m00_couplers/auto_pc/inst/gen_axi4_axi3.axi3_conv_inst/USE_READ.USE_SPLIT_R.read_addr_inst/USE_R_CHANNEL.cmd_queue/inst/fifo_gen_inst/inst_fifo_gen/gconvfifo.rf/grf.rf/rstblk/ngwrdrst.grst.g7serrst.gnsckt_wrst.gcc_rst.sckt_wr_rst_cc_reg[1]/C
                            (rising edge-triggered cell FDRE clocked by clk_fpga_0  {rise@0.000ns fall@5.000ns period=10.000ns})
  Destination:            design_1_i/cg_fpga_0/inst/axi_interconnect_0/m00_couplers/auto_pc/inst/gen_axi4_axi3.axi3_conv_inst/USE_READ.USE_SPLIT_R.read_addr_inst/USE_R_CHANNEL.cmd_queue/inst/fifo_gen_inst/inst_fifo_gen/gconvfifo.rf/grf.rf/gntv_or_sync_fifo.gl0.rd/rpntr/gc0.count_d1_reg[2]/CLR
                            (recovery check against rising-edge clock clk_fpga_0  {rise@0.000ns fall@5.000ns period=10.000ns})
  Path Group:             **async_default**
  Path Type:              Recovery (Max at Slow Process Corner)
  Requirement:            10.000ns  (clk_fpga_0 rise@10.000ns - clk_fpga_0 rise@0.000ns)
  Data Path Delay:        3.285ns  (logic 0.580ns (17.655%)  route 2.705ns (82.345%))
  Logic Levels:           1  (LUT3=1)
  Clock Path Skew:        -0.229ns (DCD - SCD + CPR)
    Destination Clock Delay (DCD):    2.674ns = ( 12.674 - 10.000 ) 
    Source Clock Delay      (SCD):    3.133ns
    Clock Pessimism Removal (CPR):    0.230ns
  Clock Uncertainty:      0.154ns  ((TSJ^2 + TIJ^2)^1/2 + DJ) / 2 + PE
    Total System Jitter     (TSJ):    0.071ns
    Total Input Jitter      (TIJ):    0.300ns
    Discrete Jitter          (DJ):    0.000ns
    Phase Error              (PE):    0.000ns

    Location             Delay type                Incr(ns)  Path(ns)    Netlist Resource(s)
  -------------------------------------------------------------------    -------------------
                         (clock clk_fpga_0 rise edge)
                                                      0.000     0.000 r  
    PS7_X0Y0             PS7                          0.000     0.000 r  design_1_i/cg_fpga_0/inst/processing_system7_0/inst/PS7_i/FCLKCLK[0]
                         net (fo=1, routed)           1.193     1.193    design_1_i/cg_fpga_0/inst/processing_system7_0/inst/FCLK_CLK_unbuffered[0]
    BUFGCTRL_X0Y16       BUFG (Prop_bufg_I_O)         0.101     1.294 r  design_1_i/cg_fpga_0/inst/processing_system7_0/inst/buffer_fclk_clk_0.FCLK_CLK_0_BUFG/O
                         net (fo=7383, routed)        1.839     3.133    design_1_i/cg_fpga_0/inst/axi_interconnect_0/m00_couplers/auto_pc/inst/gen_axi4_axi3.axi3_conv_inst/USE_READ.USE_SPLIT_R.read_addr_inst/USE_R_CHANNEL.cmd_queue/inst/fifo_gen_inst/inst_fifo_gen/gconvfifo.rf/grf.rf/rstblk/clk
    SLICE_X1Y47          FDRE                                         r  design_1_i/cg_fpga_0/inst/axi_interconnect_0/m00_couplers/auto_pc/inst/gen_axi4_axi3.axi3_conv_inst/USE_READ.USE_SPLIT_R.read_addr_inst/USE_R_CHANNEL.cmd_queue/inst/fifo_gen_inst/inst_fifo_gen/gconvfifo.rf/grf.rf/rstblk/ngwrdrst.grst.g7serrst.gnsckt_wrst.gcc_rst.sckt_wr_rst_cc_reg[1]/C
  -------------------------------------------------------------------    -------------------
    SLICE_X1Y47          FDRE (Prop_fdre_C_Q)         0.456     3.589 f  design_1_i/cg_fpga_0/inst/axi_interconnect_0/m00_couplers/auto_pc/inst/gen_axi4_axi3.axi3_conv_inst/USE_READ.USE_SPLIT_R.read_addr_inst/USE_R_CHANNEL.cmd_queue/inst/fifo_gen_inst/inst_fifo_gen/gconvfifo.rf/grf.rf/rstblk/ngwrdrst.grst.g7serrst.gnsckt_wrst.gcc_rst.sckt_wr_rst_cc_reg[1]/Q
                         net (fo=1, routed)           0.640     4.229    design_1_i/cg_fpga_0/inst/axi_interconnect_0/m00_couplers/auto_pc/inst/gen_axi4_axi3.axi3_conv_inst/USE_READ.USE_SPLIT_R.read_addr_inst/USE_R_CHANNEL.cmd_queue/inst/fifo_gen_inst/inst_fifo_gen/gconvfifo.rf/grf.rf/rstblk/sckt_wr_rst_cc[1]
    SLICE_X1Y47          LUT3 (Prop_lut3_I0_O)        0.124     4.353 f  design_1_i/cg_fpga_0/inst/axi_interconnect_0/m00_couplers/auto_pc/inst/gen_axi4_axi3.axi3_conv_inst/USE_READ.USE_SPLIT_R.read_addr_inst/USE_R_CHANNEL.cmd_queue/inst/fifo_gen_inst/inst_fifo_gen/gconvfifo.rf/grf.rf/rstblk/gc0.count_d1[4]_i_2/O
                         net (fo=33, routed)          2.065     6.418    design_1_i/cg_fpga_0/inst/axi_interconnect_0/m00_couplers/auto_pc/inst/gen_axi4_axi3.axi3_conv_inst/USE_READ.USE_SPLIT_R.read_addr_inst/USE_R_CHANNEL.cmd_queue/inst/fifo_gen_inst/inst_fifo_gen/gconvfifo.rf/grf.rf/gntv_or_sync_fifo.gl0.rd/rpntr/gc0.count_d1_reg[0]_0
    SLICE_X33Y45         FDCE                                         f  design_1_i/cg_fpga_0/inst/axi_interconnect_0/m00_couplers/auto_pc/inst/gen_axi4_axi3.axi3_conv_inst/USE_READ.USE_SPLIT_R.read_addr_inst/USE_R_CHANNEL.cmd_queue/inst/fifo_gen_inst/inst_fifo_gen/gconvfifo.rf/grf.rf/gntv_or_sync_fifo.gl0.rd/rpntr/gc0.count_d1_reg[2]/CLR
  -------------------------------------------------------------------    -------------------

                         (clock clk_fpga_0 rise edge)
                                                     10.000    10.000 r  
    PS7_X0Y0             PS7                          0.000    10.000 r  design_1_i/cg_fpga_0/inst/processing_system7_0/inst/PS7_i/FCLKCLK[0]
                         net (fo=1, routed)           1.088    11.088    design_1_i/cg_fpga_0/inst/processing_system7_0/inst/FCLK_CLK_unbuffered[0]
    BUFGCTRL_X0Y16       BUFG (Prop_bufg_I_O)         0.091    11.179 r  design_1_i/cg_fpga_0/inst/processing_system7_0/inst/buffer_fclk_clk_0.FCLK_CLK_0_BUFG/O
                         net (fo=7383, routed)        1.495    12.674    design_1_i/cg_fpga_0/inst/axi_interconnect_0/m00_couplers/auto_pc/inst/gen_axi4_axi3.axi3_conv_inst/USE_READ.USE_SPLIT_R.read_addr_inst/USE_R_CHANNEL.cmd_queue/inst/fifo_gen_inst/inst_fifo_gen/gconvfifo.rf/grf.rf/gntv_or_sync_fifo.gl0.rd/rpntr/clk
    SLICE_X33Y45         FDCE                                         r  design_1_i/cg_fpga_0/inst/axi_interconnect_0/m00_couplers/auto_pc/inst/gen_axi4_axi3.axi3_conv_inst/USE_READ.USE_SPLIT_R.read_addr_inst/USE_R_CHANNEL.cmd_queue/inst/fifo_gen_inst/inst_fifo_gen/gconvfifo.rf/grf.rf/gntv_or_sync_fifo.gl0.rd/rpntr/gc0.count_d1_reg[2]/C
                         clock pessimism              0.230    12.904    
                         clock uncertainty           -0.154    12.750    
    SLICE_X33Y45         FDCE (Recov_fdce_C_CLR)     -0.405    12.345    design_1_i/cg_fpga_0/inst/axi_interconnect_0/m00_couplers/auto_pc/inst/gen_axi4_axi3.axi3_conv_inst/USE_READ.USE_SPLIT_R.read_addr_inst/USE_R_CHANNEL.cmd_queue/inst/fifo_gen_inst/inst_fifo_gen/gconvfifo.rf/grf.rf/gntv_or_sync_fifo.gl0.rd/rpntr/gc0.count_d1_reg[2]
  -------------------------------------------------------------------
                         required time                         12.345    
                         arrival time                          -6.418    
  -------------------------------------------------------------------
                         slack                                  5.927    

Slack (MET) :             5.927ns  (required time - arrival time)
  Source:                 design_1_i/cg_fpga_0/inst/axi_interconnect_0/m00_couplers/auto_pc/inst/gen_axi4_axi3.axi3_conv_inst/USE_READ.USE_SPLIT_R.read_addr_inst/USE_R_CHANNEL.cmd_queue/inst/fifo_gen_inst/inst_fifo_gen/gconvfifo.rf/grf.rf/rstblk/ngwrdrst.grst.g7serrst.gnsckt_wrst.gcc_rst.sckt_wr_rst_cc_reg[1]/C
                            (rising edge-triggered cell FDRE clocked by clk_fpga_0  {rise@0.000ns fall@5.000ns period=10.000ns})
  Destination:            design_1_i/cg_fpga_0/inst/axi_interconnect_0/m00_couplers/auto_pc/inst/gen_axi4_axi3.axi3_conv_inst/USE_READ.USE_SPLIT_R.read_addr_inst/USE_R_CHANNEL.cmd_queue/inst/fifo_gen_inst/inst_fifo_gen/gconvfifo.rf/grf.rf/gntv_or_sync_fifo.gl0.rd/rpntr/gc0.count_d1_reg[3]/CLR
                            (recovery check against rising-edge clock clk_fpga_0  {rise@0.000ns fall@5.000ns period=10.000ns})
  Path Group:             **async_default**
  Path Type:              Recovery (Max at Slow Process Corner)
  Requirement:            10.000ns  (clk_fpga_0 rise@10.000ns - clk_fpga_0 rise@0.000ns)
  Data Path Delay:        3.285ns  (logic 0.580ns (17.655%)  route 2.705ns (82.345%))
  Logic Levels:           1  (LUT3=1)
  Clock Path Skew:        -0.229ns (DCD - SCD + CPR)
    Destination Clock Delay (DCD):    2.674ns = ( 12.674 - 10.000 ) 
    Source Clock Delay      (SCD):    3.133ns
    Clock Pessimism Removal (CPR):    0.230ns
  Clock Uncertainty:      0.154ns  ((TSJ^2 + TIJ^2)^1/2 + DJ) / 2 + PE
    Total System Jitter     (TSJ):    0.071ns
    Total Input Jitter      (TIJ):    0.300ns
    Discrete Jitter          (DJ):    0.000ns
    Phase Error              (PE):    0.000ns

    Location             Delay type                Incr(ns)  Path(ns)    Netlist Resource(s)
  -------------------------------------------------------------------    -------------------
                         (clock clk_fpga_0 rise edge)
                                                      0.000     0.000 r  
    PS7_X0Y0             PS7                          0.000     0.000 r  design_1_i/cg_fpga_0/inst/processing_system7_0/inst/PS7_i/FCLKCLK[0]
                         net (fo=1, routed)           1.193     1.193    design_1_i/cg_fpga_0/inst/processing_system7_0/inst/FCLK_CLK_unbuffered[0]
    BUFGCTRL_X0Y16       BUFG (Prop_bufg_I_O)         0.101     1.294 r  design_1_i/cg_fpga_0/inst/processing_system7_0/inst/buffer_fclk_clk_0.FCLK_CLK_0_BUFG/O
                         net (fo=7383, routed)        1.839     3.133    design_1_i/cg_fpga_0/inst/axi_interconnect_0/m00_couplers/auto_pc/inst/gen_axi4_axi3.axi3_conv_inst/USE_READ.USE_SPLIT_R.read_addr_inst/USE_R_CHANNEL.cmd_queue/inst/fifo_gen_inst/inst_fifo_gen/gconvfifo.rf/grf.rf/rstblk/clk
    SLICE_X1Y47          FDRE                                         r  design_1_i/cg_fpga_0/inst/axi_interconnect_0/m00_couplers/auto_pc/inst/gen_axi4_axi3.axi3_conv_inst/USE_READ.USE_SPLIT_R.read_addr_inst/USE_R_CHANNEL.cmd_queue/inst/fifo_gen_inst/inst_fifo_gen/gconvfifo.rf/grf.rf/rstblk/ngwrdrst.grst.g7serrst.gnsckt_wrst.gcc_rst.sckt_wr_rst_cc_reg[1]/C
  -------------------------------------------------------------------    -------------------
    SLICE_X1Y47          FDRE (Prop_fdre_C_Q)         0.456     3.589 f  design_1_i/cg_fpga_0/inst/axi_interconnect_0/m00_couplers/auto_pc/inst/gen_axi4_axi3.axi3_conv_inst/USE_READ.USE_SPLIT_R.read_addr_inst/USE_R_CHANNEL.cmd_queue/inst/fifo_gen_inst/inst_fifo_gen/gconvfifo.rf/grf.rf/rstblk/ngwrdrst.grst.g7serrst.gnsckt_wrst.gcc_rst.sckt_wr_rst_cc_reg[1]/Q
                         net (fo=1, routed)           0.640     4.229    design_1_i/cg_fpga_0/inst/axi_interconnect_0/m00_couplers/auto_pc/inst/gen_axi4_axi3.axi3_conv_inst/USE_READ.USE_SPLIT_R.read_addr_inst/USE_R_CHANNEL.cmd_queue/inst/fifo_gen_inst/inst_fifo_gen/gconvfifo.rf/grf.rf/rstblk/sckt_wr_rst_cc[1]
    SLICE_X1Y47          LUT3 (Prop_lut3_I0_O)        0.124     4.353 f  design_1_i/cg_fpga_0/inst/axi_interconnect_0/m00_couplers/auto_pc/inst/gen_axi4_axi3.axi3_conv_inst/USE_READ.USE_SPLIT_R.read_addr_inst/USE_R_CHANNEL.cmd_queue/inst/fifo_gen_inst/inst_fifo_gen/gconvfifo.rf/grf.rf/rstblk/gc0.count_d1[4]_i_2/O
                         net (fo=33, routed)          2.065     6.418    design_1_i/cg_fpga_0/inst/axi_interconnect_0/m00_couplers/auto_pc/inst/gen_axi4_axi3.axi3_conv_inst/USE_READ.USE_SPLIT_R.read_addr_inst/USE_R_CHANNEL.cmd_queue/inst/fifo_gen_inst/inst_fifo_gen/gconvfifo.rf/grf.rf/gntv_or_sync_fifo.gl0.rd/rpntr/gc0.count_d1_reg[0]_0
    SLICE_X33Y45         FDCE                                         f  design_1_i/cg_fpga_0/inst/axi_interconnect_0/m00_couplers/auto_pc/inst/gen_axi4_axi3.axi3_conv_inst/USE_READ.USE_SPLIT_R.read_addr_inst/USE_R_CHANNEL.cmd_queue/inst/fifo_gen_inst/inst_fifo_gen/gconvfifo.rf/grf.rf/gntv_or_sync_fifo.gl0.rd/rpntr/gc0.count_d1_reg[3]/CLR
  -------------------------------------------------------------------    -------------------

                         (clock clk_fpga_0 rise edge)
                                                     10.000    10.000 r  
    PS7_X0Y0             PS7                          0.000    10.000 r  design_1_i/cg_fpga_0/inst/processing_system7_0/inst/PS7_i/FCLKCLK[0]
                         net (fo=1, routed)           1.088    11.088    design_1_i/cg_fpga_0/inst/processing_system7_0/inst/FCLK_CLK_unbuffered[0]
    BUFGCTRL_X0Y16       BUFG (Prop_bufg_I_O)         0.091    11.179 r  design_1_i/cg_fpga_0/inst/processing_system7_0/inst/buffer_fclk_clk_0.FCLK_CLK_0_BUFG/O
                         net (fo=7383, routed)        1.495    12.674    design_1_i/cg_fpga_0/inst/axi_interconnect_0/m00_couplers/auto_pc/inst/gen_axi4_axi3.axi3_conv_inst/USE_READ.USE_SPLIT_R.read_addr_inst/USE_R_CHANNEL.cmd_queue/inst/fifo_gen_inst/inst_fifo_gen/gconvfifo.rf/grf.rf/gntv_or_sync_fifo.gl0.rd/rpntr/clk
    SLICE_X33Y45         FDCE                                         r  design_1_i/cg_fpga_0/inst/axi_interconnect_0/m00_couplers/auto_pc/inst/gen_axi4_axi3.axi3_conv_inst/USE_READ.USE_SPLIT_R.read_addr_inst/USE_R_CHANNEL.cmd_queue/inst/fifo_gen_inst/inst_fifo_gen/gconvfifo.rf/grf.rf/gntv_or_sync_fifo.gl0.rd/rpntr/gc0.count_d1_reg[3]/C
                         clock pessimism              0.230    12.904    
                         clock uncertainty           -0.154    12.750    
    SLICE_X33Y45         FDCE (Recov_fdce_C_CLR)     -0.405    12.345    design_1_i/cg_fpga_0/inst/axi_interconnect_0/m00_couplers/auto_pc/inst/gen_axi4_axi3.axi3_conv_inst/USE_READ.USE_SPLIT_R.read_addr_inst/USE_R_CHANNEL.cmd_queue/inst/fifo_gen_inst/inst_fifo_gen/gconvfifo.rf/grf.rf/gntv_or_sync_fifo.gl0.rd/rpntr/gc0.count_d1_reg[3]
  -------------------------------------------------------------------
                         required time                         12.345    
                         arrival time                          -6.418    
  -------------------------------------------------------------------
                         slack                                  5.927    

Slack (MET) :             5.927ns  (required time - arrival time)
  Source:                 design_1_i/cg_fpga_0/inst/axi_interconnect_0/m00_couplers/auto_pc/inst/gen_axi4_axi3.axi3_conv_inst/USE_READ.USE_SPLIT_R.read_addr_inst/USE_R_CHANNEL.cmd_queue/inst/fifo_gen_inst/inst_fifo_gen/gconvfifo.rf/grf.rf/rstblk/ngwrdrst.grst.g7serrst.gnsckt_wrst.gcc_rst.sckt_wr_rst_cc_reg[1]/C
                            (rising edge-triggered cell FDRE clocked by clk_fpga_0  {rise@0.000ns fall@5.000ns period=10.000ns})
  Destination:            design_1_i/cg_fpga_0/inst/axi_interconnect_0/m00_couplers/auto_pc/inst/gen_axi4_axi3.axi3_conv_inst/USE_READ.USE_SPLIT_R.read_addr_inst/USE_R_CHANNEL.cmd_queue/inst/fifo_gen_inst/inst_fifo_gen/gconvfifo.rf/grf.rf/gntv_or_sync_fifo.gl0.rd/rpntr/gc0.count_d1_reg[4]/CLR
                            (recovery check against rising-edge clock clk_fpga_0  {rise@0.000ns fall@5.000ns period=10.000ns})
  Path Group:             **async_default**
  Path Type:              Recovery (Max at Slow Process Corner)
  Requirement:            10.000ns  (clk_fpga_0 rise@10.000ns - clk_fpga_0 rise@0.000ns)
  Data Path Delay:        3.285ns  (logic 0.580ns (17.655%)  route 2.705ns (82.345%))
  Logic Levels:           1  (LUT3=1)
  Clock Path Skew:        -0.229ns (DCD - SCD + CPR)
    Destination Clock Delay (DCD):    2.674ns = ( 12.674 - 10.000 ) 
    Source Clock Delay      (SCD):    3.133ns
    Clock Pessimism Removal (CPR):    0.230ns
  Clock Uncertainty:      0.154ns  ((TSJ^2 + TIJ^2)^1/2 + DJ) / 2 + PE
    Total System Jitter     (TSJ):    0.071ns
    Total Input Jitter      (TIJ):    0.300ns
    Discrete Jitter          (DJ):    0.000ns
    Phase Error              (PE):    0.000ns

    Location             Delay type                Incr(ns)  Path(ns)    Netlist Resource(s)
  -------------------------------------------------------------------    -------------------
                         (clock clk_fpga_0 rise edge)
                                                      0.000     0.000 r  
    PS7_X0Y0             PS7                          0.000     0.000 r  design_1_i/cg_fpga_0/inst/processing_system7_0/inst/PS7_i/FCLKCLK[0]
                         net (fo=1, routed)           1.193     1.193    design_1_i/cg_fpga_0/inst/processing_system7_0/inst/FCLK_CLK_unbuffered[0]
    BUFGCTRL_X0Y16       BUFG (Prop_bufg_I_O)         0.101     1.294 r  design_1_i/cg_fpga_0/inst/processing_system7_0/inst/buffer_fclk_clk_0.FCLK_CLK_0_BUFG/O
                         net (fo=7383, routed)        1.839     3.133    design_1_i/cg_fpga_0/inst/axi_interconnect_0/m00_couplers/auto_pc/inst/gen_axi4_axi3.axi3_conv_inst/USE_READ.USE_SPLIT_R.read_addr_inst/USE_R_CHANNEL.cmd_queue/inst/fifo_gen_inst/inst_fifo_gen/gconvfifo.rf/grf.rf/rstblk/clk
    SLICE_X1Y47          FDRE                                         r  design_1_i/cg_fpga_0/inst/axi_interconnect_0/m00_couplers/auto_pc/inst/gen_axi4_axi3.axi3_conv_inst/USE_READ.USE_SPLIT_R.read_addr_inst/USE_R_CHANNEL.cmd_queue/inst/fifo_gen_inst/inst_fifo_gen/gconvfifo.rf/grf.rf/rstblk/ngwrdrst.grst.g7serrst.gnsckt_wrst.gcc_rst.sckt_wr_rst_cc_reg[1]/C
  -------------------------------------------------------------------    -------------------
    SLICE_X1Y47          FDRE (Prop_fdre_C_Q)         0.456     3.589 f  design_1_i/cg_fpga_0/inst/axi_interconnect_0/m00_couplers/auto_pc/inst/gen_axi4_axi3.axi3_conv_inst/USE_READ.USE_SPLIT_R.read_addr_inst/USE_R_CHANNEL.cmd_queue/inst/fifo_gen_inst/inst_fifo_gen/gconvfifo.rf/grf.rf/rstblk/ngwrdrst.grst.g7serrst.gnsckt_wrst.gcc_rst.sckt_wr_rst_cc_reg[1]/Q
                         net (fo=1, routed)           0.640     4.229    design_1_i/cg_fpga_0/inst/axi_interconnect_0/m00_couplers/auto_pc/inst/gen_axi4_axi3.axi3_conv_inst/USE_READ.USE_SPLIT_R.read_addr_inst/USE_R_CHANNEL.cmd_queue/inst/fifo_gen_inst/inst_fifo_gen/gconvfifo.rf/grf.rf/rstblk/sckt_wr_rst_cc[1]
    SLICE_X1Y47          LUT3 (Prop_lut3_I0_O)        0.124     4.353 f  design_1_i/cg_fpga_0/inst/axi_interconnect_0/m00_couplers/auto_pc/inst/gen_axi4_axi3.axi3_conv_inst/USE_READ.USE_SPLIT_R.read_addr_inst/USE_R_CHANNEL.cmd_queue/inst/fifo_gen_inst/inst_fifo_gen/gconvfifo.rf/grf.rf/rstblk/gc0.count_d1[4]_i_2/O
                         net (fo=33, routed)          2.065     6.418    design_1_i/cg_fpga_0/inst/axi_interconnect_0/m00_couplers/auto_pc/inst/gen_axi4_axi3.axi3_conv_inst/USE_READ.USE_SPLIT_R.read_addr_inst/USE_R_CHANNEL.cmd_queue/inst/fifo_gen_inst/inst_fifo_gen/gconvfifo.rf/grf.rf/gntv_or_sync_fifo.gl0.rd/rpntr/gc0.count_d1_reg[0]_0
    SLICE_X33Y45         FDCE                                         f  design_1_i/cg_fpga_0/inst/axi_interconnect_0/m00_couplers/auto_pc/inst/gen_axi4_axi3.axi3_conv_inst/USE_READ.USE_SPLIT_R.read_addr_inst/USE_R_CHANNEL.cmd_queue/inst/fifo_gen_inst/inst_fifo_gen/gconvfifo.rf/grf.rf/gntv_or_sync_fifo.gl0.rd/rpntr/gc0.count_d1_reg[4]/CLR
  -------------------------------------------------------------------    -------------------

                         (clock clk_fpga_0 rise edge)
                                                     10.000    10.000 r  
    PS7_X0Y0             PS7                          0.000    10.000 r  design_1_i/cg_fpga_0/inst/processing_system7_0/inst/PS7_i/FCLKCLK[0]
                         net (fo=1, routed)           1.088    11.088    design_1_i/cg_fpga_0/inst/processing_system7_0/inst/FCLK_CLK_unbuffered[0]
    BUFGCTRL_X0Y16       BUFG (Prop_bufg_I_O)         0.091    11.179 r  design_1_i/cg_fpga_0/inst/processing_system7_0/inst/buffer_fclk_clk_0.FCLK_CLK_0_BUFG/O
                         net (fo=7383, routed)        1.495    12.674    design_1_i/cg_fpga_0/inst/axi_interconnect_0/m00_couplers/auto_pc/inst/gen_axi4_axi3.axi3_conv_inst/USE_READ.USE_SPLIT_R.read_addr_inst/USE_R_CHANNEL.cmd_queue/inst/fifo_gen_inst/inst_fifo_gen/gconvfifo.rf/grf.rf/gntv_or_sync_fifo.gl0.rd/rpntr/clk
    SLICE_X33Y45         FDCE                                         r  design_1_i/cg_fpga_0/inst/axi_interconnect_0/m00_couplers/auto_pc/inst/gen_axi4_axi3.axi3_conv_inst/USE_READ.USE_SPLIT_R.read_addr_inst/USE_R_CHANNEL.cmd_queue/inst/fifo_gen_inst/inst_fifo_gen/gconvfifo.rf/grf.rf/gntv_or_sync_fifo.gl0.rd/rpntr/gc0.count_d1_reg[4]/C
                         clock pessimism              0.230    12.904    
                         clock uncertainty           -0.154    12.750    
    SLICE_X33Y45         FDCE (Recov_fdce_C_CLR)     -0.405    12.345    design_1_i/cg_fpga_0/inst/axi_interconnect_0/m00_couplers/auto_pc/inst/gen_axi4_axi3.axi3_conv_inst/USE_READ.USE_SPLIT_R.read_addr_inst/USE_R_CHANNEL.cmd_queue/inst/fifo_gen_inst/inst_fifo_gen/gconvfifo.rf/grf.rf/gntv_or_sync_fifo.gl0.rd/rpntr/gc0.count_d1_reg[4]
  -------------------------------------------------------------------
                         required time                         12.345    
                         arrival time                          -6.418    
  -------------------------------------------------------------------
                         slack                                  5.927    

Slack (MET) :             5.927ns  (required time - arrival time)
  Source:                 design_1_i/cg_fpga_0/inst/axi_interconnect_0/m00_couplers/auto_pc/inst/gen_axi4_axi3.axi3_conv_inst/USE_READ.USE_SPLIT_R.read_addr_inst/USE_R_CHANNEL.cmd_queue/inst/fifo_gen_inst/inst_fifo_gen/gconvfifo.rf/grf.rf/rstblk/ngwrdrst.grst.g7serrst.gnsckt_wrst.gcc_rst.sckt_wr_rst_cc_reg[1]/C
                            (rising edge-triggered cell FDRE clocked by clk_fpga_0  {rise@0.000ns fall@5.000ns period=10.000ns})
  Destination:            design_1_i/cg_fpga_0/inst/axi_interconnect_0/m00_couplers/auto_pc/inst/gen_axi4_axi3.axi3_conv_inst/USE_READ.USE_SPLIT_R.read_addr_inst/USE_R_CHANNEL.cmd_queue/inst/fifo_gen_inst/inst_fifo_gen/gconvfifo.rf/grf.rf/gntv_or_sync_fifo.gl0.rd/rpntr/gc0.count_reg[3]/CLR
                            (recovery check against rising-edge clock clk_fpga_0  {rise@0.000ns fall@5.000ns period=10.000ns})
  Path Group:             **async_default**
  Path Type:              Recovery (Max at Slow Process Corner)
  Requirement:            10.000ns  (clk_fpga_0 rise@10.000ns - clk_fpga_0 rise@0.000ns)
  Data Path Delay:        3.285ns  (logic 0.580ns (17.655%)  route 2.705ns (82.345%))
  Logic Levels:           1  (LUT3=1)
  Clock Path Skew:        -0.229ns (DCD - SCD + CPR)
    Destination Clock Delay (DCD):    2.674ns = ( 12.674 - 10.000 ) 
    Source Clock Delay      (SCD):    3.133ns
    Clock Pessimism Removal (CPR):    0.230ns
  Clock Uncertainty:      0.154ns  ((TSJ^2 + TIJ^2)^1/2 + DJ) / 2 + PE
    Total System Jitter     (TSJ):    0.071ns
    Total Input Jitter      (TIJ):    0.300ns
    Discrete Jitter          (DJ):    0.000ns
    Phase Error              (PE):    0.000ns

    Location             Delay type                Incr(ns)  Path(ns)    Netlist Resource(s)
  -------------------------------------------------------------------    -------------------
                         (clock clk_fpga_0 rise edge)
                                                      0.000     0.000 r  
    PS7_X0Y0             PS7                          0.000     0.000 r  design_1_i/cg_fpga_0/inst/processing_system7_0/inst/PS7_i/FCLKCLK[0]
                         net (fo=1, routed)           1.193     1.193    design_1_i/cg_fpga_0/inst/processing_system7_0/inst/FCLK_CLK_unbuffered[0]
    BUFGCTRL_X0Y16       BUFG (Prop_bufg_I_O)         0.101     1.294 r  design_1_i/cg_fpga_0/inst/processing_system7_0/inst/buffer_fclk_clk_0.FCLK_CLK_0_BUFG/O
                         net (fo=7383, routed)        1.839     3.133    design_1_i/cg_fpga_0/inst/axi_interconnect_0/m00_couplers/auto_pc/inst/gen_axi4_axi3.axi3_conv_inst/USE_READ.USE_SPLIT_R.read_addr_inst/USE_R_CHANNEL.cmd_queue/inst/fifo_gen_inst/inst_fifo_gen/gconvfifo.rf/grf.rf/rstblk/clk
    SLICE_X1Y47          FDRE                                         r  design_1_i/cg_fpga_0/inst/axi_interconnect_0/m00_couplers/auto_pc/inst/gen_axi4_axi3.axi3_conv_inst/USE_READ.USE_SPLIT_R.read_addr_inst/USE_R_CHANNEL.cmd_queue/inst/fifo_gen_inst/inst_fifo_gen/gconvfifo.rf/grf.rf/rstblk/ngwrdrst.grst.g7serrst.gnsckt_wrst.gcc_rst.sckt_wr_rst_cc_reg[1]/C
  -------------------------------------------------------------------    -------------------
    SLICE_X1Y47          FDRE (Prop_fdre_C_Q)         0.456     3.589 f  design_1_i/cg_fpga_0/inst/axi_interconnect_0/m00_couplers/auto_pc/inst/gen_axi4_axi3.axi3_conv_inst/USE_READ.USE_SPLIT_R.read_addr_inst/USE_R_CHANNEL.cmd_queue/inst/fifo_gen_inst/inst_fifo_gen/gconvfifo.rf/grf.rf/rstblk/ngwrdrst.grst.g7serrst.gnsckt_wrst.gcc_rst.sckt_wr_rst_cc_reg[1]/Q
                         net (fo=1, routed)           0.640     4.229    design_1_i/cg_fpga_0/inst/axi_interconnect_0/m00_couplers/auto_pc/inst/gen_axi4_axi3.axi3_conv_inst/USE_READ.USE_SPLIT_R.read_addr_inst/USE_R_CHANNEL.cmd_queue/inst/fifo_gen_inst/inst_fifo_gen/gconvfifo.rf/grf.rf/rstblk/sckt_wr_rst_cc[1]
    SLICE_X1Y47          LUT3 (Prop_lut3_I0_O)        0.124     4.353 f  design_1_i/cg_fpga_0/inst/axi_interconnect_0/m00_couplers/auto_pc/inst/gen_axi4_axi3.axi3_conv_inst/USE_READ.USE_SPLIT_R.read_addr_inst/USE_R_CHANNEL.cmd_queue/inst/fifo_gen_inst/inst_fifo_gen/gconvfifo.rf/grf.rf/rstblk/gc0.count_d1[4]_i_2/O
                         net (fo=33, routed)          2.065     6.418    design_1_i/cg_fpga_0/inst/axi_interconnect_0/m00_couplers/auto_pc/inst/gen_axi4_axi3.axi3_conv_inst/USE_READ.USE_SPLIT_R.read_addr_inst/USE_R_CHANNEL.cmd_queue/inst/fifo_gen_inst/inst_fifo_gen/gconvfifo.rf/grf.rf/gntv_or_sync_fifo.gl0.rd/rpntr/gc0.count_d1_reg[0]_0
    SLICE_X33Y45         FDCE                                         f  design_1_i/cg_fpga_0/inst/axi_interconnect_0/m00_couplers/auto_pc/inst/gen_axi4_axi3.axi3_conv_inst/USE_READ.USE_SPLIT_R.read_addr_inst/USE_R_CHANNEL.cmd_queue/inst/fifo_gen_inst/inst_fifo_gen/gconvfifo.rf/grf.rf/gntv_or_sync_fifo.gl0.rd/rpntr/gc0.count_reg[3]/CLR
  -------------------------------------------------------------------    -------------------

                         (clock clk_fpga_0 rise edge)
                                                     10.000    10.000 r  
    PS7_X0Y0             PS7                          0.000    10.000 r  design_1_i/cg_fpga_0/inst/processing_system7_0/inst/PS7_i/FCLKCLK[0]
                         net (fo=1, routed)           1.088    11.088    design_1_i/cg_fpga_0/inst/processing_system7_0/inst/FCLK_CLK_unbuffered[0]
    BUFGCTRL_X0Y16       BUFG (Prop_bufg_I_O)         0.091    11.179 r  design_1_i/cg_fpga_0/inst/processing_system7_0/inst/buffer_fclk_clk_0.FCLK_CLK_0_BUFG/O
                         net (fo=7383, routed)        1.495    12.674    design_1_i/cg_fpga_0/inst/axi_interconnect_0/m00_couplers/auto_pc/inst/gen_axi4_axi3.axi3_conv_inst/USE_READ.USE_SPLIT_R.read_addr_inst/USE_R_CHANNEL.cmd_queue/inst/fifo_gen_inst/inst_fifo_gen/gconvfifo.rf/grf.rf/gntv_or_sync_fifo.gl0.rd/rpntr/clk
    SLICE_X33Y45         FDCE                                         r  design_1_i/cg_fpga_0/inst/axi_interconnect_0/m00_couplers/auto_pc/inst/gen_axi4_axi3.axi3_conv_inst/USE_READ.USE_SPLIT_R.read_addr_inst/USE_R_CHANNEL.cmd_queue/inst/fifo_gen_inst/inst_fifo_gen/gconvfifo.rf/grf.rf/gntv_or_sync_fifo.gl0.rd/rpntr/gc0.count_reg[3]/C
                         clock pessimism              0.230    12.904    
                         clock uncertainty           -0.154    12.750    
    SLICE_X33Y45         FDCE (Recov_fdce_C_CLR)     -0.405    12.345    design_1_i/cg_fpga_0/inst/axi_interconnect_0/m00_couplers/auto_pc/inst/gen_axi4_axi3.axi3_conv_inst/USE_READ.USE_SPLIT_R.read_addr_inst/USE_R_CHANNEL.cmd_queue/inst/fifo_gen_inst/inst_fifo_gen/gconvfifo.rf/grf.rf/gntv_or_sync_fifo.gl0.rd/rpntr/gc0.count_reg[3]
  -------------------------------------------------------------------
                         required time                         12.345    
                         arrival time                          -6.418    
  -------------------------------------------------------------------
                         slack                                  5.927    

Slack (MET) :             5.927ns  (required time - arrival time)
  Source:                 design_1_i/cg_fpga_0/inst/axi_interconnect_0/m00_couplers/auto_pc/inst/gen_axi4_axi3.axi3_conv_inst/USE_READ.USE_SPLIT_R.read_addr_inst/USE_R_CHANNEL.cmd_queue/inst/fifo_gen_inst/inst_fifo_gen/gconvfifo.rf/grf.rf/rstblk/ngwrdrst.grst.g7serrst.gnsckt_wrst.gcc_rst.sckt_wr_rst_cc_reg[1]/C
                            (rising edge-triggered cell FDRE clocked by clk_fpga_0  {rise@0.000ns fall@5.000ns period=10.000ns})
  Destination:            design_1_i/cg_fpga_0/inst/axi_interconnect_0/m00_couplers/auto_pc/inst/gen_axi4_axi3.axi3_conv_inst/USE_READ.USE_SPLIT_R.read_addr_inst/USE_R_CHANNEL.cmd_queue/inst/fifo_gen_inst/inst_fifo_gen/gconvfifo.rf/grf.rf/gntv_or_sync_fifo.gl0.rd/rpntr/gc0.count_reg[4]/CLR
                            (recovery check against rising-edge clock clk_fpga_0  {rise@0.000ns fall@5.000ns period=10.000ns})
  Path Group:             **async_default**
  Path Type:              Recovery (Max at Slow Process Corner)
  Requirement:            10.000ns  (clk_fpga_0 rise@10.000ns - clk_fpga_0 rise@0.000ns)
  Data Path Delay:        3.285ns  (logic 0.580ns (17.655%)  route 2.705ns (82.345%))
  Logic Levels:           1  (LUT3=1)
  Clock Path Skew:        -0.229ns (DCD - SCD + CPR)
    Destination Clock Delay (DCD):    2.674ns = ( 12.674 - 10.000 ) 
    Source Clock Delay      (SCD):    3.133ns
    Clock Pessimism Removal (CPR):    0.230ns
  Clock Uncertainty:      0.154ns  ((TSJ^2 + TIJ^2)^1/2 + DJ) / 2 + PE
    Total System Jitter     (TSJ):    0.071ns
    Total Input Jitter      (TIJ):    0.300ns
    Discrete Jitter          (DJ):    0.000ns
    Phase Error              (PE):    0.000ns

    Location             Delay type                Incr(ns)  Path(ns)    Netlist Resource(s)
  -------------------------------------------------------------------    -------------------
                         (clock clk_fpga_0 rise edge)
                                                      0.000     0.000 r  
    PS7_X0Y0             PS7                          0.000     0.000 r  design_1_i/cg_fpga_0/inst/processing_system7_0/inst/PS7_i/FCLKCLK[0]
                         net (fo=1, routed)           1.193     1.193    design_1_i/cg_fpga_0/inst/processing_system7_0/inst/FCLK_CLK_unbuffered[0]
    BUFGCTRL_X0Y16       BUFG (Prop_bufg_I_O)         0.101     1.294 r  design_1_i/cg_fpga_0/inst/processing_system7_0/inst/buffer_fclk_clk_0.FCLK_CLK_0_BUFG/O
                         net (fo=7383, routed)        1.839     3.133    design_1_i/cg_fpga_0/inst/axi_interconnect_0/m00_couplers/auto_pc/inst/gen_axi4_axi3.axi3_conv_inst/USE_READ.USE_SPLIT_R.read_addr_inst/USE_R_CHANNEL.cmd_queue/inst/fifo_gen_inst/inst_fifo_gen/gconvfifo.rf/grf.rf/rstblk/clk
    SLICE_X1Y47          FDRE                                         r  design_1_i/cg_fpga_0/inst/axi_interconnect_0/m00_couplers/auto_pc/inst/gen_axi4_axi3.axi3_conv_inst/USE_READ.USE_SPLIT_R.read_addr_inst/USE_R_CHANNEL.cmd_queue/inst/fifo_gen_inst/inst_fifo_gen/gconvfifo.rf/grf.rf/rstblk/ngwrdrst.grst.g7serrst.gnsckt_wrst.gcc_rst.sckt_wr_rst_cc_reg[1]/C
  -------------------------------------------------------------------    -------------------
    SLICE_X1Y47          FDRE (Prop_fdre_C_Q)         0.456     3.589 f  design_1_i/cg_fpga_0/inst/axi_interconnect_0/m00_couplers/auto_pc/inst/gen_axi4_axi3.axi3_conv_inst/USE_READ.USE_SPLIT_R.read_addr_inst/USE_R_CHANNEL.cmd_queue/inst/fifo_gen_inst/inst_fifo_gen/gconvfifo.rf/grf.rf/rstblk/ngwrdrst.grst.g7serrst.gnsckt_wrst.gcc_rst.sckt_wr_rst_cc_reg[1]/Q
                         net (fo=1, routed)           0.640     4.229    design_1_i/cg_fpga_0/inst/axi_interconnect_0/m00_couplers/auto_pc/inst/gen_axi4_axi3.axi3_conv_inst/USE_READ.USE_SPLIT_R.read_addr_inst/USE_R_CHANNEL.cmd_queue/inst/fifo_gen_inst/inst_fifo_gen/gconvfifo.rf/grf.rf/rstblk/sckt_wr_rst_cc[1]
    SLICE_X1Y47          LUT3 (Prop_lut3_I0_O)        0.124     4.353 f  design_1_i/cg_fpga_0/inst/axi_interconnect_0/m00_couplers/auto_pc/inst/gen_axi4_axi3.axi3_conv_inst/USE_READ.USE_SPLIT_R.read_addr_inst/USE_R_CHANNEL.cmd_queue/inst/fifo_gen_inst/inst_fifo_gen/gconvfifo.rf/grf.rf/rstblk/gc0.count_d1[4]_i_2/O
                         net (fo=33, routed)          2.065     6.418    design_1_i/cg_fpga_0/inst/axi_interconnect_0/m00_couplers/auto_pc/inst/gen_axi4_axi3.axi3_conv_inst/USE_READ.USE_SPLIT_R.read_addr_inst/USE_R_CHANNEL.cmd_queue/inst/fifo_gen_inst/inst_fifo_gen/gconvfifo.rf/grf.rf/gntv_or_sync_fifo.gl0.rd/rpntr/gc0.count_d1_reg[0]_0
    SLICE_X33Y45         FDCE                                         f  design_1_i/cg_fpga_0/inst/axi_interconnect_0/m00_couplers/auto_pc/inst/gen_axi4_axi3.axi3_conv_inst/USE_READ.USE_SPLIT_R.read_addr_inst/USE_R_CHANNEL.cmd_queue/inst/fifo_gen_inst/inst_fifo_gen/gconvfifo.rf/grf.rf/gntv_or_sync_fifo.gl0.rd/rpntr/gc0.count_reg[4]/CLR
  -------------------------------------------------------------------    -------------------

                         (clock clk_fpga_0 rise edge)
                                                     10.000    10.000 r  
    PS7_X0Y0             PS7                          0.000    10.000 r  design_1_i/cg_fpga_0/inst/processing_system7_0/inst/PS7_i/FCLKCLK[0]
                         net (fo=1, routed)           1.088    11.088    design_1_i/cg_fpga_0/inst/processing_system7_0/inst/FCLK_CLK_unbuffered[0]
    BUFGCTRL_X0Y16       BUFG (Prop_bufg_I_O)         0.091    11.179 r  design_1_i/cg_fpga_0/inst/processing_system7_0/inst/buffer_fclk_clk_0.FCLK_CLK_0_BUFG/O
                         net (fo=7383, routed)        1.495    12.674    design_1_i/cg_fpga_0/inst/axi_interconnect_0/m00_couplers/auto_pc/inst/gen_axi4_axi3.axi3_conv_inst/USE_READ.USE_SPLIT_R.read_addr_inst/USE_R_CHANNEL.cmd_queue/inst/fifo_gen_inst/inst_fifo_gen/gconvfifo.rf/grf.rf/gntv_or_sync_fifo.gl0.rd/rpntr/clk
    SLICE_X33Y45         FDCE                                         r  design_1_i/cg_fpga_0/inst/axi_interconnect_0/m00_couplers/auto_pc/inst/gen_axi4_axi3.axi3_conv_inst/USE_READ.USE_SPLIT_R.read_addr_inst/USE_R_CHANNEL.cmd_queue/inst/fifo_gen_inst/inst_fifo_gen/gconvfifo.rf/grf.rf/gntv_or_sync_fifo.gl0.rd/rpntr/gc0.count_reg[4]/C
                         clock pessimism              0.230    12.904    
                         clock uncertainty           -0.154    12.750    
    SLICE_X33Y45         FDCE (Recov_fdce_C_CLR)     -0.405    12.345    design_1_i/cg_fpga_0/inst/axi_interconnect_0/m00_couplers/auto_pc/inst/gen_axi4_axi3.axi3_conv_inst/USE_READ.USE_SPLIT_R.read_addr_inst/USE_R_CHANNEL.cmd_queue/inst/fifo_gen_inst/inst_fifo_gen/gconvfifo.rf/grf.rf/gntv_or_sync_fifo.gl0.rd/rpntr/gc0.count_reg[4]
  -------------------------------------------------------------------
                         required time                         12.345    
                         arrival time                          -6.418    
  -------------------------------------------------------------------
                         slack                                  5.927    

Slack (MET) :             5.971ns  (required time - arrival time)
  Source:                 design_1_i/cg_fpga_0/inst/axi_interconnect_0/m00_couplers/auto_pc/inst/gen_axi4_axi3.axi3_conv_inst/USE_READ.USE_SPLIT_R.read_addr_inst/USE_R_CHANNEL.cmd_queue/inst/fifo_gen_inst/inst_fifo_gen/gconvfifo.rf/grf.rf/rstblk/ngwrdrst.grst.g7serrst.gnsckt_wrst.gcc_rst.sckt_wr_rst_cc_reg[1]/C
                            (rising edge-triggered cell FDRE clocked by clk_fpga_0  {rise@0.000ns fall@5.000ns period=10.000ns})
  Destination:            design_1_i/cg_fpga_0/inst/axi_interconnect_0/m00_couplers/auto_pc/inst/gen_axi4_axi3.axi3_conv_inst/USE_READ.USE_SPLIT_R.read_addr_inst/USE_R_CHANNEL.cmd_queue/inst/fifo_gen_inst/inst_fifo_gen/gconvfifo.rf/grf.rf/gntv_or_sync_fifo.gl0.rd/rpntr/gc0.count_reg[2]/CLR
                            (recovery check against rising-edge clock clk_fpga_0  {rise@0.000ns fall@5.000ns period=10.000ns})
  Path Group:             **async_default**
  Path Type:              Recovery (Max at Slow Process Corner)
  Requirement:            10.000ns  (clk_fpga_0 rise@10.000ns - clk_fpga_0 rise@0.000ns)
  Data Path Delay:        3.285ns  (logic 0.580ns (17.655%)  route 2.705ns (82.345%))
  Logic Levels:           1  (LUT3=1)
  Clock Path Skew:        -0.229ns (DCD - SCD + CPR)
    Destination Clock Delay (DCD):    2.674ns = ( 12.674 - 10.000 ) 
    Source Clock Delay      (SCD):    3.133ns
    Clock Pessimism Removal (CPR):    0.230ns
  Clock Uncertainty:      0.154ns  ((TSJ^2 + TIJ^2)^1/2 + DJ) / 2 + PE
    Total System Jitter     (TSJ):    0.071ns
    Total Input Jitter      (TIJ):    0.300ns
    Discrete Jitter          (DJ):    0.000ns
    Phase Error              (PE):    0.000ns

    Location             Delay type                Incr(ns)  Path(ns)    Netlist Resource(s)
  -------------------------------------------------------------------    -------------------
                         (clock clk_fpga_0 rise edge)
                                                      0.000     0.000 r  
    PS7_X0Y0             PS7                          0.000     0.000 r  design_1_i/cg_fpga_0/inst/processing_system7_0/inst/PS7_i/FCLKCLK[0]
                         net (fo=1, routed)           1.193     1.193    design_1_i/cg_fpga_0/inst/processing_system7_0/inst/FCLK_CLK_unbuffered[0]
    BUFGCTRL_X0Y16       BUFG (Prop_bufg_I_O)         0.101     1.294 r  design_1_i/cg_fpga_0/inst/processing_system7_0/inst/buffer_fclk_clk_0.FCLK_CLK_0_BUFG/O
                         net (fo=7383, routed)        1.839     3.133    design_1_i/cg_fpga_0/inst/axi_interconnect_0/m00_couplers/auto_pc/inst/gen_axi4_axi3.axi3_conv_inst/USE_READ.USE_SPLIT_R.read_addr_inst/USE_R_CHANNEL.cmd_queue/inst/fifo_gen_inst/inst_fifo_gen/gconvfifo.rf/grf.rf/rstblk/clk
    SLICE_X1Y47          FDRE                                         r  design_1_i/cg_fpga_0/inst/axi_interconnect_0/m00_couplers/auto_pc/inst/gen_axi4_axi3.axi3_conv_inst/USE_READ.USE_SPLIT_R.read_addr_inst/USE_R_CHANNEL.cmd_queue/inst/fifo_gen_inst/inst_fifo_gen/gconvfifo.rf/grf.rf/rstblk/ngwrdrst.grst.g7serrst.gnsckt_wrst.gcc_rst.sckt_wr_rst_cc_reg[1]/C
  -------------------------------------------------------------------    -------------------
    SLICE_X1Y47          FDRE (Prop_fdre_C_Q)         0.456     3.589 f  design_1_i/cg_fpga_0/inst/axi_interconnect_0/m00_couplers/auto_pc/inst/gen_axi4_axi3.axi3_conv_inst/USE_READ.USE_SPLIT_R.read_addr_inst/USE_R_CHANNEL.cmd_queue/inst/fifo_gen_inst/inst_fifo_gen/gconvfifo.rf/grf.rf/rstblk/ngwrdrst.grst.g7serrst.gnsckt_wrst.gcc_rst.sckt_wr_rst_cc_reg[1]/Q
                         net (fo=1, routed)           0.640     4.229    design_1_i/cg_fpga_0/inst/axi_interconnect_0/m00_couplers/auto_pc/inst/gen_axi4_axi3.axi3_conv_inst/USE_READ.USE_SPLIT_R.read_addr_inst/USE_R_CHANNEL.cmd_queue/inst/fifo_gen_inst/inst_fifo_gen/gconvfifo.rf/grf.rf/rstblk/sckt_wr_rst_cc[1]
    SLICE_X1Y47          LUT3 (Prop_lut3_I0_O)        0.124     4.353 f  design_1_i/cg_fpga_0/inst/axi_interconnect_0/m00_couplers/auto_pc/inst/gen_axi4_axi3.axi3_conv_inst/USE_READ.USE_SPLIT_R.read_addr_inst/USE_R_CHANNEL.cmd_queue/inst/fifo_gen_inst/inst_fifo_gen/gconvfifo.rf/grf.rf/rstblk/gc0.count_d1[4]_i_2/O
                         net (fo=33, routed)          2.065     6.418    design_1_i/cg_fpga_0/inst/axi_interconnect_0/m00_couplers/auto_pc/inst/gen_axi4_axi3.axi3_conv_inst/USE_READ.USE_SPLIT_R.read_addr_inst/USE_R_CHANNEL.cmd_queue/inst/fifo_gen_inst/inst_fifo_gen/gconvfifo.rf/grf.rf/gntv_or_sync_fifo.gl0.rd/rpntr/gc0.count_d1_reg[0]_0
    SLICE_X32Y45         FDCE                                         f  design_1_i/cg_fpga_0/inst/axi_interconnect_0/m00_couplers/auto_pc/inst/gen_axi4_axi3.axi3_conv_inst/USE_READ.USE_SPLIT_R.read_addr_inst/USE_R_CHANNEL.cmd_queue/inst/fifo_gen_inst/inst_fifo_gen/gconvfifo.rf/grf.rf/gntv_or_sync_fifo.gl0.rd/rpntr/gc0.count_reg[2]/CLR
  -------------------------------------------------------------------    -------------------

                         (clock clk_fpga_0 rise edge)
                                                     10.000    10.000 r  
    PS7_X0Y0             PS7                          0.000    10.000 r  design_1_i/cg_fpga_0/inst/processing_system7_0/inst/PS7_i/FCLKCLK[0]
                         net (fo=1, routed)           1.088    11.088    design_1_i/cg_fpga_0/inst/processing_system7_0/inst/FCLK_CLK_unbuffered[0]
    BUFGCTRL_X0Y16       BUFG (Prop_bufg_I_O)         0.091    11.179 r  design_1_i/cg_fpga_0/inst/processing_system7_0/inst/buffer_fclk_clk_0.FCLK_CLK_0_BUFG/O
                         net (fo=7383, routed)        1.495    12.674    design_1_i/cg_fpga_0/inst/axi_interconnect_0/m00_couplers/auto_pc/inst/gen_axi4_axi3.axi3_conv_inst/USE_READ.USE_SPLIT_R.read_addr_inst/USE_R_CHANNEL.cmd_queue/inst/fifo_gen_inst/inst_fifo_gen/gconvfifo.rf/grf.rf/gntv_or_sync_fifo.gl0.rd/rpntr/clk
    SLICE_X32Y45         FDCE                                         r  design_1_i/cg_fpga_0/inst/axi_interconnect_0/m00_couplers/auto_pc/inst/gen_axi4_axi3.axi3_conv_inst/USE_READ.USE_SPLIT_R.read_addr_inst/USE_R_CHANNEL.cmd_queue/inst/fifo_gen_inst/inst_fifo_gen/gconvfifo.rf/grf.rf/gntv_or_sync_fifo.gl0.rd/rpntr/gc0.count_reg[2]/C
                         clock pessimism              0.230    12.904    
                         clock uncertainty           -0.154    12.750    
    SLICE_X32Y45         FDCE (Recov_fdce_C_CLR)     -0.361    12.389    design_1_i/cg_fpga_0/inst/axi_interconnect_0/m00_couplers/auto_pc/inst/gen_axi4_axi3.axi3_conv_inst/USE_READ.USE_SPLIT_R.read_addr_inst/USE_R_CHANNEL.cmd_queue/inst/fifo_gen_inst/inst_fifo_gen/gconvfifo.rf/grf.rf/gntv_or_sync_fifo.gl0.rd/rpntr/gc0.count_reg[2]
  -------------------------------------------------------------------
                         required time                         12.389    
                         arrival time                          -6.418    
  -------------------------------------------------------------------
                         slack                                  5.971    

Slack (MET) :             5.973ns  (required time - arrival time)
  Source:                 design_1_i/cg_fpga_0/inst/axi_interconnect_0/m00_couplers/auto_pc/inst/gen_axi4_axi3.axi3_conv_inst/USE_READ.USE_SPLIT_R.read_addr_inst/USE_R_CHANNEL.cmd_queue/inst/fifo_gen_inst/inst_fifo_gen/gconvfifo.rf/grf.rf/rstblk/ngwrdrst.grst.g7serrst.gnsckt_wrst.gcc_rst.sckt_wr_rst_cc_reg[1]/C
                            (rising edge-triggered cell FDRE clocked by clk_fpga_0  {rise@0.000ns fall@5.000ns period=10.000ns})
  Destination:            design_1_i/cg_fpga_0/inst/axi_interconnect_0/m00_couplers/auto_pc/inst/gen_axi4_axi3.axi3_conv_inst/USE_READ.USE_SPLIT_R.read_addr_inst/USE_R_CHANNEL.cmd_queue/inst/fifo_gen_inst/inst_fifo_gen/gconvfifo.rf/grf.rf/gntv_or_sync_fifo.gl0.rd/rpntr/gc0.count_reg[0]/PRE
                            (recovery check against rising-edge clock clk_fpga_0  {rise@0.000ns fall@5.000ns period=10.000ns})
  Path Group:             **async_default**
  Path Type:              Recovery (Max at Slow Process Corner)
  Requirement:            10.000ns  (clk_fpga_0 rise@10.000ns - clk_fpga_0 rise@0.000ns)
  Data Path Delay:        3.285ns  (logic 0.580ns (17.655%)  route 2.705ns (82.345%))
  Logic Levels:           1  (LUT3=1)
  Clock Path Skew:        -0.229ns (DCD - SCD + CPR)
    Destination Clock Delay (DCD):    2.674ns = ( 12.674 - 10.000 ) 
    Source Clock Delay      (SCD):    3.133ns
    Clock Pessimism Removal (CPR):    0.230ns
  Clock Uncertainty:      0.154ns  ((TSJ^2 + TIJ^2)^1/2 + DJ) / 2 + PE
    Total System Jitter     (TSJ):    0.071ns
    Total Input Jitter      (TIJ):    0.300ns
    Discrete Jitter          (DJ):    0.000ns
    Phase Error              (PE):    0.000ns

    Location             Delay type                Incr(ns)  Path(ns)    Netlist Resource(s)
  -------------------------------------------------------------------    -------------------
                         (clock clk_fpga_0 rise edge)
                                                      0.000     0.000 r  
    PS7_X0Y0             PS7                          0.000     0.000 r  design_1_i/cg_fpga_0/inst/processing_system7_0/inst/PS7_i/FCLKCLK[0]
                         net (fo=1, routed)           1.193     1.193    design_1_i/cg_fpga_0/inst/processing_system7_0/inst/FCLK_CLK_unbuffered[0]
    BUFGCTRL_X0Y16       BUFG (Prop_bufg_I_O)         0.101     1.294 r  design_1_i/cg_fpga_0/inst/processing_system7_0/inst/buffer_fclk_clk_0.FCLK_CLK_0_BUFG/O
                         net (fo=7383, routed)        1.839     3.133    design_1_i/cg_fpga_0/inst/axi_interconnect_0/m00_couplers/auto_pc/inst/gen_axi4_axi3.axi3_conv_inst/USE_READ.USE_SPLIT_R.read_addr_inst/USE_R_CHANNEL.cmd_queue/inst/fifo_gen_inst/inst_fifo_gen/gconvfifo.rf/grf.rf/rstblk/clk
    SLICE_X1Y47          FDRE                                         r  design_1_i/cg_fpga_0/inst/axi_interconnect_0/m00_couplers/auto_pc/inst/gen_axi4_axi3.axi3_conv_inst/USE_READ.USE_SPLIT_R.read_addr_inst/USE_R_CHANNEL.cmd_queue/inst/fifo_gen_inst/inst_fifo_gen/gconvfifo.rf/grf.rf/rstblk/ngwrdrst.grst.g7serrst.gnsckt_wrst.gcc_rst.sckt_wr_rst_cc_reg[1]/C
  -------------------------------------------------------------------    -------------------
    SLICE_X1Y47          FDRE (Prop_fdre_C_Q)         0.456     3.589 f  design_1_i/cg_fpga_0/inst/axi_interconnect_0/m00_couplers/auto_pc/inst/gen_axi4_axi3.axi3_conv_inst/USE_READ.USE_SPLIT_R.read_addr_inst/USE_R_CHANNEL.cmd_queue/inst/fifo_gen_inst/inst_fifo_gen/gconvfifo.rf/grf.rf/rstblk/ngwrdrst.grst.g7serrst.gnsckt_wrst.gcc_rst.sckt_wr_rst_cc_reg[1]/Q
                         net (fo=1, routed)           0.640     4.229    design_1_i/cg_fpga_0/inst/axi_interconnect_0/m00_couplers/auto_pc/inst/gen_axi4_axi3.axi3_conv_inst/USE_READ.USE_SPLIT_R.read_addr_inst/USE_R_CHANNEL.cmd_queue/inst/fifo_gen_inst/inst_fifo_gen/gconvfifo.rf/grf.rf/rstblk/sckt_wr_rst_cc[1]
    SLICE_X1Y47          LUT3 (Prop_lut3_I0_O)        0.124     4.353 f  design_1_i/cg_fpga_0/inst/axi_interconnect_0/m00_couplers/auto_pc/inst/gen_axi4_axi3.axi3_conv_inst/USE_READ.USE_SPLIT_R.read_addr_inst/USE_R_CHANNEL.cmd_queue/inst/fifo_gen_inst/inst_fifo_gen/gconvfifo.rf/grf.rf/rstblk/gc0.count_d1[4]_i_2/O
                         net (fo=33, routed)          2.065     6.418    design_1_i/cg_fpga_0/inst/axi_interconnect_0/m00_couplers/auto_pc/inst/gen_axi4_axi3.axi3_conv_inst/USE_READ.USE_SPLIT_R.read_addr_inst/USE_R_CHANNEL.cmd_queue/inst/fifo_gen_inst/inst_fifo_gen/gconvfifo.rf/grf.rf/gntv_or_sync_fifo.gl0.rd/rpntr/gc0.count_d1_reg[0]_0
    SLICE_X33Y45         FDPE                                         f  design_1_i/cg_fpga_0/inst/axi_interconnect_0/m00_couplers/auto_pc/inst/gen_axi4_axi3.axi3_conv_inst/USE_READ.USE_SPLIT_R.read_addr_inst/USE_R_CHANNEL.cmd_queue/inst/fifo_gen_inst/inst_fifo_gen/gconvfifo.rf/grf.rf/gntv_or_sync_fifo.gl0.rd/rpntr/gc0.count_reg[0]/PRE
  -------------------------------------------------------------------    -------------------

                         (clock clk_fpga_0 rise edge)
                                                     10.000    10.000 r  
    PS7_X0Y0             PS7                          0.000    10.000 r  design_1_i/cg_fpga_0/inst/processing_system7_0/inst/PS7_i/FCLKCLK[0]
                         net (fo=1, routed)           1.088    11.088    design_1_i/cg_fpga_0/inst/processing_system7_0/inst/FCLK_CLK_unbuffered[0]
    BUFGCTRL_X0Y16       BUFG (Prop_bufg_I_O)         0.091    11.179 r  design_1_i/cg_fpga_0/inst/processing_system7_0/inst/buffer_fclk_clk_0.FCLK_CLK_0_BUFG/O
                         net (fo=7383, routed)        1.495    12.674    design_1_i/cg_fpga_0/inst/axi_interconnect_0/m00_couplers/auto_pc/inst/gen_axi4_axi3.axi3_conv_inst/USE_READ.USE_SPLIT_R.read_addr_inst/USE_R_CHANNEL.cmd_queue/inst/fifo_gen_inst/inst_fifo_gen/gconvfifo.rf/grf.rf/gntv_or_sync_fifo.gl0.rd/rpntr/clk
    SLICE_X33Y45         FDPE                                         r  design_1_i/cg_fpga_0/inst/axi_interconnect_0/m00_couplers/auto_pc/inst/gen_axi4_axi3.axi3_conv_inst/USE_READ.USE_SPLIT_R.read_addr_inst/USE_R_CHANNEL.cmd_queue/inst/fifo_gen_inst/inst_fifo_gen/gconvfifo.rf/grf.rf/gntv_or_sync_fifo.gl0.rd/rpntr/gc0.count_reg[0]/C
                         clock pessimism              0.230    12.904    
                         clock uncertainty           -0.154    12.750    
    SLICE_X33Y45         FDPE (Recov_fdpe_C_PRE)     -0.359    12.391    design_1_i/cg_fpga_0/inst/axi_interconnect_0/m00_couplers/auto_pc/inst/gen_axi4_axi3.axi3_conv_inst/USE_READ.USE_SPLIT_R.read_addr_inst/USE_R_CHANNEL.cmd_queue/inst/fifo_gen_inst/inst_fifo_gen/gconvfifo.rf/grf.rf/gntv_or_sync_fifo.gl0.rd/rpntr/gc0.count_reg[0]
  -------------------------------------------------------------------
                         required time                         12.391    
                         arrival time                          -6.418    
  -------------------------------------------------------------------
                         slack                                  5.973    

Slack (MET) :             6.013ns  (required time - arrival time)
  Source:                 design_1_i/cg_fpga_0/inst/axi_interconnect_0/m00_couplers/auto_pc/inst/gen_axi4_axi3.axi3_conv_inst/USE_READ.USE_SPLIT_R.read_addr_inst/USE_R_CHANNEL.cmd_queue/inst/fifo_gen_inst/inst_fifo_gen/gconvfifo.rf/grf.rf/rstblk/ngwrdrst.grst.g7serrst.gnsckt_wrst.gcc_rst.sckt_wr_rst_cc_reg[1]/C
                            (rising edge-triggered cell FDRE clocked by clk_fpga_0  {rise@0.000ns fall@5.000ns period=10.000ns})
  Destination:            design_1_i/cg_fpga_0/inst/axi_interconnect_0/m00_couplers/auto_pc/inst/gen_axi4_axi3.axi3_conv_inst/USE_READ.USE_SPLIT_R.read_addr_inst/USE_R_CHANNEL.cmd_queue/inst/fifo_gen_inst/inst_fifo_gen/gconvfifo.rf/grf.rf/gntv_or_sync_fifo.gl0.rd/rpntr/gc0.count_d1_reg[0]/CLR
                            (recovery check against rising-edge clock clk_fpga_0  {rise@0.000ns fall@5.000ns period=10.000ns})
  Path Group:             **async_default**
  Path Type:              Recovery (Max at Slow Process Corner)
  Requirement:            10.000ns  (clk_fpga_0 rise@10.000ns - clk_fpga_0 rise@0.000ns)
  Data Path Delay:        3.285ns  (logic 0.580ns (17.655%)  route 2.705ns (82.345%))
  Logic Levels:           1  (LUT3=1)
  Clock Path Skew:        -0.229ns (DCD - SCD + CPR)
    Destination Clock Delay (DCD):    2.674ns = ( 12.674 - 10.000 ) 
    Source Clock Delay      (SCD):    3.133ns
    Clock Pessimism Removal (CPR):    0.230ns
  Clock Uncertainty:      0.154ns  ((TSJ^2 + TIJ^2)^1/2 + DJ) / 2 + PE
    Total System Jitter     (TSJ):    0.071ns
    Total Input Jitter      (TIJ):    0.300ns
    Discrete Jitter          (DJ):    0.000ns
    Phase Error              (PE):    0.000ns

    Location             Delay type                Incr(ns)  Path(ns)    Netlist Resource(s)
  -------------------------------------------------------------------    -------------------
                         (clock clk_fpga_0 rise edge)
                                                      0.000     0.000 r  
    PS7_X0Y0             PS7                          0.000     0.000 r  design_1_i/cg_fpga_0/inst/processing_system7_0/inst/PS7_i/FCLKCLK[0]
                         net (fo=1, routed)           1.193     1.193    design_1_i/cg_fpga_0/inst/processing_system7_0/inst/FCLK_CLK_unbuffered[0]
    BUFGCTRL_X0Y16       BUFG (Prop_bufg_I_O)         0.101     1.294 r  design_1_i/cg_fpga_0/inst/processing_system7_0/inst/buffer_fclk_clk_0.FCLK_CLK_0_BUFG/O
                         net (fo=7383, routed)        1.839     3.133    design_1_i/cg_fpga_0/inst/axi_interconnect_0/m00_couplers/auto_pc/inst/gen_axi4_axi3.axi3_conv_inst/USE_READ.USE_SPLIT_R.read_addr_inst/USE_R_CHANNEL.cmd_queue/inst/fifo_gen_inst/inst_fifo_gen/gconvfifo.rf/grf.rf/rstblk/clk
    SLICE_X1Y47          FDRE                                         r  design_1_i/cg_fpga_0/inst/axi_interconnect_0/m00_couplers/auto_pc/inst/gen_axi4_axi3.axi3_conv_inst/USE_READ.USE_SPLIT_R.read_addr_inst/USE_R_CHANNEL.cmd_queue/inst/fifo_gen_inst/inst_fifo_gen/gconvfifo.rf/grf.rf/rstblk/ngwrdrst.grst.g7serrst.gnsckt_wrst.gcc_rst.sckt_wr_rst_cc_reg[1]/C
  -------------------------------------------------------------------    -------------------
    SLICE_X1Y47          FDRE (Prop_fdre_C_Q)         0.456     3.589 f  design_1_i/cg_fpga_0/inst/axi_interconnect_0/m00_couplers/auto_pc/inst/gen_axi4_axi3.axi3_conv_inst/USE_READ.USE_SPLIT_R.read_addr_inst/USE_R_CHANNEL.cmd_queue/inst/fifo_gen_inst/inst_fifo_gen/gconvfifo.rf/grf.rf/rstblk/ngwrdrst.grst.g7serrst.gnsckt_wrst.gcc_rst.sckt_wr_rst_cc_reg[1]/Q
                         net (fo=1, routed)           0.640     4.229    design_1_i/cg_fpga_0/inst/axi_interconnect_0/m00_couplers/auto_pc/inst/gen_axi4_axi3.axi3_conv_inst/USE_READ.USE_SPLIT_R.read_addr_inst/USE_R_CHANNEL.cmd_queue/inst/fifo_gen_inst/inst_fifo_gen/gconvfifo.rf/grf.rf/rstblk/sckt_wr_rst_cc[1]
    SLICE_X1Y47          LUT3 (Prop_lut3_I0_O)        0.124     4.353 f  design_1_i/cg_fpga_0/inst/axi_interconnect_0/m00_couplers/auto_pc/inst/gen_axi4_axi3.axi3_conv_inst/USE_READ.USE_SPLIT_R.read_addr_inst/USE_R_CHANNEL.cmd_queue/inst/fifo_gen_inst/inst_fifo_gen/gconvfifo.rf/grf.rf/rstblk/gc0.count_d1[4]_i_2/O
                         net (fo=33, routed)          2.065     6.418    design_1_i/cg_fpga_0/inst/axi_interconnect_0/m00_couplers/auto_pc/inst/gen_axi4_axi3.axi3_conv_inst/USE_READ.USE_SPLIT_R.read_addr_inst/USE_R_CHANNEL.cmd_queue/inst/fifo_gen_inst/inst_fifo_gen/gconvfifo.rf/grf.rf/gntv_or_sync_fifo.gl0.rd/rpntr/gc0.count_d1_reg[0]_0
    SLICE_X32Y45         FDCE                                         f  design_1_i/cg_fpga_0/inst/axi_interconnect_0/m00_couplers/auto_pc/inst/gen_axi4_axi3.axi3_conv_inst/USE_READ.USE_SPLIT_R.read_addr_inst/USE_R_CHANNEL.cmd_queue/inst/fifo_gen_inst/inst_fifo_gen/gconvfifo.rf/grf.rf/gntv_or_sync_fifo.gl0.rd/rpntr/gc0.count_d1_reg[0]/CLR
  -------------------------------------------------------------------    -------------------

                         (clock clk_fpga_0 rise edge)
                                                     10.000    10.000 r  
    PS7_X0Y0             PS7                          0.000    10.000 r  design_1_i/cg_fpga_0/inst/processing_system7_0/inst/PS7_i/FCLKCLK[0]
                         net (fo=1, routed)           1.088    11.088    design_1_i/cg_fpga_0/inst/processing_system7_0/inst/FCLK_CLK_unbuffered[0]
    BUFGCTRL_X0Y16       BUFG (Prop_bufg_I_O)         0.091    11.179 r  design_1_i/cg_fpga_0/inst/processing_system7_0/inst/buffer_fclk_clk_0.FCLK_CLK_0_BUFG/O
                         net (fo=7383, routed)        1.495    12.674    design_1_i/cg_fpga_0/inst/axi_interconnect_0/m00_couplers/auto_pc/inst/gen_axi4_axi3.axi3_conv_inst/USE_READ.USE_SPLIT_R.read_addr_inst/USE_R_CHANNEL.cmd_queue/inst/fifo_gen_inst/inst_fifo_gen/gconvfifo.rf/grf.rf/gntv_or_sync_fifo.gl0.rd/rpntr/clk
    SLICE_X32Y45         FDCE                                         r  design_1_i/cg_fpga_0/inst/axi_interconnect_0/m00_couplers/auto_pc/inst/gen_axi4_axi3.axi3_conv_inst/USE_READ.USE_SPLIT_R.read_addr_inst/USE_R_CHANNEL.cmd_queue/inst/fifo_gen_inst/inst_fifo_gen/gconvfifo.rf/grf.rf/gntv_or_sync_fifo.gl0.rd/rpntr/gc0.count_d1_reg[0]/C
                         clock pessimism              0.230    12.904    
                         clock uncertainty           -0.154    12.750    
    SLICE_X32Y45         FDCE (Recov_fdce_C_CLR)     -0.319    12.431    design_1_i/cg_fpga_0/inst/axi_interconnect_0/m00_couplers/auto_pc/inst/gen_axi4_axi3.axi3_conv_inst/USE_READ.USE_SPLIT_R.read_addr_inst/USE_R_CHANNEL.cmd_queue/inst/fifo_gen_inst/inst_fifo_gen/gconvfifo.rf/grf.rf/gntv_or_sync_fifo.gl0.rd/rpntr/gc0.count_d1_reg[0]
  -------------------------------------------------------------------
                         required time                         12.431    
                         arrival time                          -6.418    
  -------------------------------------------------------------------
                         slack                                  6.013    

Slack (MET) :             6.013ns  (required time - arrival time)
  Source:                 design_1_i/cg_fpga_0/inst/axi_interconnect_0/m00_couplers/auto_pc/inst/gen_axi4_axi3.axi3_conv_inst/USE_READ.USE_SPLIT_R.read_addr_inst/USE_R_CHANNEL.cmd_queue/inst/fifo_gen_inst/inst_fifo_gen/gconvfifo.rf/grf.rf/rstblk/ngwrdrst.grst.g7serrst.gnsckt_wrst.gcc_rst.sckt_wr_rst_cc_reg[1]/C
                            (rising edge-triggered cell FDRE clocked by clk_fpga_0  {rise@0.000ns fall@5.000ns period=10.000ns})
  Destination:            design_1_i/cg_fpga_0/inst/axi_interconnect_0/m00_couplers/auto_pc/inst/gen_axi4_axi3.axi3_conv_inst/USE_READ.USE_SPLIT_R.read_addr_inst/USE_R_CHANNEL.cmd_queue/inst/fifo_gen_inst/inst_fifo_gen/gconvfifo.rf/grf.rf/gntv_or_sync_fifo.gl0.rd/rpntr/gc0.count_d1_reg[1]/CLR
                            (recovery check against rising-edge clock clk_fpga_0  {rise@0.000ns fall@5.000ns period=10.000ns})
  Path Group:             **async_default**
  Path Type:              Recovery (Max at Slow Process Corner)
  Requirement:            10.000ns  (clk_fpga_0 rise@10.000ns - clk_fpga_0 rise@0.000ns)
  Data Path Delay:        3.285ns  (logic 0.580ns (17.655%)  route 2.705ns (82.345%))
  Logic Levels:           1  (LUT3=1)
  Clock Path Skew:        -0.229ns (DCD - SCD + CPR)
    Destination Clock Delay (DCD):    2.674ns = ( 12.674 - 10.000 ) 
    Source Clock Delay      (SCD):    3.133ns
    Clock Pessimism Removal (CPR):    0.230ns
  Clock Uncertainty:      0.154ns  ((TSJ^2 + TIJ^2)^1/2 + DJ) / 2 + PE
    Total System Jitter     (TSJ):    0.071ns
    Total Input Jitter      (TIJ):    0.300ns
    Discrete Jitter          (DJ):    0.000ns
    Phase Error              (PE):    0.000ns

    Location             Delay type                Incr(ns)  Path(ns)    Netlist Resource(s)
  -------------------------------------------------------------------    -------------------
                         (clock clk_fpga_0 rise edge)
                                                      0.000     0.000 r  
    PS7_X0Y0             PS7                          0.000     0.000 r  design_1_i/cg_fpga_0/inst/processing_system7_0/inst/PS7_i/FCLKCLK[0]
                         net (fo=1, routed)           1.193     1.193    design_1_i/cg_fpga_0/inst/processing_system7_0/inst/FCLK_CLK_unbuffered[0]
    BUFGCTRL_X0Y16       BUFG (Prop_bufg_I_O)         0.101     1.294 r  design_1_i/cg_fpga_0/inst/processing_system7_0/inst/buffer_fclk_clk_0.FCLK_CLK_0_BUFG/O
                         net (fo=7383, routed)        1.839     3.133    design_1_i/cg_fpga_0/inst/axi_interconnect_0/m00_couplers/auto_pc/inst/gen_axi4_axi3.axi3_conv_inst/USE_READ.USE_SPLIT_R.read_addr_inst/USE_R_CHANNEL.cmd_queue/inst/fifo_gen_inst/inst_fifo_gen/gconvfifo.rf/grf.rf/rstblk/clk
    SLICE_X1Y47          FDRE                                         r  design_1_i/cg_fpga_0/inst/axi_interconnect_0/m00_couplers/auto_pc/inst/gen_axi4_axi3.axi3_conv_inst/USE_READ.USE_SPLIT_R.read_addr_inst/USE_R_CHANNEL.cmd_queue/inst/fifo_gen_inst/inst_fifo_gen/gconvfifo.rf/grf.rf/rstblk/ngwrdrst.grst.g7serrst.gnsckt_wrst.gcc_rst.sckt_wr_rst_cc_reg[1]/C
  -------------------------------------------------------------------    -------------------
    SLICE_X1Y47          FDRE (Prop_fdre_C_Q)         0.456     3.589 f  design_1_i/cg_fpga_0/inst/axi_interconnect_0/m00_couplers/auto_pc/inst/gen_axi4_axi3.axi3_conv_inst/USE_READ.USE_SPLIT_R.read_addr_inst/USE_R_CHANNEL.cmd_queue/inst/fifo_gen_inst/inst_fifo_gen/gconvfifo.rf/grf.rf/rstblk/ngwrdrst.grst.g7serrst.gnsckt_wrst.gcc_rst.sckt_wr_rst_cc_reg[1]/Q
                         net (fo=1, routed)           0.640     4.229    design_1_i/cg_fpga_0/inst/axi_interconnect_0/m00_couplers/auto_pc/inst/gen_axi4_axi3.axi3_conv_inst/USE_READ.USE_SPLIT_R.read_addr_inst/USE_R_CHANNEL.cmd_queue/inst/fifo_gen_inst/inst_fifo_gen/gconvfifo.rf/grf.rf/rstblk/sckt_wr_rst_cc[1]
    SLICE_X1Y47          LUT3 (Prop_lut3_I0_O)        0.124     4.353 f  design_1_i/cg_fpga_0/inst/axi_interconnect_0/m00_couplers/auto_pc/inst/gen_axi4_axi3.axi3_conv_inst/USE_READ.USE_SPLIT_R.read_addr_inst/USE_R_CHANNEL.cmd_queue/inst/fifo_gen_inst/inst_fifo_gen/gconvfifo.rf/grf.rf/rstblk/gc0.count_d1[4]_i_2/O
                         net (fo=33, routed)          2.065     6.418    design_1_i/cg_fpga_0/inst/axi_interconnect_0/m00_couplers/auto_pc/inst/gen_axi4_axi3.axi3_conv_inst/USE_READ.USE_SPLIT_R.read_addr_inst/USE_R_CHANNEL.cmd_queue/inst/fifo_gen_inst/inst_fifo_gen/gconvfifo.rf/grf.rf/gntv_or_sync_fifo.gl0.rd/rpntr/gc0.count_d1_reg[0]_0
    SLICE_X32Y45         FDCE                                         f  design_1_i/cg_fpga_0/inst/axi_interconnect_0/m00_couplers/auto_pc/inst/gen_axi4_axi3.axi3_conv_inst/USE_READ.USE_SPLIT_R.read_addr_inst/USE_R_CHANNEL.cmd_queue/inst/fifo_gen_inst/inst_fifo_gen/gconvfifo.rf/grf.rf/gntv_or_sync_fifo.gl0.rd/rpntr/gc0.count_d1_reg[1]/CLR
  -------------------------------------------------------------------    -------------------

                         (clock clk_fpga_0 rise edge)
                                                     10.000    10.000 r  
    PS7_X0Y0             PS7                          0.000    10.000 r  design_1_i/cg_fpga_0/inst/processing_system7_0/inst/PS7_i/FCLKCLK[0]
                         net (fo=1, routed)           1.088    11.088    design_1_i/cg_fpga_0/inst/processing_system7_0/inst/FCLK_CLK_unbuffered[0]
    BUFGCTRL_X0Y16       BUFG (Prop_bufg_I_O)         0.091    11.179 r  design_1_i/cg_fpga_0/inst/processing_system7_0/inst/buffer_fclk_clk_0.FCLK_CLK_0_BUFG/O
                         net (fo=7383, routed)        1.495    12.674    design_1_i/cg_fpga_0/inst/axi_interconnect_0/m00_couplers/auto_pc/inst/gen_axi4_axi3.axi3_conv_inst/USE_READ.USE_SPLIT_R.read_addr_inst/USE_R_CHANNEL.cmd_queue/inst/fifo_gen_inst/inst_fifo_gen/gconvfifo.rf/grf.rf/gntv_or_sync_fifo.gl0.rd/rpntr/clk
    SLICE_X32Y45         FDCE                                         r  design_1_i/cg_fpga_0/inst/axi_interconnect_0/m00_couplers/auto_pc/inst/gen_axi4_axi3.axi3_conv_inst/USE_READ.USE_SPLIT_R.read_addr_inst/USE_R_CHANNEL.cmd_queue/inst/fifo_gen_inst/inst_fifo_gen/gconvfifo.rf/grf.rf/gntv_or_sync_fifo.gl0.rd/rpntr/gc0.count_d1_reg[1]/C
                         clock pessimism              0.230    12.904    
                         clock uncertainty           -0.154    12.750    
    SLICE_X32Y45         FDCE (Recov_fdce_C_CLR)     -0.319    12.431    design_1_i/cg_fpga_0/inst/axi_interconnect_0/m00_couplers/auto_pc/inst/gen_axi4_axi3.axi3_conv_inst/USE_READ.USE_SPLIT_R.read_addr_inst/USE_R_CHANNEL.cmd_queue/inst/fifo_gen_inst/inst_fifo_gen/gconvfifo.rf/grf.rf/gntv_or_sync_fifo.gl0.rd/rpntr/gc0.count_d1_reg[1]
  -------------------------------------------------------------------
                         required time                         12.431    
                         arrival time                          -6.418    
  -------------------------------------------------------------------
                         slack                                  6.013    

Slack (MET) :             6.013ns  (required time - arrival time)
  Source:                 design_1_i/cg_fpga_0/inst/axi_interconnect_0/m00_couplers/auto_pc/inst/gen_axi4_axi3.axi3_conv_inst/USE_READ.USE_SPLIT_R.read_addr_inst/USE_R_CHANNEL.cmd_queue/inst/fifo_gen_inst/inst_fifo_gen/gconvfifo.rf/grf.rf/rstblk/ngwrdrst.grst.g7serrst.gnsckt_wrst.gcc_rst.sckt_wr_rst_cc_reg[1]/C
                            (rising edge-triggered cell FDRE clocked by clk_fpga_0  {rise@0.000ns fall@5.000ns period=10.000ns})
  Destination:            design_1_i/cg_fpga_0/inst/axi_interconnect_0/m00_couplers/auto_pc/inst/gen_axi4_axi3.axi3_conv_inst/USE_READ.USE_SPLIT_R.read_addr_inst/USE_R_CHANNEL.cmd_queue/inst/fifo_gen_inst/inst_fifo_gen/gconvfifo.rf/grf.rf/gntv_or_sync_fifo.gl0.rd/rpntr/gc0.count_reg[1]/CLR
                            (recovery check against rising-edge clock clk_fpga_0  {rise@0.000ns fall@5.000ns period=10.000ns})
  Path Group:             **async_default**
  Path Type:              Recovery (Max at Slow Process Corner)
  Requirement:            10.000ns  (clk_fpga_0 rise@10.000ns - clk_fpga_0 rise@0.000ns)
  Data Path Delay:        3.285ns  (logic 0.580ns (17.655%)  route 2.705ns (82.345%))
  Logic Levels:           1  (LUT3=1)
  Clock Path Skew:        -0.229ns (DCD - SCD + CPR)
    Destination Clock Delay (DCD):    2.674ns = ( 12.674 - 10.000 ) 
    Source Clock Delay      (SCD):    3.133ns
    Clock Pessimism Removal (CPR):    0.230ns
  Clock Uncertainty:      0.154ns  ((TSJ^2 + TIJ^2)^1/2 + DJ) / 2 + PE
    Total System Jitter     (TSJ):    0.071ns
    Total Input Jitter      (TIJ):    0.300ns
    Discrete Jitter          (DJ):    0.000ns
    Phase Error              (PE):    0.000ns

    Location             Delay type                Incr(ns)  Path(ns)    Netlist Resource(s)
  -------------------------------------------------------------------    -------------------
                         (clock clk_fpga_0 rise edge)
                                                      0.000     0.000 r  
    PS7_X0Y0             PS7                          0.000     0.000 r  design_1_i/cg_fpga_0/inst/processing_system7_0/inst/PS7_i/FCLKCLK[0]
                         net (fo=1, routed)           1.193     1.193    design_1_i/cg_fpga_0/inst/processing_system7_0/inst/FCLK_CLK_unbuffered[0]
    BUFGCTRL_X0Y16       BUFG (Prop_bufg_I_O)         0.101     1.294 r  design_1_i/cg_fpga_0/inst/processing_system7_0/inst/buffer_fclk_clk_0.FCLK_CLK_0_BUFG/O
                         net (fo=7383, routed)        1.839     3.133    design_1_i/cg_fpga_0/inst/axi_interconnect_0/m00_couplers/auto_pc/inst/gen_axi4_axi3.axi3_conv_inst/USE_READ.USE_SPLIT_R.read_addr_inst/USE_R_CHANNEL.cmd_queue/inst/fifo_gen_inst/inst_fifo_gen/gconvfifo.rf/grf.rf/rstblk/clk
    SLICE_X1Y47          FDRE                                         r  design_1_i/cg_fpga_0/inst/axi_interconnect_0/m00_couplers/auto_pc/inst/gen_axi4_axi3.axi3_conv_inst/USE_READ.USE_SPLIT_R.read_addr_inst/USE_R_CHANNEL.cmd_queue/inst/fifo_gen_inst/inst_fifo_gen/gconvfifo.rf/grf.rf/rstblk/ngwrdrst.grst.g7serrst.gnsckt_wrst.gcc_rst.sckt_wr_rst_cc_reg[1]/C
  -------------------------------------------------------------------    -------------------
    SLICE_X1Y47          FDRE (Prop_fdre_C_Q)         0.456     3.589 f  design_1_i/cg_fpga_0/inst/axi_interconnect_0/m00_couplers/auto_pc/inst/gen_axi4_axi3.axi3_conv_inst/USE_READ.USE_SPLIT_R.read_addr_inst/USE_R_CHANNEL.cmd_queue/inst/fifo_gen_inst/inst_fifo_gen/gconvfifo.rf/grf.rf/rstblk/ngwrdrst.grst.g7serrst.gnsckt_wrst.gcc_rst.sckt_wr_rst_cc_reg[1]/Q
                         net (fo=1, routed)           0.640     4.229    design_1_i/cg_fpga_0/inst/axi_interconnect_0/m00_couplers/auto_pc/inst/gen_axi4_axi3.axi3_conv_inst/USE_READ.USE_SPLIT_R.read_addr_inst/USE_R_CHANNEL.cmd_queue/inst/fifo_gen_inst/inst_fifo_gen/gconvfifo.rf/grf.rf/rstblk/sckt_wr_rst_cc[1]
    SLICE_X1Y47          LUT3 (Prop_lut3_I0_O)        0.124     4.353 f  design_1_i/cg_fpga_0/inst/axi_interconnect_0/m00_couplers/auto_pc/inst/gen_axi4_axi3.axi3_conv_inst/USE_READ.USE_SPLIT_R.read_addr_inst/USE_R_CHANNEL.cmd_queue/inst/fifo_gen_inst/inst_fifo_gen/gconvfifo.rf/grf.rf/rstblk/gc0.count_d1[4]_i_2/O
                         net (fo=33, routed)          2.065     6.418    design_1_i/cg_fpga_0/inst/axi_interconnect_0/m00_couplers/auto_pc/inst/gen_axi4_axi3.axi3_conv_inst/USE_READ.USE_SPLIT_R.read_addr_inst/USE_R_CHANNEL.cmd_queue/inst/fifo_gen_inst/inst_fifo_gen/gconvfifo.rf/grf.rf/gntv_or_sync_fifo.gl0.rd/rpntr/gc0.count_d1_reg[0]_0
    SLICE_X32Y45         FDCE                                         f  design_1_i/cg_fpga_0/inst/axi_interconnect_0/m00_couplers/auto_pc/inst/gen_axi4_axi3.axi3_conv_inst/USE_READ.USE_SPLIT_R.read_addr_inst/USE_R_CHANNEL.cmd_queue/inst/fifo_gen_inst/inst_fifo_gen/gconvfifo.rf/grf.rf/gntv_or_sync_fifo.gl0.rd/rpntr/gc0.count_reg[1]/CLR
  -------------------------------------------------------------------    -------------------

                         (clock clk_fpga_0 rise edge)
                                                     10.000    10.000 r  
    PS7_X0Y0             PS7                          0.000    10.000 r  design_1_i/cg_fpga_0/inst/processing_system7_0/inst/PS7_i/FCLKCLK[0]
                         net (fo=1, routed)           1.088    11.088    design_1_i/cg_fpga_0/inst/processing_system7_0/inst/FCLK_CLK_unbuffered[0]
    BUFGCTRL_X0Y16       BUFG (Prop_bufg_I_O)         0.091    11.179 r  design_1_i/cg_fpga_0/inst/processing_system7_0/inst/buffer_fclk_clk_0.FCLK_CLK_0_BUFG/O
                         net (fo=7383, routed)        1.495    12.674    design_1_i/cg_fpga_0/inst/axi_interconnect_0/m00_couplers/auto_pc/inst/gen_axi4_axi3.axi3_conv_inst/USE_READ.USE_SPLIT_R.read_addr_inst/USE_R_CHANNEL.cmd_queue/inst/fifo_gen_inst/inst_fifo_gen/gconvfifo.rf/grf.rf/gntv_or_sync_fifo.gl0.rd/rpntr/clk
    SLICE_X32Y45         FDCE                                         r  design_1_i/cg_fpga_0/inst/axi_interconnect_0/m00_couplers/auto_pc/inst/gen_axi4_axi3.axi3_conv_inst/USE_READ.USE_SPLIT_R.read_addr_inst/USE_R_CHANNEL.cmd_queue/inst/fifo_gen_inst/inst_fifo_gen/gconvfifo.rf/grf.rf/gntv_or_sync_fifo.gl0.rd/rpntr/gc0.count_reg[1]/C
                         clock pessimism              0.230    12.904    
                         clock uncertainty           -0.154    12.750    
    SLICE_X32Y45         FDCE (Recov_fdce_C_CLR)     -0.319    12.431    design_1_i/cg_fpga_0/inst/axi_interconnect_0/m00_couplers/auto_pc/inst/gen_axi4_axi3.axi3_conv_inst/USE_READ.USE_SPLIT_R.read_addr_inst/USE_R_CHANNEL.cmd_queue/inst/fifo_gen_inst/inst_fifo_gen/gconvfifo.rf/grf.rf/gntv_or_sync_fifo.gl0.rd/rpntr/gc0.count_reg[1]
  -------------------------------------------------------------------
                         required time                         12.431    
                         arrival time                          -6.418    
  -------------------------------------------------------------------
                         slack                                  6.013    





Min Delay Paths
--------------------------------------------------------------------------------------
Slack (MET) :             0.440ns  (arrival time - required time)
  Source:                 design_1_i/cg_fpga_0/inst/axi_interconnect_0/m00_couplers/auto_pc/inst/gen_axi4_axi3.axi3_conv_inst/USE_WRITE.write_addr_inst/USE_BURSTS.cmd_queue/inst/fifo_gen_inst/inst_fifo_gen/gconvfifo.rf/grf.rf/rstblk/ngwrdrst.grst.g7serrst.gnsckt_wrst.rst_wr_reg2_inst/arststages_ff_reg[1]/C
                            (rising edge-triggered cell FDPE clocked by clk_fpga_0  {rise@0.000ns fall@5.000ns period=10.000ns})
  Destination:            design_1_i/cg_fpga_0/inst/axi_interconnect_0/m00_couplers/auto_pc/inst/gen_axi4_axi3.axi3_conv_inst/USE_WRITE.write_addr_inst/USE_BURSTS.cmd_queue/inst/fifo_gen_inst/inst_fifo_gen/gconvfifo.rf/grf.rf/gntv_or_sync_fifo.gl0.rd/rpntr/gc0.count_d1_reg[0]/CLR
                            (removal check against rising-edge clock clk_fpga_0  {rise@0.000ns fall@5.000ns period=10.000ns})
  Path Group:             **async_default**
  Path Type:              Removal (Min at Fast Process Corner)
  Requirement:            0.000ns  (clk_fpga_0 rise@0.000ns - clk_fpga_0 rise@0.000ns)
  Data Path Delay:        0.635ns  (logic 0.227ns (35.771%)  route 0.408ns (64.229%))
  Logic Levels:           1  (LUT3=1)
  Clock Path Skew:        0.286ns (DCD - SCD - CPR)
    Destination Clock Delay (DCD):    1.226ns
    Source Clock Delay      (SCD):    0.910ns
    Clock Pessimism Removal (CPR):    0.030ns

    Location             Delay type                Incr(ns)  Path(ns)    Netlist Resource(s)
  -------------------------------------------------------------------    -------------------
                         (clock clk_fpga_0 rise edge)
                                                      0.000     0.000 r  
    PS7_X0Y0             PS7                          0.000     0.000 r  design_1_i/cg_fpga_0/inst/processing_system7_0/inst/PS7_i/FCLKCLK[0]
                         net (fo=1, routed)           0.310     0.310    design_1_i/cg_fpga_0/inst/processing_system7_0/inst/FCLK_CLK_unbuffered[0]
    BUFGCTRL_X0Y16       BUFG (Prop_bufg_I_O)         0.026     0.336 r  design_1_i/cg_fpga_0/inst/processing_system7_0/inst/buffer_fclk_clk_0.FCLK_CLK_0_BUFG/O
                         net (fo=7383, routed)        0.574     0.910    design_1_i/cg_fpga_0/inst/axi_interconnect_0/m00_couplers/auto_pc/inst/gen_axi4_axi3.axi3_conv_inst/USE_WRITE.write_addr_inst/USE_BURSTS.cmd_queue/inst/fifo_gen_inst/inst_fifo_gen/gconvfifo.rf/grf.rf/rstblk/ngwrdrst.grst.g7serrst.gnsckt_wrst.rst_wr_reg2_inst/dest_clk
    SLICE_X27Y50         FDPE                                         r  design_1_i/cg_fpga_0/inst/axi_interconnect_0/m00_couplers/auto_pc/inst/gen_axi4_axi3.axi3_conv_inst/USE_WRITE.write_addr_inst/USE_BURSTS.cmd_queue/inst/fifo_gen_inst/inst_fifo_gen/gconvfifo.rf/grf.rf/rstblk/ngwrdrst.grst.g7serrst.gnsckt_wrst.rst_wr_reg2_inst/arststages_ff_reg[1]/C
  -------------------------------------------------------------------    -------------------
    SLICE_X27Y50         FDPE (Prop_fdpe_C_Q)         0.128     1.038 f  design_1_i/cg_fpga_0/inst/axi_interconnect_0/m00_couplers/auto_pc/inst/gen_axi4_axi3.axi3_conv_inst/USE_WRITE.write_addr_inst/USE_BURSTS.cmd_queue/inst/fifo_gen_inst/inst_fifo_gen/gconvfifo.rf/grf.rf/rstblk/ngwrdrst.grst.g7serrst.gnsckt_wrst.rst_wr_reg2_inst/arststages_ff_reg[1]/Q
                         net (fo=3, routed)           0.195     1.233    design_1_i/cg_fpga_0/inst/axi_interconnect_0/m00_couplers/auto_pc/inst/gen_axi4_axi3.axi3_conv_inst/USE_WRITE.write_addr_inst/USE_BURSTS.cmd_queue/inst/fifo_gen_inst/inst_fifo_gen/gconvfifo.rf/grf.rf/rstblk/rst_wr_reg2
    SLICE_X26Y49         LUT3 (Prop_lut3_I2_O)        0.099     1.332 f  design_1_i/cg_fpga_0/inst/axi_interconnect_0/m00_couplers/auto_pc/inst/gen_axi4_axi3.axi3_conv_inst/USE_WRITE.write_addr_inst/USE_BURSTS.cmd_queue/inst/fifo_gen_inst/inst_fifo_gen/gconvfifo.rf/grf.rf/rstblk/gc0.count_d1[4]_i_2/O
                         net (fo=32, routed)          0.212     1.544    design_1_i/cg_fpga_0/inst/axi_interconnect_0/m00_couplers/auto_pc/inst/gen_axi4_axi3.axi3_conv_inst/USE_WRITE.write_addr_inst/USE_BURSTS.cmd_queue/inst/fifo_gen_inst/inst_fifo_gen/gconvfifo.rf/grf.rf/gntv_or_sync_fifo.gl0.rd/rpntr/gc0.count_d1_reg[0]_0
    SLICE_X25Y49         FDCE                                         f  design_1_i/cg_fpga_0/inst/axi_interconnect_0/m00_couplers/auto_pc/inst/gen_axi4_axi3.axi3_conv_inst/USE_WRITE.write_addr_inst/USE_BURSTS.cmd_queue/inst/fifo_gen_inst/inst_fifo_gen/gconvfifo.rf/grf.rf/gntv_or_sync_fifo.gl0.rd/rpntr/gc0.count_d1_reg[0]/CLR
  -------------------------------------------------------------------    -------------------

                         (clock clk_fpga_0 rise edge)
                                                      0.000     0.000 r  
    PS7_X0Y0             PS7                          0.000     0.000 r  design_1_i/cg_fpga_0/inst/processing_system7_0/inst/PS7_i/FCLKCLK[0]
                         net (fo=1, routed)           0.337     0.337    design_1_i/cg_fpga_0/inst/processing_system7_0/inst/FCLK_CLK_unbuffered[0]
    BUFGCTRL_X0Y16       BUFG (Prop_bufg_I_O)         0.029     0.366 r  design_1_i/cg_fpga_0/inst/processing_system7_0/inst/buffer_fclk_clk_0.FCLK_CLK_0_BUFG/O
                         net (fo=7383, routed)        0.860     1.226    design_1_i/cg_fpga_0/inst/axi_interconnect_0/m00_couplers/auto_pc/inst/gen_axi4_axi3.axi3_conv_inst/USE_WRITE.write_addr_inst/USE_BURSTS.cmd_queue/inst/fifo_gen_inst/inst_fifo_gen/gconvfifo.rf/grf.rf/gntv_or_sync_fifo.gl0.rd/rpntr/clk
    SLICE_X25Y49         FDCE                                         r  design_1_i/cg_fpga_0/inst/axi_interconnect_0/m00_couplers/auto_pc/inst/gen_axi4_axi3.axi3_conv_inst/USE_WRITE.write_addr_inst/USE_BURSTS.cmd_queue/inst/fifo_gen_inst/inst_fifo_gen/gconvfifo.rf/grf.rf/gntv_or_sync_fifo.gl0.rd/rpntr/gc0.count_d1_reg[0]/C
                         clock pessimism             -0.030     1.196    
    SLICE_X25Y49         FDCE (Remov_fdce_C_CLR)     -0.092     1.104    design_1_i/cg_fpga_0/inst/axi_interconnect_0/m00_couplers/auto_pc/inst/gen_axi4_axi3.axi3_conv_inst/USE_WRITE.write_addr_inst/USE_BURSTS.cmd_queue/inst/fifo_gen_inst/inst_fifo_gen/gconvfifo.rf/grf.rf/gntv_or_sync_fifo.gl0.rd/rpntr/gc0.count_d1_reg[0]
  -------------------------------------------------------------------
                         required time                         -1.104    
                         arrival time                           1.544    
  -------------------------------------------------------------------
                         slack                                  0.440    

Slack (MET) :             0.440ns  (arrival time - required time)
  Source:                 design_1_i/cg_fpga_0/inst/axi_interconnect_0/m00_couplers/auto_pc/inst/gen_axi4_axi3.axi3_conv_inst/USE_WRITE.write_addr_inst/USE_BURSTS.cmd_queue/inst/fifo_gen_inst/inst_fifo_gen/gconvfifo.rf/grf.rf/rstblk/ngwrdrst.grst.g7serrst.gnsckt_wrst.rst_wr_reg2_inst/arststages_ff_reg[1]/C
                            (rising edge-triggered cell FDPE clocked by clk_fpga_0  {rise@0.000ns fall@5.000ns period=10.000ns})
  Destination:            design_1_i/cg_fpga_0/inst/axi_interconnect_0/m00_couplers/auto_pc/inst/gen_axi4_axi3.axi3_conv_inst/USE_WRITE.write_addr_inst/USE_BURSTS.cmd_queue/inst/fifo_gen_inst/inst_fifo_gen/gconvfifo.rf/grf.rf/gntv_or_sync_fifo.gl0.rd/rpntr/gc0.count_d1_reg[1]/CLR
                            (removal check against rising-edge clock clk_fpga_0  {rise@0.000ns fall@5.000ns period=10.000ns})
  Path Group:             **async_default**
  Path Type:              Removal (Min at Fast Process Corner)
  Requirement:            0.000ns  (clk_fpga_0 rise@0.000ns - clk_fpga_0 rise@0.000ns)
  Data Path Delay:        0.635ns  (logic 0.227ns (35.771%)  route 0.408ns (64.229%))
  Logic Levels:           1  (LUT3=1)
  Clock Path Skew:        0.286ns (DCD - SCD - CPR)
    Destination Clock Delay (DCD):    1.226ns
    Source Clock Delay      (SCD):    0.910ns
    Clock Pessimism Removal (CPR):    0.030ns

    Location             Delay type                Incr(ns)  Path(ns)    Netlist Resource(s)
  -------------------------------------------------------------------    -------------------
                         (clock clk_fpga_0 rise edge)
                                                      0.000     0.000 r  
    PS7_X0Y0             PS7                          0.000     0.000 r  design_1_i/cg_fpga_0/inst/processing_system7_0/inst/PS7_i/FCLKCLK[0]
                         net (fo=1, routed)           0.310     0.310    design_1_i/cg_fpga_0/inst/processing_system7_0/inst/FCLK_CLK_unbuffered[0]
    BUFGCTRL_X0Y16       BUFG (Prop_bufg_I_O)         0.026     0.336 r  design_1_i/cg_fpga_0/inst/processing_system7_0/inst/buffer_fclk_clk_0.FCLK_CLK_0_BUFG/O
                         net (fo=7383, routed)        0.574     0.910    design_1_i/cg_fpga_0/inst/axi_interconnect_0/m00_couplers/auto_pc/inst/gen_axi4_axi3.axi3_conv_inst/USE_WRITE.write_addr_inst/USE_BURSTS.cmd_queue/inst/fifo_gen_inst/inst_fifo_gen/gconvfifo.rf/grf.rf/rstblk/ngwrdrst.grst.g7serrst.gnsckt_wrst.rst_wr_reg2_inst/dest_clk
    SLICE_X27Y50         FDPE                                         r  design_1_i/cg_fpga_0/inst/axi_interconnect_0/m00_couplers/auto_pc/inst/gen_axi4_axi3.axi3_conv_inst/USE_WRITE.write_addr_inst/USE_BURSTS.cmd_queue/inst/fifo_gen_inst/inst_fifo_gen/gconvfifo.rf/grf.rf/rstblk/ngwrdrst.grst.g7serrst.gnsckt_wrst.rst_wr_reg2_inst/arststages_ff_reg[1]/C
  -------------------------------------------------------------------    -------------------
    SLICE_X27Y50         FDPE (Prop_fdpe_C_Q)         0.128     1.038 f  design_1_i/cg_fpga_0/inst/axi_interconnect_0/m00_couplers/auto_pc/inst/gen_axi4_axi3.axi3_conv_inst/USE_WRITE.write_addr_inst/USE_BURSTS.cmd_queue/inst/fifo_gen_inst/inst_fifo_gen/gconvfifo.rf/grf.rf/rstblk/ngwrdrst.grst.g7serrst.gnsckt_wrst.rst_wr_reg2_inst/arststages_ff_reg[1]/Q
                         net (fo=3, routed)           0.195     1.233    design_1_i/cg_fpga_0/inst/axi_interconnect_0/m00_couplers/auto_pc/inst/gen_axi4_axi3.axi3_conv_inst/USE_WRITE.write_addr_inst/USE_BURSTS.cmd_queue/inst/fifo_gen_inst/inst_fifo_gen/gconvfifo.rf/grf.rf/rstblk/rst_wr_reg2
    SLICE_X26Y49         LUT3 (Prop_lut3_I2_O)        0.099     1.332 f  design_1_i/cg_fpga_0/inst/axi_interconnect_0/m00_couplers/auto_pc/inst/gen_axi4_axi3.axi3_conv_inst/USE_WRITE.write_addr_inst/USE_BURSTS.cmd_queue/inst/fifo_gen_inst/inst_fifo_gen/gconvfifo.rf/grf.rf/rstblk/gc0.count_d1[4]_i_2/O
                         net (fo=32, routed)          0.212     1.544    design_1_i/cg_fpga_0/inst/axi_interconnect_0/m00_couplers/auto_pc/inst/gen_axi4_axi3.axi3_conv_inst/USE_WRITE.write_addr_inst/USE_BURSTS.cmd_queue/inst/fifo_gen_inst/inst_fifo_gen/gconvfifo.rf/grf.rf/gntv_or_sync_fifo.gl0.rd/rpntr/gc0.count_d1_reg[0]_0
    SLICE_X25Y49         FDCE                                         f  design_1_i/cg_fpga_0/inst/axi_interconnect_0/m00_couplers/auto_pc/inst/gen_axi4_axi3.axi3_conv_inst/USE_WRITE.write_addr_inst/USE_BURSTS.cmd_queue/inst/fifo_gen_inst/inst_fifo_gen/gconvfifo.rf/grf.rf/gntv_or_sync_fifo.gl0.rd/rpntr/gc0.count_d1_reg[1]/CLR
  -------------------------------------------------------------------    -------------------

                         (clock clk_fpga_0 rise edge)
                                                      0.000     0.000 r  
    PS7_X0Y0             PS7                          0.000     0.000 r  design_1_i/cg_fpga_0/inst/processing_system7_0/inst/PS7_i/FCLKCLK[0]
                         net (fo=1, routed)           0.337     0.337    design_1_i/cg_fpga_0/inst/processing_system7_0/inst/FCLK_CLK_unbuffered[0]
    BUFGCTRL_X0Y16       BUFG (Prop_bufg_I_O)         0.029     0.366 r  design_1_i/cg_fpga_0/inst/processing_system7_0/inst/buffer_fclk_clk_0.FCLK_CLK_0_BUFG/O
                         net (fo=7383, routed)        0.860     1.226    design_1_i/cg_fpga_0/inst/axi_interconnect_0/m00_couplers/auto_pc/inst/gen_axi4_axi3.axi3_conv_inst/USE_WRITE.write_addr_inst/USE_BURSTS.cmd_queue/inst/fifo_gen_inst/inst_fifo_gen/gconvfifo.rf/grf.rf/gntv_or_sync_fifo.gl0.rd/rpntr/clk
    SLICE_X25Y49         FDCE                                         r  design_1_i/cg_fpga_0/inst/axi_interconnect_0/m00_couplers/auto_pc/inst/gen_axi4_axi3.axi3_conv_inst/USE_WRITE.write_addr_inst/USE_BURSTS.cmd_queue/inst/fifo_gen_inst/inst_fifo_gen/gconvfifo.rf/grf.rf/gntv_or_sync_fifo.gl0.rd/rpntr/gc0.count_d1_reg[1]/C
                         clock pessimism             -0.030     1.196    
    SLICE_X25Y49         FDCE (Remov_fdce_C_CLR)     -0.092     1.104    design_1_i/cg_fpga_0/inst/axi_interconnect_0/m00_couplers/auto_pc/inst/gen_axi4_axi3.axi3_conv_inst/USE_WRITE.write_addr_inst/USE_BURSTS.cmd_queue/inst/fifo_gen_inst/inst_fifo_gen/gconvfifo.rf/grf.rf/gntv_or_sync_fifo.gl0.rd/rpntr/gc0.count_d1_reg[1]
  -------------------------------------------------------------------
                         required time                         -1.104    
                         arrival time                           1.544    
  -------------------------------------------------------------------
                         slack                                  0.440    

Slack (MET) :             0.440ns  (arrival time - required time)
  Source:                 design_1_i/cg_fpga_0/inst/axi_interconnect_0/m00_couplers/auto_pc/inst/gen_axi4_axi3.axi3_conv_inst/USE_WRITE.write_addr_inst/USE_BURSTS.cmd_queue/inst/fifo_gen_inst/inst_fifo_gen/gconvfifo.rf/grf.rf/rstblk/ngwrdrst.grst.g7serrst.gnsckt_wrst.rst_wr_reg2_inst/arststages_ff_reg[1]/C
                            (rising edge-triggered cell FDPE clocked by clk_fpga_0  {rise@0.000ns fall@5.000ns period=10.000ns})
  Destination:            design_1_i/cg_fpga_0/inst/axi_interconnect_0/m00_couplers/auto_pc/inst/gen_axi4_axi3.axi3_conv_inst/USE_WRITE.write_addr_inst/USE_BURSTS.cmd_queue/inst/fifo_gen_inst/inst_fifo_gen/gconvfifo.rf/grf.rf/gntv_or_sync_fifo.gl0.rd/rpntr/gc0.count_reg[1]/CLR
                            (removal check against rising-edge clock clk_fpga_0  {rise@0.000ns fall@5.000ns period=10.000ns})
  Path Group:             **async_default**
  Path Type:              Removal (Min at Fast Process Corner)
  Requirement:            0.000ns  (clk_fpga_0 rise@0.000ns - clk_fpga_0 rise@0.000ns)
  Data Path Delay:        0.635ns  (logic 0.227ns (35.771%)  route 0.408ns (64.229%))
  Logic Levels:           1  (LUT3=1)
  Clock Path Skew:        0.286ns (DCD - SCD - CPR)
    Destination Clock Delay (DCD):    1.226ns
    Source Clock Delay      (SCD):    0.910ns
    Clock Pessimism Removal (CPR):    0.030ns

    Location             Delay type                Incr(ns)  Path(ns)    Netlist Resource(s)
  -------------------------------------------------------------------    -------------------
                         (clock clk_fpga_0 rise edge)
                                                      0.000     0.000 r  
    PS7_X0Y0             PS7                          0.000     0.000 r  design_1_i/cg_fpga_0/inst/processing_system7_0/inst/PS7_i/FCLKCLK[0]
                         net (fo=1, routed)           0.310     0.310    design_1_i/cg_fpga_0/inst/processing_system7_0/inst/FCLK_CLK_unbuffered[0]
    BUFGCTRL_X0Y16       BUFG (Prop_bufg_I_O)         0.026     0.336 r  design_1_i/cg_fpga_0/inst/processing_system7_0/inst/buffer_fclk_clk_0.FCLK_CLK_0_BUFG/O
                         net (fo=7383, routed)        0.574     0.910    design_1_i/cg_fpga_0/inst/axi_interconnect_0/m00_couplers/auto_pc/inst/gen_axi4_axi3.axi3_conv_inst/USE_WRITE.write_addr_inst/USE_BURSTS.cmd_queue/inst/fifo_gen_inst/inst_fifo_gen/gconvfifo.rf/grf.rf/rstblk/ngwrdrst.grst.g7serrst.gnsckt_wrst.rst_wr_reg2_inst/dest_clk
    SLICE_X27Y50         FDPE                                         r  design_1_i/cg_fpga_0/inst/axi_interconnect_0/m00_couplers/auto_pc/inst/gen_axi4_axi3.axi3_conv_inst/USE_WRITE.write_addr_inst/USE_BURSTS.cmd_queue/inst/fifo_gen_inst/inst_fifo_gen/gconvfifo.rf/grf.rf/rstblk/ngwrdrst.grst.g7serrst.gnsckt_wrst.rst_wr_reg2_inst/arststages_ff_reg[1]/C
  -------------------------------------------------------------------    -------------------
    SLICE_X27Y50         FDPE (Prop_fdpe_C_Q)         0.128     1.038 f  design_1_i/cg_fpga_0/inst/axi_interconnect_0/m00_couplers/auto_pc/inst/gen_axi4_axi3.axi3_conv_inst/USE_WRITE.write_addr_inst/USE_BURSTS.cmd_queue/inst/fifo_gen_inst/inst_fifo_gen/gconvfifo.rf/grf.rf/rstblk/ngwrdrst.grst.g7serrst.gnsckt_wrst.rst_wr_reg2_inst/arststages_ff_reg[1]/Q
                         net (fo=3, routed)           0.195     1.233    design_1_i/cg_fpga_0/inst/axi_interconnect_0/m00_couplers/auto_pc/inst/gen_axi4_axi3.axi3_conv_inst/USE_WRITE.write_addr_inst/USE_BURSTS.cmd_queue/inst/fifo_gen_inst/inst_fifo_gen/gconvfifo.rf/grf.rf/rstblk/rst_wr_reg2
    SLICE_X26Y49         LUT3 (Prop_lut3_I2_O)        0.099     1.332 f  design_1_i/cg_fpga_0/inst/axi_interconnect_0/m00_couplers/auto_pc/inst/gen_axi4_axi3.axi3_conv_inst/USE_WRITE.write_addr_inst/USE_BURSTS.cmd_queue/inst/fifo_gen_inst/inst_fifo_gen/gconvfifo.rf/grf.rf/rstblk/gc0.count_d1[4]_i_2/O
                         net (fo=32, routed)          0.212     1.544    design_1_i/cg_fpga_0/inst/axi_interconnect_0/m00_couplers/auto_pc/inst/gen_axi4_axi3.axi3_conv_inst/USE_WRITE.write_addr_inst/USE_BURSTS.cmd_queue/inst/fifo_gen_inst/inst_fifo_gen/gconvfifo.rf/grf.rf/gntv_or_sync_fifo.gl0.rd/rpntr/gc0.count_d1_reg[0]_0
    SLICE_X25Y49         FDCE                                         f  design_1_i/cg_fpga_0/inst/axi_interconnect_0/m00_couplers/auto_pc/inst/gen_axi4_axi3.axi3_conv_inst/USE_WRITE.write_addr_inst/USE_BURSTS.cmd_queue/inst/fifo_gen_inst/inst_fifo_gen/gconvfifo.rf/grf.rf/gntv_or_sync_fifo.gl0.rd/rpntr/gc0.count_reg[1]/CLR
  -------------------------------------------------------------------    -------------------

                         (clock clk_fpga_0 rise edge)
                                                      0.000     0.000 r  
    PS7_X0Y0             PS7                          0.000     0.000 r  design_1_i/cg_fpga_0/inst/processing_system7_0/inst/PS7_i/FCLKCLK[0]
                         net (fo=1, routed)           0.337     0.337    design_1_i/cg_fpga_0/inst/processing_system7_0/inst/FCLK_CLK_unbuffered[0]
    BUFGCTRL_X0Y16       BUFG (Prop_bufg_I_O)         0.029     0.366 r  design_1_i/cg_fpga_0/inst/processing_system7_0/inst/buffer_fclk_clk_0.FCLK_CLK_0_BUFG/O
                         net (fo=7383, routed)        0.860     1.226    design_1_i/cg_fpga_0/inst/axi_interconnect_0/m00_couplers/auto_pc/inst/gen_axi4_axi3.axi3_conv_inst/USE_WRITE.write_addr_inst/USE_BURSTS.cmd_queue/inst/fifo_gen_inst/inst_fifo_gen/gconvfifo.rf/grf.rf/gntv_or_sync_fifo.gl0.rd/rpntr/clk
    SLICE_X25Y49         FDCE                                         r  design_1_i/cg_fpga_0/inst/axi_interconnect_0/m00_couplers/auto_pc/inst/gen_axi4_axi3.axi3_conv_inst/USE_WRITE.write_addr_inst/USE_BURSTS.cmd_queue/inst/fifo_gen_inst/inst_fifo_gen/gconvfifo.rf/grf.rf/gntv_or_sync_fifo.gl0.rd/rpntr/gc0.count_reg[1]/C
                         clock pessimism             -0.030     1.196    
    SLICE_X25Y49         FDCE (Remov_fdce_C_CLR)     -0.092     1.104    design_1_i/cg_fpga_0/inst/axi_interconnect_0/m00_couplers/auto_pc/inst/gen_axi4_axi3.axi3_conv_inst/USE_WRITE.write_addr_inst/USE_BURSTS.cmd_queue/inst/fifo_gen_inst/inst_fifo_gen/gconvfifo.rf/grf.rf/gntv_or_sync_fifo.gl0.rd/rpntr/gc0.count_reg[1]
  -------------------------------------------------------------------
                         required time                         -1.104    
                         arrival time                           1.544    
  -------------------------------------------------------------------
                         slack                                  0.440    

Slack (MET) :             0.440ns  (arrival time - required time)
  Source:                 design_1_i/cg_fpga_0/inst/axi_interconnect_0/m00_couplers/auto_pc/inst/gen_axi4_axi3.axi3_conv_inst/USE_WRITE.write_addr_inst/USE_BURSTS.cmd_queue/inst/fifo_gen_inst/inst_fifo_gen/gconvfifo.rf/grf.rf/rstblk/ngwrdrst.grst.g7serrst.gnsckt_wrst.rst_wr_reg2_inst/arststages_ff_reg[1]/C
                            (rising edge-triggered cell FDPE clocked by clk_fpga_0  {rise@0.000ns fall@5.000ns period=10.000ns})
  Destination:            design_1_i/cg_fpga_0/inst/axi_interconnect_0/m00_couplers/auto_pc/inst/gen_axi4_axi3.axi3_conv_inst/USE_WRITE.write_addr_inst/USE_BURSTS.cmd_queue/inst/fifo_gen_inst/inst_fifo_gen/gconvfifo.rf/grf.rf/gntv_or_sync_fifo.gl0.rd/rpntr/gc0.count_reg[2]/CLR
                            (removal check against rising-edge clock clk_fpga_0  {rise@0.000ns fall@5.000ns period=10.000ns})
  Path Group:             **async_default**
  Path Type:              Removal (Min at Fast Process Corner)
  Requirement:            0.000ns  (clk_fpga_0 rise@0.000ns - clk_fpga_0 rise@0.000ns)
  Data Path Delay:        0.635ns  (logic 0.227ns (35.771%)  route 0.408ns (64.229%))
  Logic Levels:           1  (LUT3=1)
  Clock Path Skew:        0.286ns (DCD - SCD - CPR)
    Destination Clock Delay (DCD):    1.226ns
    Source Clock Delay      (SCD):    0.910ns
    Clock Pessimism Removal (CPR):    0.030ns

    Location             Delay type                Incr(ns)  Path(ns)    Netlist Resource(s)
  -------------------------------------------------------------------    -------------------
                         (clock clk_fpga_0 rise edge)
                                                      0.000     0.000 r  
    PS7_X0Y0             PS7                          0.000     0.000 r  design_1_i/cg_fpga_0/inst/processing_system7_0/inst/PS7_i/FCLKCLK[0]
                         net (fo=1, routed)           0.310     0.310    design_1_i/cg_fpga_0/inst/processing_system7_0/inst/FCLK_CLK_unbuffered[0]
    BUFGCTRL_X0Y16       BUFG (Prop_bufg_I_O)         0.026     0.336 r  design_1_i/cg_fpga_0/inst/processing_system7_0/inst/buffer_fclk_clk_0.FCLK_CLK_0_BUFG/O
                         net (fo=7383, routed)        0.574     0.910    design_1_i/cg_fpga_0/inst/axi_interconnect_0/m00_couplers/auto_pc/inst/gen_axi4_axi3.axi3_conv_inst/USE_WRITE.write_addr_inst/USE_BURSTS.cmd_queue/inst/fifo_gen_inst/inst_fifo_gen/gconvfifo.rf/grf.rf/rstblk/ngwrdrst.grst.g7serrst.gnsckt_wrst.rst_wr_reg2_inst/dest_clk
    SLICE_X27Y50         FDPE                                         r  design_1_i/cg_fpga_0/inst/axi_interconnect_0/m00_couplers/auto_pc/inst/gen_axi4_axi3.axi3_conv_inst/USE_WRITE.write_addr_inst/USE_BURSTS.cmd_queue/inst/fifo_gen_inst/inst_fifo_gen/gconvfifo.rf/grf.rf/rstblk/ngwrdrst.grst.g7serrst.gnsckt_wrst.rst_wr_reg2_inst/arststages_ff_reg[1]/C
  -------------------------------------------------------------------    -------------------
    SLICE_X27Y50         FDPE (Prop_fdpe_C_Q)         0.128     1.038 f  design_1_i/cg_fpga_0/inst/axi_interconnect_0/m00_couplers/auto_pc/inst/gen_axi4_axi3.axi3_conv_inst/USE_WRITE.write_addr_inst/USE_BURSTS.cmd_queue/inst/fifo_gen_inst/inst_fifo_gen/gconvfifo.rf/grf.rf/rstblk/ngwrdrst.grst.g7serrst.gnsckt_wrst.rst_wr_reg2_inst/arststages_ff_reg[1]/Q
                         net (fo=3, routed)           0.195     1.233    design_1_i/cg_fpga_0/inst/axi_interconnect_0/m00_couplers/auto_pc/inst/gen_axi4_axi3.axi3_conv_inst/USE_WRITE.write_addr_inst/USE_BURSTS.cmd_queue/inst/fifo_gen_inst/inst_fifo_gen/gconvfifo.rf/grf.rf/rstblk/rst_wr_reg2
    SLICE_X26Y49         LUT3 (Prop_lut3_I2_O)        0.099     1.332 f  design_1_i/cg_fpga_0/inst/axi_interconnect_0/m00_couplers/auto_pc/inst/gen_axi4_axi3.axi3_conv_inst/USE_WRITE.write_addr_inst/USE_BURSTS.cmd_queue/inst/fifo_gen_inst/inst_fifo_gen/gconvfifo.rf/grf.rf/rstblk/gc0.count_d1[4]_i_2/O
                         net (fo=32, routed)          0.212     1.544    design_1_i/cg_fpga_0/inst/axi_interconnect_0/m00_couplers/auto_pc/inst/gen_axi4_axi3.axi3_conv_inst/USE_WRITE.write_addr_inst/USE_BURSTS.cmd_queue/inst/fifo_gen_inst/inst_fifo_gen/gconvfifo.rf/grf.rf/gntv_or_sync_fifo.gl0.rd/rpntr/gc0.count_d1_reg[0]_0
    SLICE_X25Y49         FDCE                                         f  design_1_i/cg_fpga_0/inst/axi_interconnect_0/m00_couplers/auto_pc/inst/gen_axi4_axi3.axi3_conv_inst/USE_WRITE.write_addr_inst/USE_BURSTS.cmd_queue/inst/fifo_gen_inst/inst_fifo_gen/gconvfifo.rf/grf.rf/gntv_or_sync_fifo.gl0.rd/rpntr/gc0.count_reg[2]/CLR
  -------------------------------------------------------------------    -------------------

                         (clock clk_fpga_0 rise edge)
                                                      0.000     0.000 r  
    PS7_X0Y0             PS7                          0.000     0.000 r  design_1_i/cg_fpga_0/inst/processing_system7_0/inst/PS7_i/FCLKCLK[0]
                         net (fo=1, routed)           0.337     0.337    design_1_i/cg_fpga_0/inst/processing_system7_0/inst/FCLK_CLK_unbuffered[0]
    BUFGCTRL_X0Y16       BUFG (Prop_bufg_I_O)         0.029     0.366 r  design_1_i/cg_fpga_0/inst/processing_system7_0/inst/buffer_fclk_clk_0.FCLK_CLK_0_BUFG/O
                         net (fo=7383, routed)        0.860     1.226    design_1_i/cg_fpga_0/inst/axi_interconnect_0/m00_couplers/auto_pc/inst/gen_axi4_axi3.axi3_conv_inst/USE_WRITE.write_addr_inst/USE_BURSTS.cmd_queue/inst/fifo_gen_inst/inst_fifo_gen/gconvfifo.rf/grf.rf/gntv_or_sync_fifo.gl0.rd/rpntr/clk
    SLICE_X25Y49         FDCE                                         r  design_1_i/cg_fpga_0/inst/axi_interconnect_0/m00_couplers/auto_pc/inst/gen_axi4_axi3.axi3_conv_inst/USE_WRITE.write_addr_inst/USE_BURSTS.cmd_queue/inst/fifo_gen_inst/inst_fifo_gen/gconvfifo.rf/grf.rf/gntv_or_sync_fifo.gl0.rd/rpntr/gc0.count_reg[2]/C
                         clock pessimism             -0.030     1.196    
    SLICE_X25Y49         FDCE (Remov_fdce_C_CLR)     -0.092     1.104    design_1_i/cg_fpga_0/inst/axi_interconnect_0/m00_couplers/auto_pc/inst/gen_axi4_axi3.axi3_conv_inst/USE_WRITE.write_addr_inst/USE_BURSTS.cmd_queue/inst/fifo_gen_inst/inst_fifo_gen/gconvfifo.rf/grf.rf/gntv_or_sync_fifo.gl0.rd/rpntr/gc0.count_reg[2]
  -------------------------------------------------------------------
                         required time                         -1.104    
                         arrival time                           1.544    
  -------------------------------------------------------------------
                         slack                                  0.440    

Slack (MET) :             0.445ns  (arrival time - required time)
  Source:                 design_1_i/cg_fpga_0/inst/axi_interconnect_0/m00_couplers/auto_pc/inst/gen_axi4_axi3.axi3_conv_inst/USE_WRITE.write_addr_inst/USE_BURSTS.cmd_queue/inst/fifo_gen_inst/inst_fifo_gen/gconvfifo.rf/grf.rf/rstblk/ngwrdrst.grst.g7serrst.gnsckt_wrst.rst_wr_reg2_inst/arststages_ff_reg[1]/C
                            (rising edge-triggered cell FDPE clocked by clk_fpga_0  {rise@0.000ns fall@5.000ns period=10.000ns})
  Destination:            design_1_i/cg_fpga_0/inst/axi_interconnect_0/m00_couplers/auto_pc/inst/gen_axi4_axi3.axi3_conv_inst/USE_WRITE.write_addr_inst/USE_BURSTS.cmd_queue/inst/fifo_gen_inst/inst_fifo_gen/gconvfifo.rf/grf.rf/gntv_or_sync_fifo.gl0.wr/wpntr/gcc0.gc0.count_d1_reg[0]/CLR
                            (removal check against rising-edge clock clk_fpga_0  {rise@0.000ns fall@5.000ns period=10.000ns})
  Path Group:             **async_default**
  Path Type:              Removal (Min at Fast Process Corner)
  Requirement:            0.000ns  (clk_fpga_0 rise@0.000ns - clk_fpga_0 rise@0.000ns)
  Data Path Delay:        0.639ns  (logic 0.227ns (35.527%)  route 0.412ns (64.473%))
  Logic Levels:           1  (LUT3=1)
  Clock Path Skew:        0.286ns (DCD - SCD - CPR)
    Destination Clock Delay (DCD):    1.226ns
    Source Clock Delay      (SCD):    0.910ns
    Clock Pessimism Removal (CPR):    0.030ns

    Location             Delay type                Incr(ns)  Path(ns)    Netlist Resource(s)
  -------------------------------------------------------------------    -------------------
                         (clock clk_fpga_0 rise edge)
                                                      0.000     0.000 r  
    PS7_X0Y0             PS7                          0.000     0.000 r  design_1_i/cg_fpga_0/inst/processing_system7_0/inst/PS7_i/FCLKCLK[0]
                         net (fo=1, routed)           0.310     0.310    design_1_i/cg_fpga_0/inst/processing_system7_0/inst/FCLK_CLK_unbuffered[0]
    BUFGCTRL_X0Y16       BUFG (Prop_bufg_I_O)         0.026     0.336 r  design_1_i/cg_fpga_0/inst/processing_system7_0/inst/buffer_fclk_clk_0.FCLK_CLK_0_BUFG/O
                         net (fo=7383, routed)        0.574     0.910    design_1_i/cg_fpga_0/inst/axi_interconnect_0/m00_couplers/auto_pc/inst/gen_axi4_axi3.axi3_conv_inst/USE_WRITE.write_addr_inst/USE_BURSTS.cmd_queue/inst/fifo_gen_inst/inst_fifo_gen/gconvfifo.rf/grf.rf/rstblk/ngwrdrst.grst.g7serrst.gnsckt_wrst.rst_wr_reg2_inst/dest_clk
    SLICE_X27Y50         FDPE                                         r  design_1_i/cg_fpga_0/inst/axi_interconnect_0/m00_couplers/auto_pc/inst/gen_axi4_axi3.axi3_conv_inst/USE_WRITE.write_addr_inst/USE_BURSTS.cmd_queue/inst/fifo_gen_inst/inst_fifo_gen/gconvfifo.rf/grf.rf/rstblk/ngwrdrst.grst.g7serrst.gnsckt_wrst.rst_wr_reg2_inst/arststages_ff_reg[1]/C
  -------------------------------------------------------------------    -------------------
    SLICE_X27Y50         FDPE (Prop_fdpe_C_Q)         0.128     1.038 f  design_1_i/cg_fpga_0/inst/axi_interconnect_0/m00_couplers/auto_pc/inst/gen_axi4_axi3.axi3_conv_inst/USE_WRITE.write_addr_inst/USE_BURSTS.cmd_queue/inst/fifo_gen_inst/inst_fifo_gen/gconvfifo.rf/grf.rf/rstblk/ngwrdrst.grst.g7serrst.gnsckt_wrst.rst_wr_reg2_inst/arststages_ff_reg[1]/Q
                         net (fo=3, routed)           0.195     1.233    design_1_i/cg_fpga_0/inst/axi_interconnect_0/m00_couplers/auto_pc/inst/gen_axi4_axi3.axi3_conv_inst/USE_WRITE.write_addr_inst/USE_BURSTS.cmd_queue/inst/fifo_gen_inst/inst_fifo_gen/gconvfifo.rf/grf.rf/rstblk/rst_wr_reg2
    SLICE_X26Y49         LUT3 (Prop_lut3_I2_O)        0.099     1.332 f  design_1_i/cg_fpga_0/inst/axi_interconnect_0/m00_couplers/auto_pc/inst/gen_axi4_axi3.axi3_conv_inst/USE_WRITE.write_addr_inst/USE_BURSTS.cmd_queue/inst/fifo_gen_inst/inst_fifo_gen/gconvfifo.rf/grf.rf/rstblk/gc0.count_d1[4]_i_2/O
                         net (fo=32, routed)          0.217     1.549    design_1_i/cg_fpga_0/inst/axi_interconnect_0/m00_couplers/auto_pc/inst/gen_axi4_axi3.axi3_conv_inst/USE_WRITE.write_addr_inst/USE_BURSTS.cmd_queue/inst/fifo_gen_inst/inst_fifo_gen/gconvfifo.rf/grf.rf/gntv_or_sync_fifo.gl0.wr/wpntr/AR[0]
    SLICE_X24Y49         FDCE                                         f  design_1_i/cg_fpga_0/inst/axi_interconnect_0/m00_couplers/auto_pc/inst/gen_axi4_axi3.axi3_conv_inst/USE_WRITE.write_addr_inst/USE_BURSTS.cmd_queue/inst/fifo_gen_inst/inst_fifo_gen/gconvfifo.rf/grf.rf/gntv_or_sync_fifo.gl0.wr/wpntr/gcc0.gc0.count_d1_reg[0]/CLR
  -------------------------------------------------------------------    -------------------

                         (clock clk_fpga_0 rise edge)
                                                      0.000     0.000 r  
    PS7_X0Y0             PS7                          0.000     0.000 r  design_1_i/cg_fpga_0/inst/processing_system7_0/inst/PS7_i/FCLKCLK[0]
                         net (fo=1, routed)           0.337     0.337    design_1_i/cg_fpga_0/inst/processing_system7_0/inst/FCLK_CLK_unbuffered[0]
    BUFGCTRL_X0Y16       BUFG (Prop_bufg_I_O)         0.029     0.366 r  design_1_i/cg_fpga_0/inst/processing_system7_0/inst/buffer_fclk_clk_0.FCLK_CLK_0_BUFG/O
                         net (fo=7383, routed)        0.860     1.226    design_1_i/cg_fpga_0/inst/axi_interconnect_0/m00_couplers/auto_pc/inst/gen_axi4_axi3.axi3_conv_inst/USE_WRITE.write_addr_inst/USE_BURSTS.cmd_queue/inst/fifo_gen_inst/inst_fifo_gen/gconvfifo.rf/grf.rf/gntv_or_sync_fifo.gl0.wr/wpntr/clk
    SLICE_X24Y49         FDCE                                         r  design_1_i/cg_fpga_0/inst/axi_interconnect_0/m00_couplers/auto_pc/inst/gen_axi4_axi3.axi3_conv_inst/USE_WRITE.write_addr_inst/USE_BURSTS.cmd_queue/inst/fifo_gen_inst/inst_fifo_gen/gconvfifo.rf/grf.rf/gntv_or_sync_fifo.gl0.wr/wpntr/gcc0.gc0.count_d1_reg[0]/C
                         clock pessimism             -0.030     1.196    
    SLICE_X24Y49         FDCE (Remov_fdce_C_CLR)     -0.092     1.104    design_1_i/cg_fpga_0/inst/axi_interconnect_0/m00_couplers/auto_pc/inst/gen_axi4_axi3.axi3_conv_inst/USE_WRITE.write_addr_inst/USE_BURSTS.cmd_queue/inst/fifo_gen_inst/inst_fifo_gen/gconvfifo.rf/grf.rf/gntv_or_sync_fifo.gl0.wr/wpntr/gcc0.gc0.count_d1_reg[0]
  -------------------------------------------------------------------
                         required time                         -1.104    
                         arrival time                           1.549    
  -------------------------------------------------------------------
                         slack                                  0.445    

Slack (MET) :             0.445ns  (arrival time - required time)
  Source:                 design_1_i/cg_fpga_0/inst/axi_interconnect_0/m00_couplers/auto_pc/inst/gen_axi4_axi3.axi3_conv_inst/USE_WRITE.write_addr_inst/USE_BURSTS.cmd_queue/inst/fifo_gen_inst/inst_fifo_gen/gconvfifo.rf/grf.rf/rstblk/ngwrdrst.grst.g7serrst.gnsckt_wrst.rst_wr_reg2_inst/arststages_ff_reg[1]/C
                            (rising edge-triggered cell FDPE clocked by clk_fpga_0  {rise@0.000ns fall@5.000ns period=10.000ns})
  Destination:            design_1_i/cg_fpga_0/inst/axi_interconnect_0/m00_couplers/auto_pc/inst/gen_axi4_axi3.axi3_conv_inst/USE_WRITE.write_addr_inst/USE_BURSTS.cmd_queue/inst/fifo_gen_inst/inst_fifo_gen/gconvfifo.rf/grf.rf/gntv_or_sync_fifo.gl0.wr/wpntr/gcc0.gc0.count_d1_reg[1]/CLR
                            (removal check against rising-edge clock clk_fpga_0  {rise@0.000ns fall@5.000ns period=10.000ns})
  Path Group:             **async_default**
  Path Type:              Removal (Min at Fast Process Corner)
  Requirement:            0.000ns  (clk_fpga_0 rise@0.000ns - clk_fpga_0 rise@0.000ns)
  Data Path Delay:        0.639ns  (logic 0.227ns (35.527%)  route 0.412ns (64.473%))
  Logic Levels:           1  (LUT3=1)
  Clock Path Skew:        0.286ns (DCD - SCD - CPR)
    Destination Clock Delay (DCD):    1.226ns
    Source Clock Delay      (SCD):    0.910ns
    Clock Pessimism Removal (CPR):    0.030ns

    Location             Delay type                Incr(ns)  Path(ns)    Netlist Resource(s)
  -------------------------------------------------------------------    -------------------
                         (clock clk_fpga_0 rise edge)
                                                      0.000     0.000 r  
    PS7_X0Y0             PS7                          0.000     0.000 r  design_1_i/cg_fpga_0/inst/processing_system7_0/inst/PS7_i/FCLKCLK[0]
                         net (fo=1, routed)           0.310     0.310    design_1_i/cg_fpga_0/inst/processing_system7_0/inst/FCLK_CLK_unbuffered[0]
    BUFGCTRL_X0Y16       BUFG (Prop_bufg_I_O)         0.026     0.336 r  design_1_i/cg_fpga_0/inst/processing_system7_0/inst/buffer_fclk_clk_0.FCLK_CLK_0_BUFG/O
                         net (fo=7383, routed)        0.574     0.910    design_1_i/cg_fpga_0/inst/axi_interconnect_0/m00_couplers/auto_pc/inst/gen_axi4_axi3.axi3_conv_inst/USE_WRITE.write_addr_inst/USE_BURSTS.cmd_queue/inst/fifo_gen_inst/inst_fifo_gen/gconvfifo.rf/grf.rf/rstblk/ngwrdrst.grst.g7serrst.gnsckt_wrst.rst_wr_reg2_inst/dest_clk
    SLICE_X27Y50         FDPE                                         r  design_1_i/cg_fpga_0/inst/axi_interconnect_0/m00_couplers/auto_pc/inst/gen_axi4_axi3.axi3_conv_inst/USE_WRITE.write_addr_inst/USE_BURSTS.cmd_queue/inst/fifo_gen_inst/inst_fifo_gen/gconvfifo.rf/grf.rf/rstblk/ngwrdrst.grst.g7serrst.gnsckt_wrst.rst_wr_reg2_inst/arststages_ff_reg[1]/C
  -------------------------------------------------------------------    -------------------
    SLICE_X27Y50         FDPE (Prop_fdpe_C_Q)         0.128     1.038 f  design_1_i/cg_fpga_0/inst/axi_interconnect_0/m00_couplers/auto_pc/inst/gen_axi4_axi3.axi3_conv_inst/USE_WRITE.write_addr_inst/USE_BURSTS.cmd_queue/inst/fifo_gen_inst/inst_fifo_gen/gconvfifo.rf/grf.rf/rstblk/ngwrdrst.grst.g7serrst.gnsckt_wrst.rst_wr_reg2_inst/arststages_ff_reg[1]/Q
                         net (fo=3, routed)           0.195     1.233    design_1_i/cg_fpga_0/inst/axi_interconnect_0/m00_couplers/auto_pc/inst/gen_axi4_axi3.axi3_conv_inst/USE_WRITE.write_addr_inst/USE_BURSTS.cmd_queue/inst/fifo_gen_inst/inst_fifo_gen/gconvfifo.rf/grf.rf/rstblk/rst_wr_reg2
    SLICE_X26Y49         LUT3 (Prop_lut3_I2_O)        0.099     1.332 f  design_1_i/cg_fpga_0/inst/axi_interconnect_0/m00_couplers/auto_pc/inst/gen_axi4_axi3.axi3_conv_inst/USE_WRITE.write_addr_inst/USE_BURSTS.cmd_queue/inst/fifo_gen_inst/inst_fifo_gen/gconvfifo.rf/grf.rf/rstblk/gc0.count_d1[4]_i_2/O
                         net (fo=32, routed)          0.217     1.549    design_1_i/cg_fpga_0/inst/axi_interconnect_0/m00_couplers/auto_pc/inst/gen_axi4_axi3.axi3_conv_inst/USE_WRITE.write_addr_inst/USE_BURSTS.cmd_queue/inst/fifo_gen_inst/inst_fifo_gen/gconvfifo.rf/grf.rf/gntv_or_sync_fifo.gl0.wr/wpntr/AR[0]
    SLICE_X24Y49         FDCE                                         f  design_1_i/cg_fpga_0/inst/axi_interconnect_0/m00_couplers/auto_pc/inst/gen_axi4_axi3.axi3_conv_inst/USE_WRITE.write_addr_inst/USE_BURSTS.cmd_queue/inst/fifo_gen_inst/inst_fifo_gen/gconvfifo.rf/grf.rf/gntv_or_sync_fifo.gl0.wr/wpntr/gcc0.gc0.count_d1_reg[1]/CLR
  -------------------------------------------------------------------    -------------------

                         (clock clk_fpga_0 rise edge)
                                                      0.000     0.000 r  
    PS7_X0Y0             PS7                          0.000     0.000 r  design_1_i/cg_fpga_0/inst/processing_system7_0/inst/PS7_i/FCLKCLK[0]
                         net (fo=1, routed)           0.337     0.337    design_1_i/cg_fpga_0/inst/processing_system7_0/inst/FCLK_CLK_unbuffered[0]
    BUFGCTRL_X0Y16       BUFG (Prop_bufg_I_O)         0.029     0.366 r  design_1_i/cg_fpga_0/inst/processing_system7_0/inst/buffer_fclk_clk_0.FCLK_CLK_0_BUFG/O
                         net (fo=7383, routed)        0.860     1.226    design_1_i/cg_fpga_0/inst/axi_interconnect_0/m00_couplers/auto_pc/inst/gen_axi4_axi3.axi3_conv_inst/USE_WRITE.write_addr_inst/USE_BURSTS.cmd_queue/inst/fifo_gen_inst/inst_fifo_gen/gconvfifo.rf/grf.rf/gntv_or_sync_fifo.gl0.wr/wpntr/clk
    SLICE_X24Y49         FDCE                                         r  design_1_i/cg_fpga_0/inst/axi_interconnect_0/m00_couplers/auto_pc/inst/gen_axi4_axi3.axi3_conv_inst/USE_WRITE.write_addr_inst/USE_BURSTS.cmd_queue/inst/fifo_gen_inst/inst_fifo_gen/gconvfifo.rf/grf.rf/gntv_or_sync_fifo.gl0.wr/wpntr/gcc0.gc0.count_d1_reg[1]/C
                         clock pessimism             -0.030     1.196    
    SLICE_X24Y49         FDCE (Remov_fdce_C_CLR)     -0.092     1.104    design_1_i/cg_fpga_0/inst/axi_interconnect_0/m00_couplers/auto_pc/inst/gen_axi4_axi3.axi3_conv_inst/USE_WRITE.write_addr_inst/USE_BURSTS.cmd_queue/inst/fifo_gen_inst/inst_fifo_gen/gconvfifo.rf/grf.rf/gntv_or_sync_fifo.gl0.wr/wpntr/gcc0.gc0.count_d1_reg[1]
  -------------------------------------------------------------------
                         required time                         -1.104    
                         arrival time                           1.549    
  -------------------------------------------------------------------
                         slack                                  0.445    

Slack (MET) :             0.445ns  (arrival time - required time)
  Source:                 design_1_i/cg_fpga_0/inst/axi_interconnect_0/m00_couplers/auto_pc/inst/gen_axi4_axi3.axi3_conv_inst/USE_WRITE.write_addr_inst/USE_BURSTS.cmd_queue/inst/fifo_gen_inst/inst_fifo_gen/gconvfifo.rf/grf.rf/rstblk/ngwrdrst.grst.g7serrst.gnsckt_wrst.rst_wr_reg2_inst/arststages_ff_reg[1]/C
                            (rising edge-triggered cell FDPE clocked by clk_fpga_0  {rise@0.000ns fall@5.000ns period=10.000ns})
  Destination:            design_1_i/cg_fpga_0/inst/axi_interconnect_0/m00_couplers/auto_pc/inst/gen_axi4_axi3.axi3_conv_inst/USE_WRITE.write_addr_inst/USE_BURSTS.cmd_queue/inst/fifo_gen_inst/inst_fifo_gen/gconvfifo.rf/grf.rf/gntv_or_sync_fifo.gl0.wr/wpntr/gcc0.gc0.count_d1_reg[2]/CLR
                            (removal check against rising-edge clock clk_fpga_0  {rise@0.000ns fall@5.000ns period=10.000ns})
  Path Group:             **async_default**
  Path Type:              Removal (Min at Fast Process Corner)
  Requirement:            0.000ns  (clk_fpga_0 rise@0.000ns - clk_fpga_0 rise@0.000ns)
  Data Path Delay:        0.639ns  (logic 0.227ns (35.527%)  route 0.412ns (64.473%))
  Logic Levels:           1  (LUT3=1)
  Clock Path Skew:        0.286ns (DCD - SCD - CPR)
    Destination Clock Delay (DCD):    1.226ns
    Source Clock Delay      (SCD):    0.910ns
    Clock Pessimism Removal (CPR):    0.030ns

    Location             Delay type                Incr(ns)  Path(ns)    Netlist Resource(s)
  -------------------------------------------------------------------    -------------------
                         (clock clk_fpga_0 rise edge)
                                                      0.000     0.000 r  
    PS7_X0Y0             PS7                          0.000     0.000 r  design_1_i/cg_fpga_0/inst/processing_system7_0/inst/PS7_i/FCLKCLK[0]
                         net (fo=1, routed)           0.310     0.310    design_1_i/cg_fpga_0/inst/processing_system7_0/inst/FCLK_CLK_unbuffered[0]
    BUFGCTRL_X0Y16       BUFG (Prop_bufg_I_O)         0.026     0.336 r  design_1_i/cg_fpga_0/inst/processing_system7_0/inst/buffer_fclk_clk_0.FCLK_CLK_0_BUFG/O
                         net (fo=7383, routed)        0.574     0.910    design_1_i/cg_fpga_0/inst/axi_interconnect_0/m00_couplers/auto_pc/inst/gen_axi4_axi3.axi3_conv_inst/USE_WRITE.write_addr_inst/USE_BURSTS.cmd_queue/inst/fifo_gen_inst/inst_fifo_gen/gconvfifo.rf/grf.rf/rstblk/ngwrdrst.grst.g7serrst.gnsckt_wrst.rst_wr_reg2_inst/dest_clk
    SLICE_X27Y50         FDPE                                         r  design_1_i/cg_fpga_0/inst/axi_interconnect_0/m00_couplers/auto_pc/inst/gen_axi4_axi3.axi3_conv_inst/USE_WRITE.write_addr_inst/USE_BURSTS.cmd_queue/inst/fifo_gen_inst/inst_fifo_gen/gconvfifo.rf/grf.rf/rstblk/ngwrdrst.grst.g7serrst.gnsckt_wrst.rst_wr_reg2_inst/arststages_ff_reg[1]/C
  -------------------------------------------------------------------    -------------------
    SLICE_X27Y50         FDPE (Prop_fdpe_C_Q)         0.128     1.038 f  design_1_i/cg_fpga_0/inst/axi_interconnect_0/m00_couplers/auto_pc/inst/gen_axi4_axi3.axi3_conv_inst/USE_WRITE.write_addr_inst/USE_BURSTS.cmd_queue/inst/fifo_gen_inst/inst_fifo_gen/gconvfifo.rf/grf.rf/rstblk/ngwrdrst.grst.g7serrst.gnsckt_wrst.rst_wr_reg2_inst/arststages_ff_reg[1]/Q
                         net (fo=3, routed)           0.195     1.233    design_1_i/cg_fpga_0/inst/axi_interconnect_0/m00_couplers/auto_pc/inst/gen_axi4_axi3.axi3_conv_inst/USE_WRITE.write_addr_inst/USE_BURSTS.cmd_queue/inst/fifo_gen_inst/inst_fifo_gen/gconvfifo.rf/grf.rf/rstblk/rst_wr_reg2
    SLICE_X26Y49         LUT3 (Prop_lut3_I2_O)        0.099     1.332 f  design_1_i/cg_fpga_0/inst/axi_interconnect_0/m00_couplers/auto_pc/inst/gen_axi4_axi3.axi3_conv_inst/USE_WRITE.write_addr_inst/USE_BURSTS.cmd_queue/inst/fifo_gen_inst/inst_fifo_gen/gconvfifo.rf/grf.rf/rstblk/gc0.count_d1[4]_i_2/O
                         net (fo=32, routed)          0.217     1.549    design_1_i/cg_fpga_0/inst/axi_interconnect_0/m00_couplers/auto_pc/inst/gen_axi4_axi3.axi3_conv_inst/USE_WRITE.write_addr_inst/USE_BURSTS.cmd_queue/inst/fifo_gen_inst/inst_fifo_gen/gconvfifo.rf/grf.rf/gntv_or_sync_fifo.gl0.wr/wpntr/AR[0]
    SLICE_X24Y49         FDCE                                         f  design_1_i/cg_fpga_0/inst/axi_interconnect_0/m00_couplers/auto_pc/inst/gen_axi4_axi3.axi3_conv_inst/USE_WRITE.write_addr_inst/USE_BURSTS.cmd_queue/inst/fifo_gen_inst/inst_fifo_gen/gconvfifo.rf/grf.rf/gntv_or_sync_fifo.gl0.wr/wpntr/gcc0.gc0.count_d1_reg[2]/CLR
  -------------------------------------------------------------------    -------------------

                         (clock clk_fpga_0 rise edge)
                                                      0.000     0.000 r  
    PS7_X0Y0             PS7                          0.000     0.000 r  design_1_i/cg_fpga_0/inst/processing_system7_0/inst/PS7_i/FCLKCLK[0]
                         net (fo=1, routed)           0.337     0.337    design_1_i/cg_fpga_0/inst/processing_system7_0/inst/FCLK_CLK_unbuffered[0]
    BUFGCTRL_X0Y16       BUFG (Prop_bufg_I_O)         0.029     0.366 r  design_1_i/cg_fpga_0/inst/processing_system7_0/inst/buffer_fclk_clk_0.FCLK_CLK_0_BUFG/O
                         net (fo=7383, routed)        0.860     1.226    design_1_i/cg_fpga_0/inst/axi_interconnect_0/m00_couplers/auto_pc/inst/gen_axi4_axi3.axi3_conv_inst/USE_WRITE.write_addr_inst/USE_BURSTS.cmd_queue/inst/fifo_gen_inst/inst_fifo_gen/gconvfifo.rf/grf.rf/gntv_or_sync_fifo.gl0.wr/wpntr/clk
    SLICE_X24Y49         FDCE                                         r  design_1_i/cg_fpga_0/inst/axi_interconnect_0/m00_couplers/auto_pc/inst/gen_axi4_axi3.axi3_conv_inst/USE_WRITE.write_addr_inst/USE_BURSTS.cmd_queue/inst/fifo_gen_inst/inst_fifo_gen/gconvfifo.rf/grf.rf/gntv_or_sync_fifo.gl0.wr/wpntr/gcc0.gc0.count_d1_reg[2]/C
                         clock pessimism             -0.030     1.196    
    SLICE_X24Y49         FDCE (Remov_fdce_C_CLR)     -0.092     1.104    design_1_i/cg_fpga_0/inst/axi_interconnect_0/m00_couplers/auto_pc/inst/gen_axi4_axi3.axi3_conv_inst/USE_WRITE.write_addr_inst/USE_BURSTS.cmd_queue/inst/fifo_gen_inst/inst_fifo_gen/gconvfifo.rf/grf.rf/gntv_or_sync_fifo.gl0.wr/wpntr/gcc0.gc0.count_d1_reg[2]
  -------------------------------------------------------------------
                         required time                         -1.104    
                         arrival time                           1.549    
  -------------------------------------------------------------------
                         slack                                  0.445    

Slack (MET) :             0.445ns  (arrival time - required time)
  Source:                 design_1_i/cg_fpga_0/inst/axi_interconnect_0/m00_couplers/auto_pc/inst/gen_axi4_axi3.axi3_conv_inst/USE_WRITE.write_addr_inst/USE_BURSTS.cmd_queue/inst/fifo_gen_inst/inst_fifo_gen/gconvfifo.rf/grf.rf/rstblk/ngwrdrst.grst.g7serrst.gnsckt_wrst.rst_wr_reg2_inst/arststages_ff_reg[1]/C
                            (rising edge-triggered cell FDPE clocked by clk_fpga_0  {rise@0.000ns fall@5.000ns period=10.000ns})
  Destination:            design_1_i/cg_fpga_0/inst/axi_interconnect_0/m00_couplers/auto_pc/inst/gen_axi4_axi3.axi3_conv_inst/USE_WRITE.write_addr_inst/USE_BURSTS.cmd_queue/inst/fifo_gen_inst/inst_fifo_gen/gconvfifo.rf/grf.rf/gntv_or_sync_fifo.gl0.wr/wpntr/gcc0.gc0.count_reg[1]/CLR
                            (removal check against rising-edge clock clk_fpga_0  {rise@0.000ns fall@5.000ns period=10.000ns})
  Path Group:             **async_default**
  Path Type:              Removal (Min at Fast Process Corner)
  Requirement:            0.000ns  (clk_fpga_0 rise@0.000ns - clk_fpga_0 rise@0.000ns)
  Data Path Delay:        0.639ns  (logic 0.227ns (35.527%)  route 0.412ns (64.473%))
  Logic Levels:           1  (LUT3=1)
  Clock Path Skew:        0.286ns (DCD - SCD - CPR)
    Destination Clock Delay (DCD):    1.226ns
    Source Clock Delay      (SCD):    0.910ns
    Clock Pessimism Removal (CPR):    0.030ns

    Location             Delay type                Incr(ns)  Path(ns)    Netlist Resource(s)
  -------------------------------------------------------------------    -------------------
                         (clock clk_fpga_0 rise edge)
                                                      0.000     0.000 r  
    PS7_X0Y0             PS7                          0.000     0.000 r  design_1_i/cg_fpga_0/inst/processing_system7_0/inst/PS7_i/FCLKCLK[0]
                         net (fo=1, routed)           0.310     0.310    design_1_i/cg_fpga_0/inst/processing_system7_0/inst/FCLK_CLK_unbuffered[0]
    BUFGCTRL_X0Y16       BUFG (Prop_bufg_I_O)         0.026     0.336 r  design_1_i/cg_fpga_0/inst/processing_system7_0/inst/buffer_fclk_clk_0.FCLK_CLK_0_BUFG/O
                         net (fo=7383, routed)        0.574     0.910    design_1_i/cg_fpga_0/inst/axi_interconnect_0/m00_couplers/auto_pc/inst/gen_axi4_axi3.axi3_conv_inst/USE_WRITE.write_addr_inst/USE_BURSTS.cmd_queue/inst/fifo_gen_inst/inst_fifo_gen/gconvfifo.rf/grf.rf/rstblk/ngwrdrst.grst.g7serrst.gnsckt_wrst.rst_wr_reg2_inst/dest_clk
    SLICE_X27Y50         FDPE                                         r  design_1_i/cg_fpga_0/inst/axi_interconnect_0/m00_couplers/auto_pc/inst/gen_axi4_axi3.axi3_conv_inst/USE_WRITE.write_addr_inst/USE_BURSTS.cmd_queue/inst/fifo_gen_inst/inst_fifo_gen/gconvfifo.rf/grf.rf/rstblk/ngwrdrst.grst.g7serrst.gnsckt_wrst.rst_wr_reg2_inst/arststages_ff_reg[1]/C
  -------------------------------------------------------------------    -------------------
    SLICE_X27Y50         FDPE (Prop_fdpe_C_Q)         0.128     1.038 f  design_1_i/cg_fpga_0/inst/axi_interconnect_0/m00_couplers/auto_pc/inst/gen_axi4_axi3.axi3_conv_inst/USE_WRITE.write_addr_inst/USE_BURSTS.cmd_queue/inst/fifo_gen_inst/inst_fifo_gen/gconvfifo.rf/grf.rf/rstblk/ngwrdrst.grst.g7serrst.gnsckt_wrst.rst_wr_reg2_inst/arststages_ff_reg[1]/Q
                         net (fo=3, routed)           0.195     1.233    design_1_i/cg_fpga_0/inst/axi_interconnect_0/m00_couplers/auto_pc/inst/gen_axi4_axi3.axi3_conv_inst/USE_WRITE.write_addr_inst/USE_BURSTS.cmd_queue/inst/fifo_gen_inst/inst_fifo_gen/gconvfifo.rf/grf.rf/rstblk/rst_wr_reg2
    SLICE_X26Y49         LUT3 (Prop_lut3_I2_O)        0.099     1.332 f  design_1_i/cg_fpga_0/inst/axi_interconnect_0/m00_couplers/auto_pc/inst/gen_axi4_axi3.axi3_conv_inst/USE_WRITE.write_addr_inst/USE_BURSTS.cmd_queue/inst/fifo_gen_inst/inst_fifo_gen/gconvfifo.rf/grf.rf/rstblk/gc0.count_d1[4]_i_2/O
                         net (fo=32, routed)          0.217     1.549    design_1_i/cg_fpga_0/inst/axi_interconnect_0/m00_couplers/auto_pc/inst/gen_axi4_axi3.axi3_conv_inst/USE_WRITE.write_addr_inst/USE_BURSTS.cmd_queue/inst/fifo_gen_inst/inst_fifo_gen/gconvfifo.rf/grf.rf/gntv_or_sync_fifo.gl0.wr/wpntr/AR[0]
    SLICE_X24Y49         FDCE                                         f  design_1_i/cg_fpga_0/inst/axi_interconnect_0/m00_couplers/auto_pc/inst/gen_axi4_axi3.axi3_conv_inst/USE_WRITE.write_addr_inst/USE_BURSTS.cmd_queue/inst/fifo_gen_inst/inst_fifo_gen/gconvfifo.rf/grf.rf/gntv_or_sync_fifo.gl0.wr/wpntr/gcc0.gc0.count_reg[1]/CLR
  -------------------------------------------------------------------    -------------------

                         (clock clk_fpga_0 rise edge)
                                                      0.000     0.000 r  
    PS7_X0Y0             PS7                          0.000     0.000 r  design_1_i/cg_fpga_0/inst/processing_system7_0/inst/PS7_i/FCLKCLK[0]
                         net (fo=1, routed)           0.337     0.337    design_1_i/cg_fpga_0/inst/processing_system7_0/inst/FCLK_CLK_unbuffered[0]
    BUFGCTRL_X0Y16       BUFG (Prop_bufg_I_O)         0.029     0.366 r  design_1_i/cg_fpga_0/inst/processing_system7_0/inst/buffer_fclk_clk_0.FCLK_CLK_0_BUFG/O
                         net (fo=7383, routed)        0.860     1.226    design_1_i/cg_fpga_0/inst/axi_interconnect_0/m00_couplers/auto_pc/inst/gen_axi4_axi3.axi3_conv_inst/USE_WRITE.write_addr_inst/USE_BURSTS.cmd_queue/inst/fifo_gen_inst/inst_fifo_gen/gconvfifo.rf/grf.rf/gntv_or_sync_fifo.gl0.wr/wpntr/clk
    SLICE_X24Y49         FDCE                                         r  design_1_i/cg_fpga_0/inst/axi_interconnect_0/m00_couplers/auto_pc/inst/gen_axi4_axi3.axi3_conv_inst/USE_WRITE.write_addr_inst/USE_BURSTS.cmd_queue/inst/fifo_gen_inst/inst_fifo_gen/gconvfifo.rf/grf.rf/gntv_or_sync_fifo.gl0.wr/wpntr/gcc0.gc0.count_reg[1]/C
                         clock pessimism             -0.030     1.196    
    SLICE_X24Y49         FDCE (Remov_fdce_C_CLR)     -0.092     1.104    design_1_i/cg_fpga_0/inst/axi_interconnect_0/m00_couplers/auto_pc/inst/gen_axi4_axi3.axi3_conv_inst/USE_WRITE.write_addr_inst/USE_BURSTS.cmd_queue/inst/fifo_gen_inst/inst_fifo_gen/gconvfifo.rf/grf.rf/gntv_or_sync_fifo.gl0.wr/wpntr/gcc0.gc0.count_reg[1]
  -------------------------------------------------------------------
                         required time                         -1.104    
                         arrival time                           1.549    
  -------------------------------------------------------------------
                         slack                                  0.445    

Slack (MET) :             0.445ns  (arrival time - required time)
  Source:                 design_1_i/cg_fpga_0/inst/axi_interconnect_0/m00_couplers/auto_pc/inst/gen_axi4_axi3.axi3_conv_inst/USE_WRITE.write_addr_inst/USE_BURSTS.cmd_queue/inst/fifo_gen_inst/inst_fifo_gen/gconvfifo.rf/grf.rf/rstblk/ngwrdrst.grst.g7serrst.gnsckt_wrst.rst_wr_reg2_inst/arststages_ff_reg[1]/C
                            (rising edge-triggered cell FDPE clocked by clk_fpga_0  {rise@0.000ns fall@5.000ns period=10.000ns})
  Destination:            design_1_i/cg_fpga_0/inst/axi_interconnect_0/m00_couplers/auto_pc/inst/gen_axi4_axi3.axi3_conv_inst/USE_WRITE.write_addr_inst/USE_BURSTS.cmd_queue/inst/fifo_gen_inst/inst_fifo_gen/gconvfifo.rf/grf.rf/gntv_or_sync_fifo.gl0.wr/wpntr/gcc0.gc0.count_reg[2]/CLR
                            (removal check against rising-edge clock clk_fpga_0  {rise@0.000ns fall@5.000ns period=10.000ns})
  Path Group:             **async_default**
  Path Type:              Removal (Min at Fast Process Corner)
  Requirement:            0.000ns  (clk_fpga_0 rise@0.000ns - clk_fpga_0 rise@0.000ns)
  Data Path Delay:        0.639ns  (logic 0.227ns (35.527%)  route 0.412ns (64.473%))
  Logic Levels:           1  (LUT3=1)
  Clock Path Skew:        0.286ns (DCD - SCD - CPR)
    Destination Clock Delay (DCD):    1.226ns
    Source Clock Delay      (SCD):    0.910ns
    Clock Pessimism Removal (CPR):    0.030ns

    Location             Delay type                Incr(ns)  Path(ns)    Netlist Resource(s)
  -------------------------------------------------------------------    -------------------
                         (clock clk_fpga_0 rise edge)
                                                      0.000     0.000 r  
    PS7_X0Y0             PS7                          0.000     0.000 r  design_1_i/cg_fpga_0/inst/processing_system7_0/inst/PS7_i/FCLKCLK[0]
                         net (fo=1, routed)           0.310     0.310    design_1_i/cg_fpga_0/inst/processing_system7_0/inst/FCLK_CLK_unbuffered[0]
    BUFGCTRL_X0Y16       BUFG (Prop_bufg_I_O)         0.026     0.336 r  design_1_i/cg_fpga_0/inst/processing_system7_0/inst/buffer_fclk_clk_0.FCLK_CLK_0_BUFG/O
                         net (fo=7383, routed)        0.574     0.910    design_1_i/cg_fpga_0/inst/axi_interconnect_0/m00_couplers/auto_pc/inst/gen_axi4_axi3.axi3_conv_inst/USE_WRITE.write_addr_inst/USE_BURSTS.cmd_queue/inst/fifo_gen_inst/inst_fifo_gen/gconvfifo.rf/grf.rf/rstblk/ngwrdrst.grst.g7serrst.gnsckt_wrst.rst_wr_reg2_inst/dest_clk
    SLICE_X27Y50         FDPE                                         r  design_1_i/cg_fpga_0/inst/axi_interconnect_0/m00_couplers/auto_pc/inst/gen_axi4_axi3.axi3_conv_inst/USE_WRITE.write_addr_inst/USE_BURSTS.cmd_queue/inst/fifo_gen_inst/inst_fifo_gen/gconvfifo.rf/grf.rf/rstblk/ngwrdrst.grst.g7serrst.gnsckt_wrst.rst_wr_reg2_inst/arststages_ff_reg[1]/C
  -------------------------------------------------------------------    -------------------
    SLICE_X27Y50         FDPE (Prop_fdpe_C_Q)         0.128     1.038 f  design_1_i/cg_fpga_0/inst/axi_interconnect_0/m00_couplers/auto_pc/inst/gen_axi4_axi3.axi3_conv_inst/USE_WRITE.write_addr_inst/USE_BURSTS.cmd_queue/inst/fifo_gen_inst/inst_fifo_gen/gconvfifo.rf/grf.rf/rstblk/ngwrdrst.grst.g7serrst.gnsckt_wrst.rst_wr_reg2_inst/arststages_ff_reg[1]/Q
                         net (fo=3, routed)           0.195     1.233    design_1_i/cg_fpga_0/inst/axi_interconnect_0/m00_couplers/auto_pc/inst/gen_axi4_axi3.axi3_conv_inst/USE_WRITE.write_addr_inst/USE_BURSTS.cmd_queue/inst/fifo_gen_inst/inst_fifo_gen/gconvfifo.rf/grf.rf/rstblk/rst_wr_reg2
    SLICE_X26Y49         LUT3 (Prop_lut3_I2_O)        0.099     1.332 f  design_1_i/cg_fpga_0/inst/axi_interconnect_0/m00_couplers/auto_pc/inst/gen_axi4_axi3.axi3_conv_inst/USE_WRITE.write_addr_inst/USE_BURSTS.cmd_queue/inst/fifo_gen_inst/inst_fifo_gen/gconvfifo.rf/grf.rf/rstblk/gc0.count_d1[4]_i_2/O
                         net (fo=32, routed)          0.217     1.549    design_1_i/cg_fpga_0/inst/axi_interconnect_0/m00_couplers/auto_pc/inst/gen_axi4_axi3.axi3_conv_inst/USE_WRITE.write_addr_inst/USE_BURSTS.cmd_queue/inst/fifo_gen_inst/inst_fifo_gen/gconvfifo.rf/grf.rf/gntv_or_sync_fifo.gl0.wr/wpntr/AR[0]
    SLICE_X24Y49         FDCE                                         f  design_1_i/cg_fpga_0/inst/axi_interconnect_0/m00_couplers/auto_pc/inst/gen_axi4_axi3.axi3_conv_inst/USE_WRITE.write_addr_inst/USE_BURSTS.cmd_queue/inst/fifo_gen_inst/inst_fifo_gen/gconvfifo.rf/grf.rf/gntv_or_sync_fifo.gl0.wr/wpntr/gcc0.gc0.count_reg[2]/CLR
  -------------------------------------------------------------------    -------------------

                         (clock clk_fpga_0 rise edge)
                                                      0.000     0.000 r  
    PS7_X0Y0             PS7                          0.000     0.000 r  design_1_i/cg_fpga_0/inst/processing_system7_0/inst/PS7_i/FCLKCLK[0]
                         net (fo=1, routed)           0.337     0.337    design_1_i/cg_fpga_0/inst/processing_system7_0/inst/FCLK_CLK_unbuffered[0]
    BUFGCTRL_X0Y16       BUFG (Prop_bufg_I_O)         0.029     0.366 r  design_1_i/cg_fpga_0/inst/processing_system7_0/inst/buffer_fclk_clk_0.FCLK_CLK_0_BUFG/O
                         net (fo=7383, routed)        0.860     1.226    design_1_i/cg_fpga_0/inst/axi_interconnect_0/m00_couplers/auto_pc/inst/gen_axi4_axi3.axi3_conv_inst/USE_WRITE.write_addr_inst/USE_BURSTS.cmd_queue/inst/fifo_gen_inst/inst_fifo_gen/gconvfifo.rf/grf.rf/gntv_or_sync_fifo.gl0.wr/wpntr/clk
    SLICE_X24Y49         FDCE                                         r  design_1_i/cg_fpga_0/inst/axi_interconnect_0/m00_couplers/auto_pc/inst/gen_axi4_axi3.axi3_conv_inst/USE_WRITE.write_addr_inst/USE_BURSTS.cmd_queue/inst/fifo_gen_inst/inst_fifo_gen/gconvfifo.rf/grf.rf/gntv_or_sync_fifo.gl0.wr/wpntr/gcc0.gc0.count_reg[2]/C
                         clock pessimism             -0.030     1.196    
    SLICE_X24Y49         FDCE (Remov_fdce_C_CLR)     -0.092     1.104    design_1_i/cg_fpga_0/inst/axi_interconnect_0/m00_couplers/auto_pc/inst/gen_axi4_axi3.axi3_conv_inst/USE_WRITE.write_addr_inst/USE_BURSTS.cmd_queue/inst/fifo_gen_inst/inst_fifo_gen/gconvfifo.rf/grf.rf/gntv_or_sync_fifo.gl0.wr/wpntr/gcc0.gc0.count_reg[2]
  -------------------------------------------------------------------
                         required time                         -1.104    
                         arrival time                           1.549    
  -------------------------------------------------------------------
                         slack                                  0.445    

Slack (MET) :             0.448ns  (arrival time - required time)
  Source:                 design_1_i/cg_fpga_0/inst/axi_interconnect_0/m00_couplers/auto_pc/inst/gen_axi4_axi3.axi3_conv_inst/USE_WRITE.write_addr_inst/USE_BURSTS.cmd_queue/inst/fifo_gen_inst/inst_fifo_gen/gconvfifo.rf/grf.rf/rstblk/ngwrdrst.grst.g7serrst.gnsckt_wrst.rst_wr_reg2_inst/arststages_ff_reg[1]/C
                            (rising edge-triggered cell FDPE clocked by clk_fpga_0  {rise@0.000ns fall@5.000ns period=10.000ns})
  Destination:            design_1_i/cg_fpga_0/inst/axi_interconnect_0/m00_couplers/auto_pc/inst/gen_axi4_axi3.axi3_conv_inst/USE_WRITE.write_addr_inst/USE_BURSTS.cmd_queue/inst/fifo_gen_inst/inst_fifo_gen/gconvfifo.rf/grf.rf/gntv_or_sync_fifo.gl0.wr/wpntr/gcc0.gc0.count_reg[0]/PRE
                            (removal check against rising-edge clock clk_fpga_0  {rise@0.000ns fall@5.000ns period=10.000ns})
  Path Group:             **async_default**
  Path Type:              Removal (Min at Fast Process Corner)
  Requirement:            0.000ns  (clk_fpga_0 rise@0.000ns - clk_fpga_0 rise@0.000ns)
  Data Path Delay:        0.639ns  (logic 0.227ns (35.527%)  route 0.412ns (64.473%))
  Logic Levels:           1  (LUT3=1)
  Clock Path Skew:        0.286ns (DCD - SCD - CPR)
    Destination Clock Delay (DCD):    1.226ns
    Source Clock Delay      (SCD):    0.910ns
    Clock Pessimism Removal (CPR):    0.030ns

    Location             Delay type                Incr(ns)  Path(ns)    Netlist Resource(s)
  -------------------------------------------------------------------    -------------------
                         (clock clk_fpga_0 rise edge)
                                                      0.000     0.000 r  
    PS7_X0Y0             PS7                          0.000     0.000 r  design_1_i/cg_fpga_0/inst/processing_system7_0/inst/PS7_i/FCLKCLK[0]
                         net (fo=1, routed)           0.310     0.310    design_1_i/cg_fpga_0/inst/processing_system7_0/inst/FCLK_CLK_unbuffered[0]
    BUFGCTRL_X0Y16       BUFG (Prop_bufg_I_O)         0.026     0.336 r  design_1_i/cg_fpga_0/inst/processing_system7_0/inst/buffer_fclk_clk_0.FCLK_CLK_0_BUFG/O
                         net (fo=7383, routed)        0.574     0.910    design_1_i/cg_fpga_0/inst/axi_interconnect_0/m00_couplers/auto_pc/inst/gen_axi4_axi3.axi3_conv_inst/USE_WRITE.write_addr_inst/USE_BURSTS.cmd_queue/inst/fifo_gen_inst/inst_fifo_gen/gconvfifo.rf/grf.rf/rstblk/ngwrdrst.grst.g7serrst.gnsckt_wrst.rst_wr_reg2_inst/dest_clk
    SLICE_X27Y50         FDPE                                         r  design_1_i/cg_fpga_0/inst/axi_interconnect_0/m00_couplers/auto_pc/inst/gen_axi4_axi3.axi3_conv_inst/USE_WRITE.write_addr_inst/USE_BURSTS.cmd_queue/inst/fifo_gen_inst/inst_fifo_gen/gconvfifo.rf/grf.rf/rstblk/ngwrdrst.grst.g7serrst.gnsckt_wrst.rst_wr_reg2_inst/arststages_ff_reg[1]/C
  -------------------------------------------------------------------    -------------------
    SLICE_X27Y50         FDPE (Prop_fdpe_C_Q)         0.128     1.038 f  design_1_i/cg_fpga_0/inst/axi_interconnect_0/m00_couplers/auto_pc/inst/gen_axi4_axi3.axi3_conv_inst/USE_WRITE.write_addr_inst/USE_BURSTS.cmd_queue/inst/fifo_gen_inst/inst_fifo_gen/gconvfifo.rf/grf.rf/rstblk/ngwrdrst.grst.g7serrst.gnsckt_wrst.rst_wr_reg2_inst/arststages_ff_reg[1]/Q
                         net (fo=3, routed)           0.195     1.233    design_1_i/cg_fpga_0/inst/axi_interconnect_0/m00_couplers/auto_pc/inst/gen_axi4_axi3.axi3_conv_inst/USE_WRITE.write_addr_inst/USE_BURSTS.cmd_queue/inst/fifo_gen_inst/inst_fifo_gen/gconvfifo.rf/grf.rf/rstblk/rst_wr_reg2
    SLICE_X26Y49         LUT3 (Prop_lut3_I2_O)        0.099     1.332 f  design_1_i/cg_fpga_0/inst/axi_interconnect_0/m00_couplers/auto_pc/inst/gen_axi4_axi3.axi3_conv_inst/USE_WRITE.write_addr_inst/USE_BURSTS.cmd_queue/inst/fifo_gen_inst/inst_fifo_gen/gconvfifo.rf/grf.rf/rstblk/gc0.count_d1[4]_i_2/O
                         net (fo=32, routed)          0.217     1.549    design_1_i/cg_fpga_0/inst/axi_interconnect_0/m00_couplers/auto_pc/inst/gen_axi4_axi3.axi3_conv_inst/USE_WRITE.write_addr_inst/USE_BURSTS.cmd_queue/inst/fifo_gen_inst/inst_fifo_gen/gconvfifo.rf/grf.rf/gntv_or_sync_fifo.gl0.wr/wpntr/AR[0]
    SLICE_X24Y49         FDPE                                         f  design_1_i/cg_fpga_0/inst/axi_interconnect_0/m00_couplers/auto_pc/inst/gen_axi4_axi3.axi3_conv_inst/USE_WRITE.write_addr_inst/USE_BURSTS.cmd_queue/inst/fifo_gen_inst/inst_fifo_gen/gconvfifo.rf/grf.rf/gntv_or_sync_fifo.gl0.wr/wpntr/gcc0.gc0.count_reg[0]/PRE
  -------------------------------------------------------------------    -------------------

                         (clock clk_fpga_0 rise edge)
                                                      0.000     0.000 r  
    PS7_X0Y0             PS7                          0.000     0.000 r  design_1_i/cg_fpga_0/inst/processing_system7_0/inst/PS7_i/FCLKCLK[0]
                         net (fo=1, routed)           0.337     0.337    design_1_i/cg_fpga_0/inst/processing_system7_0/inst/FCLK_CLK_unbuffered[0]
    BUFGCTRL_X0Y16       BUFG (Prop_bufg_I_O)         0.029     0.366 r  design_1_i/cg_fpga_0/inst/processing_system7_0/inst/buffer_fclk_clk_0.FCLK_CLK_0_BUFG/O
                         net (fo=7383, routed)        0.860     1.226    design_1_i/cg_fpga_0/inst/axi_interconnect_0/m00_couplers/auto_pc/inst/gen_axi4_axi3.axi3_conv_inst/USE_WRITE.write_addr_inst/USE_BURSTS.cmd_queue/inst/fifo_gen_inst/inst_fifo_gen/gconvfifo.rf/grf.rf/gntv_or_sync_fifo.gl0.wr/wpntr/clk
    SLICE_X24Y49         FDPE                                         r  design_1_i/cg_fpga_0/inst/axi_interconnect_0/m00_couplers/auto_pc/inst/gen_axi4_axi3.axi3_conv_inst/USE_WRITE.write_addr_inst/USE_BURSTS.cmd_queue/inst/fifo_gen_inst/inst_fifo_gen/gconvfifo.rf/grf.rf/gntv_or_sync_fifo.gl0.wr/wpntr/gcc0.gc0.count_reg[0]/C
                         clock pessimism             -0.030     1.196    
    SLICE_X24Y49         FDPE (Remov_fdpe_C_PRE)     -0.095     1.101    design_1_i/cg_fpga_0/inst/axi_interconnect_0/m00_couplers/auto_pc/inst/gen_axi4_axi3.axi3_conv_inst/USE_WRITE.write_addr_inst/USE_BURSTS.cmd_queue/inst/fifo_gen_inst/inst_fifo_gen/gconvfifo.rf/grf.rf/gntv_or_sync_fifo.gl0.wr/wpntr/gcc0.gc0.count_reg[0]
  -------------------------------------------------------------------
                         required time                         -1.101    
                         arrival time                           1.549    
  -------------------------------------------------------------------
                         slack                                  0.448    





---------------------------------------------------------------------------------------------------
Path Group:  **async_default**
From Clock:  clk_out1_design_1_clk_wiz_0_0
  To Clock:  clk_out1_design_1_clk_wiz_0_0

Setup :            0  Failing Endpoints,  Worst Slack        7.924ns,  Total Violation        0.000ns
Hold  :            0  Failing Endpoints,  Worst Slack        2.910ns,  Total Violation        0.000ns
---------------------------------------------------------------------------------------------------


Max Delay Paths
--------------------------------------------------------------------------------------
Slack (MET) :             7.924ns  (required time - arrival time)
  Source:                 design_1_i/top_0/inst/MiniMIPS32_Lite_FullSyS0/rst_n_reg/C
                            (rising edge-triggered cell FDCE clocked by clk_out1_design_1_clk_wiz_0_0  {rise@0.000ns fall@10.000ns period=20.000ns})
  Destination:            design_1_i/top_0/inst/MiniMIPS32_Lite_FullSyS0/sw_1_ff_reg[3]/CLR
                            (recovery check against rising-edge clock clk_out1_design_1_clk_wiz_0_0  {rise@0.000ns fall@10.000ns period=20.000ns})
  Path Group:             **async_default**
  Path Type:              Recovery (Max at Slow Process Corner)
  Requirement:            20.000ns  (clk_out1_design_1_clk_wiz_0_0 rise@20.000ns - clk_out1_design_1_clk_wiz_0_0 rise@0.000ns)
  Data Path Delay:        11.062ns  (logic 0.580ns (5.243%)  route 10.482ns (94.757%))
  Logic Levels:           1  (LUT1=1)
  Clock Path Skew:        -0.525ns (DCD - SCD + CPR)
    Destination Clock Delay (DCD):    1.523ns = ( 21.523 - 20.000 ) 
    Source Clock Delay      (SCD):    2.052ns
    Clock Pessimism Removal (CPR):    0.004ns
  Clock Uncertainty:      0.084ns  ((TSJ^2 + DJ^2)^1/2) / 2 + PE
    Total System Jitter     (TSJ):    0.071ns
    Discrete Jitter          (DJ):    0.152ns
    Phase Error              (PE):    0.000ns

    Location             Delay type                Incr(ns)  Path(ns)    Netlist Resource(s)
  -------------------------------------------------------------------    -------------------
                         (clock clk_out1_design_1_clk_wiz_0_0 rise edge)
                                                      0.000     0.000 r  
    BUFGCTRL_X0Y16       BUFG                         0.000     0.000 r  design_1_i/cg_fpga_0/inst/processing_system7_0/inst/buffer_fclk_clk_0.FCLK_CLK_0_BUFG/O
                         net (fo=7383, routed)        1.980     1.980    design_1_i/clk_wiz_0/inst/clk_in1
    MMCME2_ADV_X1Y2      MMCME2_ADV (Prop_mmcme2_adv_CLKIN1_CLKOUT0)
                                                     -4.287    -2.307 r  design_1_i/clk_wiz_0/inst/mmcm_adv_inst/CLKOUT0
                         net (fo=1, routed)           2.206    -0.101    design_1_i/clk_wiz_0/inst/clk_out1_design_1_clk_wiz_0_0
    BUFGCTRL_X0Y18       BUFG (Prop_bufg_I_O)         0.101    -0.000 r  design_1_i/clk_wiz_0/inst/clkout1_buf/O
                         net (fo=9913, routed)        2.052     2.052    design_1_i/top_0/inst/MiniMIPS32_Lite_FullSyS0/clk
    SLICE_X113Y114       FDCE                                         r  design_1_i/top_0/inst/MiniMIPS32_Lite_FullSyS0/rst_n_reg/C
  -------------------------------------------------------------------    -------------------
    SLICE_X113Y114       FDCE (Prop_fdce_C_Q)         0.456     2.508 r  design_1_i/top_0/inst/MiniMIPS32_Lite_FullSyS0/rst_n_reg/Q
                         net (fo=68, routed)          4.159     6.667    design_1_i/top_0/inst/MiniMIPS32_Lite_FullSyS0/cpu_core/regfile0/regs_reg[1][28]_0
    SLICE_X80Y129        LUT1 (Prop_lut1_I0_O)        0.124     6.791 f  design_1_i/top_0/inst/MiniMIPS32_Lite_FullSyS0/cpu_core/regfile0/sw_1_ff[31]_i_1/O
                         net (fo=1335, routed)        6.323    13.114    design_1_i/top_0/inst/MiniMIPS32_Lite_FullSyS0/cpu_core_n_0
    SLICE_X61Y74         FDCE                                         f  design_1_i/top_0/inst/MiniMIPS32_Lite_FullSyS0/sw_1_ff_reg[3]/CLR
  -------------------------------------------------------------------    -------------------

                         (clock clk_out1_design_1_clk_wiz_0_0 rise edge)
                                                     20.000    20.000 r  
    BUFGCTRL_X0Y16       BUFG                         0.000    20.000 r  design_1_i/cg_fpga_0/inst/processing_system7_0/inst/buffer_fclk_clk_0.FCLK_CLK_0_BUFG/O
                         net (fo=7383, routed)        1.770    21.770    design_1_i/clk_wiz_0/inst/clk_in1
    MMCME2_ADV_X1Y2      MMCME2_ADV (Prop_mmcme2_adv_CLKIN1_CLKOUT0)
                                                     -3.873    17.897 r  design_1_i/clk_wiz_0/inst/mmcm_adv_inst/CLKOUT0
                         net (fo=1, routed)           2.012    19.909    design_1_i/clk_wiz_0/inst/clk_out1_design_1_clk_wiz_0_0
    BUFGCTRL_X0Y18       BUFG (Prop_bufg_I_O)         0.091    20.000 r  design_1_i/clk_wiz_0/inst/clkout1_buf/O
                         net (fo=9913, routed)        1.523    21.523    design_1_i/top_0/inst/MiniMIPS32_Lite_FullSyS0/clk
    SLICE_X61Y74         FDCE                                         r  design_1_i/top_0/inst/MiniMIPS32_Lite_FullSyS0/sw_1_ff_reg[3]/C
                         clock pessimism              0.004    21.527    
                         clock uncertainty           -0.084    21.443    
    SLICE_X61Y74         FDCE (Recov_fdce_C_CLR)     -0.405    21.038    design_1_i/top_0/inst/MiniMIPS32_Lite_FullSyS0/sw_1_ff_reg[3]
  -------------------------------------------------------------------
                         required time                         21.038    
                         arrival time                         -13.114    
  -------------------------------------------------------------------
                         slack                                  7.924    

Slack (MET) :             7.924ns  (required time - arrival time)
  Source:                 design_1_i/top_0/inst/MiniMIPS32_Lite_FullSyS0/rst_n_reg/C
                            (rising edge-triggered cell FDCE clocked by clk_out1_design_1_clk_wiz_0_0  {rise@0.000ns fall@10.000ns period=20.000ns})
  Destination:            design_1_i/top_0/inst/MiniMIPS32_Lite_FullSyS0/sw_2_ff_reg[10]/CLR
                            (recovery check against rising-edge clock clk_out1_design_1_clk_wiz_0_0  {rise@0.000ns fall@10.000ns period=20.000ns})
  Path Group:             **async_default**
  Path Type:              Recovery (Max at Slow Process Corner)
  Requirement:            20.000ns  (clk_out1_design_1_clk_wiz_0_0 rise@20.000ns - clk_out1_design_1_clk_wiz_0_0 rise@0.000ns)
  Data Path Delay:        11.062ns  (logic 0.580ns (5.243%)  route 10.482ns (94.757%))
  Logic Levels:           1  (LUT1=1)
  Clock Path Skew:        -0.525ns (DCD - SCD + CPR)
    Destination Clock Delay (DCD):    1.523ns = ( 21.523 - 20.000 ) 
    Source Clock Delay      (SCD):    2.052ns
    Clock Pessimism Removal (CPR):    0.004ns
  Clock Uncertainty:      0.084ns  ((TSJ^2 + DJ^2)^1/2) / 2 + PE
    Total System Jitter     (TSJ):    0.071ns
    Discrete Jitter          (DJ):    0.152ns
    Phase Error              (PE):    0.000ns

    Location             Delay type                Incr(ns)  Path(ns)    Netlist Resource(s)
  -------------------------------------------------------------------    -------------------
                         (clock clk_out1_design_1_clk_wiz_0_0 rise edge)
                                                      0.000     0.000 r  
    BUFGCTRL_X0Y16       BUFG                         0.000     0.000 r  design_1_i/cg_fpga_0/inst/processing_system7_0/inst/buffer_fclk_clk_0.FCLK_CLK_0_BUFG/O
                         net (fo=7383, routed)        1.980     1.980    design_1_i/clk_wiz_0/inst/clk_in1
    MMCME2_ADV_X1Y2      MMCME2_ADV (Prop_mmcme2_adv_CLKIN1_CLKOUT0)
                                                     -4.287    -2.307 r  design_1_i/clk_wiz_0/inst/mmcm_adv_inst/CLKOUT0
                         net (fo=1, routed)           2.206    -0.101    design_1_i/clk_wiz_0/inst/clk_out1_design_1_clk_wiz_0_0
    BUFGCTRL_X0Y18       BUFG (Prop_bufg_I_O)         0.101    -0.000 r  design_1_i/clk_wiz_0/inst/clkout1_buf/O
                         net (fo=9913, routed)        2.052     2.052    design_1_i/top_0/inst/MiniMIPS32_Lite_FullSyS0/clk
    SLICE_X113Y114       FDCE                                         r  design_1_i/top_0/inst/MiniMIPS32_Lite_FullSyS0/rst_n_reg/C
  -------------------------------------------------------------------    -------------------
    SLICE_X113Y114       FDCE (Prop_fdce_C_Q)         0.456     2.508 r  design_1_i/top_0/inst/MiniMIPS32_Lite_FullSyS0/rst_n_reg/Q
                         net (fo=68, routed)          4.159     6.667    design_1_i/top_0/inst/MiniMIPS32_Lite_FullSyS0/cpu_core/regfile0/regs_reg[1][28]_0
    SLICE_X80Y129        LUT1 (Prop_lut1_I0_O)        0.124     6.791 f  design_1_i/top_0/inst/MiniMIPS32_Lite_FullSyS0/cpu_core/regfile0/sw_1_ff[31]_i_1/O
                         net (fo=1335, routed)        6.323    13.114    design_1_i/top_0/inst/MiniMIPS32_Lite_FullSyS0/cpu_core_n_0
    SLICE_X61Y74         FDCE                                         f  design_1_i/top_0/inst/MiniMIPS32_Lite_FullSyS0/sw_2_ff_reg[10]/CLR
  -------------------------------------------------------------------    -------------------

                         (clock clk_out1_design_1_clk_wiz_0_0 rise edge)
                                                     20.000    20.000 r  
    BUFGCTRL_X0Y16       BUFG                         0.000    20.000 r  design_1_i/cg_fpga_0/inst/processing_system7_0/inst/buffer_fclk_clk_0.FCLK_CLK_0_BUFG/O
                         net (fo=7383, routed)        1.770    21.770    design_1_i/clk_wiz_0/inst/clk_in1
    MMCME2_ADV_X1Y2      MMCME2_ADV (Prop_mmcme2_adv_CLKIN1_CLKOUT0)
                                                     -3.873    17.897 r  design_1_i/clk_wiz_0/inst/mmcm_adv_inst/CLKOUT0
                         net (fo=1, routed)           2.012    19.909    design_1_i/clk_wiz_0/inst/clk_out1_design_1_clk_wiz_0_0
    BUFGCTRL_X0Y18       BUFG (Prop_bufg_I_O)         0.091    20.000 r  design_1_i/clk_wiz_0/inst/clkout1_buf/O
                         net (fo=9913, routed)        1.523    21.523    design_1_i/top_0/inst/MiniMIPS32_Lite_FullSyS0/clk
    SLICE_X61Y74         FDCE                                         r  design_1_i/top_0/inst/MiniMIPS32_Lite_FullSyS0/sw_2_ff_reg[10]/C
                         clock pessimism              0.004    21.527    
                         clock uncertainty           -0.084    21.443    
    SLICE_X61Y74         FDCE (Recov_fdce_C_CLR)     -0.405    21.038    design_1_i/top_0/inst/MiniMIPS32_Lite_FullSyS0/sw_2_ff_reg[10]
  -------------------------------------------------------------------
                         required time                         21.038    
                         arrival time                         -13.114    
  -------------------------------------------------------------------
                         slack                                  7.924    

Slack (MET) :             7.924ns  (required time - arrival time)
  Source:                 design_1_i/top_0/inst/MiniMIPS32_Lite_FullSyS0/rst_n_reg/C
                            (rising edge-triggered cell FDCE clocked by clk_out1_design_1_clk_wiz_0_0  {rise@0.000ns fall@10.000ns period=20.000ns})
  Destination:            design_1_i/top_0/inst/MiniMIPS32_Lite_FullSyS0/sw_2_ff_reg[11]/CLR
                            (recovery check against rising-edge clock clk_out1_design_1_clk_wiz_0_0  {rise@0.000ns fall@10.000ns period=20.000ns})
  Path Group:             **async_default**
  Path Type:              Recovery (Max at Slow Process Corner)
  Requirement:            20.000ns  (clk_out1_design_1_clk_wiz_0_0 rise@20.000ns - clk_out1_design_1_clk_wiz_0_0 rise@0.000ns)
  Data Path Delay:        11.062ns  (logic 0.580ns (5.243%)  route 10.482ns (94.757%))
  Logic Levels:           1  (LUT1=1)
  Clock Path Skew:        -0.525ns (DCD - SCD + CPR)
    Destination Clock Delay (DCD):    1.523ns = ( 21.523 - 20.000 ) 
    Source Clock Delay      (SCD):    2.052ns
    Clock Pessimism Removal (CPR):    0.004ns
  Clock Uncertainty:      0.084ns  ((TSJ^2 + DJ^2)^1/2) / 2 + PE
    Total System Jitter     (TSJ):    0.071ns
    Discrete Jitter          (DJ):    0.152ns
    Phase Error              (PE):    0.000ns

    Location             Delay type                Incr(ns)  Path(ns)    Netlist Resource(s)
  -------------------------------------------------------------------    -------------------
                         (clock clk_out1_design_1_clk_wiz_0_0 rise edge)
                                                      0.000     0.000 r  
    BUFGCTRL_X0Y16       BUFG                         0.000     0.000 r  design_1_i/cg_fpga_0/inst/processing_system7_0/inst/buffer_fclk_clk_0.FCLK_CLK_0_BUFG/O
                         net (fo=7383, routed)        1.980     1.980    design_1_i/clk_wiz_0/inst/clk_in1
    MMCME2_ADV_X1Y2      MMCME2_ADV (Prop_mmcme2_adv_CLKIN1_CLKOUT0)
                                                     -4.287    -2.307 r  design_1_i/clk_wiz_0/inst/mmcm_adv_inst/CLKOUT0
                         net (fo=1, routed)           2.206    -0.101    design_1_i/clk_wiz_0/inst/clk_out1_design_1_clk_wiz_0_0
    BUFGCTRL_X0Y18       BUFG (Prop_bufg_I_O)         0.101    -0.000 r  design_1_i/clk_wiz_0/inst/clkout1_buf/O
                         net (fo=9913, routed)        2.052     2.052    design_1_i/top_0/inst/MiniMIPS32_Lite_FullSyS0/clk
    SLICE_X113Y114       FDCE                                         r  design_1_i/top_0/inst/MiniMIPS32_Lite_FullSyS0/rst_n_reg/C
  -------------------------------------------------------------------    -------------------
    SLICE_X113Y114       FDCE (Prop_fdce_C_Q)         0.456     2.508 r  design_1_i/top_0/inst/MiniMIPS32_Lite_FullSyS0/rst_n_reg/Q
                         net (fo=68, routed)          4.159     6.667    design_1_i/top_0/inst/MiniMIPS32_Lite_FullSyS0/cpu_core/regfile0/regs_reg[1][28]_0
    SLICE_X80Y129        LUT1 (Prop_lut1_I0_O)        0.124     6.791 f  design_1_i/top_0/inst/MiniMIPS32_Lite_FullSyS0/cpu_core/regfile0/sw_1_ff[31]_i_1/O
                         net (fo=1335, routed)        6.323    13.114    design_1_i/top_0/inst/MiniMIPS32_Lite_FullSyS0/cpu_core_n_0
    SLICE_X61Y74         FDCE                                         f  design_1_i/top_0/inst/MiniMIPS32_Lite_FullSyS0/sw_2_ff_reg[11]/CLR
  -------------------------------------------------------------------    -------------------

                         (clock clk_out1_design_1_clk_wiz_0_0 rise edge)
                                                     20.000    20.000 r  
    BUFGCTRL_X0Y16       BUFG                         0.000    20.000 r  design_1_i/cg_fpga_0/inst/processing_system7_0/inst/buffer_fclk_clk_0.FCLK_CLK_0_BUFG/O
                         net (fo=7383, routed)        1.770    21.770    design_1_i/clk_wiz_0/inst/clk_in1
    MMCME2_ADV_X1Y2      MMCME2_ADV (Prop_mmcme2_adv_CLKIN1_CLKOUT0)
                                                     -3.873    17.897 r  design_1_i/clk_wiz_0/inst/mmcm_adv_inst/CLKOUT0
                         net (fo=1, routed)           2.012    19.909    design_1_i/clk_wiz_0/inst/clk_out1_design_1_clk_wiz_0_0
    BUFGCTRL_X0Y18       BUFG (Prop_bufg_I_O)         0.091    20.000 r  design_1_i/clk_wiz_0/inst/clkout1_buf/O
                         net (fo=9913, routed)        1.523    21.523    design_1_i/top_0/inst/MiniMIPS32_Lite_FullSyS0/clk
    SLICE_X61Y74         FDCE                                         r  design_1_i/top_0/inst/MiniMIPS32_Lite_FullSyS0/sw_2_ff_reg[11]/C
                         clock pessimism              0.004    21.527    
                         clock uncertainty           -0.084    21.443    
    SLICE_X61Y74         FDCE (Recov_fdce_C_CLR)     -0.405    21.038    design_1_i/top_0/inst/MiniMIPS32_Lite_FullSyS0/sw_2_ff_reg[11]
  -------------------------------------------------------------------
                         required time                         21.038    
                         arrival time                         -13.114    
  -------------------------------------------------------------------
                         slack                                  7.924    

Slack (MET) :             7.924ns  (required time - arrival time)
  Source:                 design_1_i/top_0/inst/MiniMIPS32_Lite_FullSyS0/rst_n_reg/C
                            (rising edge-triggered cell FDCE clocked by clk_out1_design_1_clk_wiz_0_0  {rise@0.000ns fall@10.000ns period=20.000ns})
  Destination:            design_1_i/top_0/inst/MiniMIPS32_Lite_FullSyS0/sw_2_ff_reg[8]/CLR
                            (recovery check against rising-edge clock clk_out1_design_1_clk_wiz_0_0  {rise@0.000ns fall@10.000ns period=20.000ns})
  Path Group:             **async_default**
  Path Type:              Recovery (Max at Slow Process Corner)
  Requirement:            20.000ns  (clk_out1_design_1_clk_wiz_0_0 rise@20.000ns - clk_out1_design_1_clk_wiz_0_0 rise@0.000ns)
  Data Path Delay:        11.062ns  (logic 0.580ns (5.243%)  route 10.482ns (94.757%))
  Logic Levels:           1  (LUT1=1)
  Clock Path Skew:        -0.525ns (DCD - SCD + CPR)
    Destination Clock Delay (DCD):    1.523ns = ( 21.523 - 20.000 ) 
    Source Clock Delay      (SCD):    2.052ns
    Clock Pessimism Removal (CPR):    0.004ns
  Clock Uncertainty:      0.084ns  ((TSJ^2 + DJ^2)^1/2) / 2 + PE
    Total System Jitter     (TSJ):    0.071ns
    Discrete Jitter          (DJ):    0.152ns
    Phase Error              (PE):    0.000ns

    Location             Delay type                Incr(ns)  Path(ns)    Netlist Resource(s)
  -------------------------------------------------------------------    -------------------
                         (clock clk_out1_design_1_clk_wiz_0_0 rise edge)
                                                      0.000     0.000 r  
    BUFGCTRL_X0Y16       BUFG                         0.000     0.000 r  design_1_i/cg_fpga_0/inst/processing_system7_0/inst/buffer_fclk_clk_0.FCLK_CLK_0_BUFG/O
                         net (fo=7383, routed)        1.980     1.980    design_1_i/clk_wiz_0/inst/clk_in1
    MMCME2_ADV_X1Y2      MMCME2_ADV (Prop_mmcme2_adv_CLKIN1_CLKOUT0)
                                                     -4.287    -2.307 r  design_1_i/clk_wiz_0/inst/mmcm_adv_inst/CLKOUT0
                         net (fo=1, routed)           2.206    -0.101    design_1_i/clk_wiz_0/inst/clk_out1_design_1_clk_wiz_0_0
    BUFGCTRL_X0Y18       BUFG (Prop_bufg_I_O)         0.101    -0.000 r  design_1_i/clk_wiz_0/inst/clkout1_buf/O
                         net (fo=9913, routed)        2.052     2.052    design_1_i/top_0/inst/MiniMIPS32_Lite_FullSyS0/clk
    SLICE_X113Y114       FDCE                                         r  design_1_i/top_0/inst/MiniMIPS32_Lite_FullSyS0/rst_n_reg/C
  -------------------------------------------------------------------    -------------------
    SLICE_X113Y114       FDCE (Prop_fdce_C_Q)         0.456     2.508 r  design_1_i/top_0/inst/MiniMIPS32_Lite_FullSyS0/rst_n_reg/Q
                         net (fo=68, routed)          4.159     6.667    design_1_i/top_0/inst/MiniMIPS32_Lite_FullSyS0/cpu_core/regfile0/regs_reg[1][28]_0
    SLICE_X80Y129        LUT1 (Prop_lut1_I0_O)        0.124     6.791 f  design_1_i/top_0/inst/MiniMIPS32_Lite_FullSyS0/cpu_core/regfile0/sw_1_ff[31]_i_1/O
                         net (fo=1335, routed)        6.323    13.114    design_1_i/top_0/inst/MiniMIPS32_Lite_FullSyS0/cpu_core_n_0
    SLICE_X61Y74         FDCE                                         f  design_1_i/top_0/inst/MiniMIPS32_Lite_FullSyS0/sw_2_ff_reg[8]/CLR
  -------------------------------------------------------------------    -------------------

                         (clock clk_out1_design_1_clk_wiz_0_0 rise edge)
                                                     20.000    20.000 r  
    BUFGCTRL_X0Y16       BUFG                         0.000    20.000 r  design_1_i/cg_fpga_0/inst/processing_system7_0/inst/buffer_fclk_clk_0.FCLK_CLK_0_BUFG/O
                         net (fo=7383, routed)        1.770    21.770    design_1_i/clk_wiz_0/inst/clk_in1
    MMCME2_ADV_X1Y2      MMCME2_ADV (Prop_mmcme2_adv_CLKIN1_CLKOUT0)
                                                     -3.873    17.897 r  design_1_i/clk_wiz_0/inst/mmcm_adv_inst/CLKOUT0
                         net (fo=1, routed)           2.012    19.909    design_1_i/clk_wiz_0/inst/clk_out1_design_1_clk_wiz_0_0
    BUFGCTRL_X0Y18       BUFG (Prop_bufg_I_O)         0.091    20.000 r  design_1_i/clk_wiz_0/inst/clkout1_buf/O
                         net (fo=9913, routed)        1.523    21.523    design_1_i/top_0/inst/MiniMIPS32_Lite_FullSyS0/clk
    SLICE_X61Y74         FDCE                                         r  design_1_i/top_0/inst/MiniMIPS32_Lite_FullSyS0/sw_2_ff_reg[8]/C
                         clock pessimism              0.004    21.527    
                         clock uncertainty           -0.084    21.443    
    SLICE_X61Y74         FDCE (Recov_fdce_C_CLR)     -0.405    21.038    design_1_i/top_0/inst/MiniMIPS32_Lite_FullSyS0/sw_2_ff_reg[8]
  -------------------------------------------------------------------
                         required time                         21.038    
                         arrival time                         -13.114    
  -------------------------------------------------------------------
                         slack                                  7.924    

Slack (MET) :             7.924ns  (required time - arrival time)
  Source:                 design_1_i/top_0/inst/MiniMIPS32_Lite_FullSyS0/rst_n_reg/C
                            (rising edge-triggered cell FDCE clocked by clk_out1_design_1_clk_wiz_0_0  {rise@0.000ns fall@10.000ns period=20.000ns})
  Destination:            design_1_i/top_0/inst/MiniMIPS32_Lite_FullSyS0/sw_2_ff_reg[9]/CLR
                            (recovery check against rising-edge clock clk_out1_design_1_clk_wiz_0_0  {rise@0.000ns fall@10.000ns period=20.000ns})
  Path Group:             **async_default**
  Path Type:              Recovery (Max at Slow Process Corner)
  Requirement:            20.000ns  (clk_out1_design_1_clk_wiz_0_0 rise@20.000ns - clk_out1_design_1_clk_wiz_0_0 rise@0.000ns)
  Data Path Delay:        11.062ns  (logic 0.580ns (5.243%)  route 10.482ns (94.757%))
  Logic Levels:           1  (LUT1=1)
  Clock Path Skew:        -0.525ns (DCD - SCD + CPR)
    Destination Clock Delay (DCD):    1.523ns = ( 21.523 - 20.000 ) 
    Source Clock Delay      (SCD):    2.052ns
    Clock Pessimism Removal (CPR):    0.004ns
  Clock Uncertainty:      0.084ns  ((TSJ^2 + DJ^2)^1/2) / 2 + PE
    Total System Jitter     (TSJ):    0.071ns
    Discrete Jitter          (DJ):    0.152ns
    Phase Error              (PE):    0.000ns

    Location             Delay type                Incr(ns)  Path(ns)    Netlist Resource(s)
  -------------------------------------------------------------------    -------------------
                         (clock clk_out1_design_1_clk_wiz_0_0 rise edge)
                                                      0.000     0.000 r  
    BUFGCTRL_X0Y16       BUFG                         0.000     0.000 r  design_1_i/cg_fpga_0/inst/processing_system7_0/inst/buffer_fclk_clk_0.FCLK_CLK_0_BUFG/O
                         net (fo=7383, routed)        1.980     1.980    design_1_i/clk_wiz_0/inst/clk_in1
    MMCME2_ADV_X1Y2      MMCME2_ADV (Prop_mmcme2_adv_CLKIN1_CLKOUT0)
                                                     -4.287    -2.307 r  design_1_i/clk_wiz_0/inst/mmcm_adv_inst/CLKOUT0
                         net (fo=1, routed)           2.206    -0.101    design_1_i/clk_wiz_0/inst/clk_out1_design_1_clk_wiz_0_0
    BUFGCTRL_X0Y18       BUFG (Prop_bufg_I_O)         0.101    -0.000 r  design_1_i/clk_wiz_0/inst/clkout1_buf/O
                         net (fo=9913, routed)        2.052     2.052    design_1_i/top_0/inst/MiniMIPS32_Lite_FullSyS0/clk
    SLICE_X113Y114       FDCE                                         r  design_1_i/top_0/inst/MiniMIPS32_Lite_FullSyS0/rst_n_reg/C
  -------------------------------------------------------------------    -------------------
    SLICE_X113Y114       FDCE (Prop_fdce_C_Q)         0.456     2.508 r  design_1_i/top_0/inst/MiniMIPS32_Lite_FullSyS0/rst_n_reg/Q
                         net (fo=68, routed)          4.159     6.667    design_1_i/top_0/inst/MiniMIPS32_Lite_FullSyS0/cpu_core/regfile0/regs_reg[1][28]_0
    SLICE_X80Y129        LUT1 (Prop_lut1_I0_O)        0.124     6.791 f  design_1_i/top_0/inst/MiniMIPS32_Lite_FullSyS0/cpu_core/regfile0/sw_1_ff[31]_i_1/O
                         net (fo=1335, routed)        6.323    13.114    design_1_i/top_0/inst/MiniMIPS32_Lite_FullSyS0/cpu_core_n_0
    SLICE_X61Y74         FDCE                                         f  design_1_i/top_0/inst/MiniMIPS32_Lite_FullSyS0/sw_2_ff_reg[9]/CLR
  -------------------------------------------------------------------    -------------------

                         (clock clk_out1_design_1_clk_wiz_0_0 rise edge)
                                                     20.000    20.000 r  
    BUFGCTRL_X0Y16       BUFG                         0.000    20.000 r  design_1_i/cg_fpga_0/inst/processing_system7_0/inst/buffer_fclk_clk_0.FCLK_CLK_0_BUFG/O
                         net (fo=7383, routed)        1.770    21.770    design_1_i/clk_wiz_0/inst/clk_in1
    MMCME2_ADV_X1Y2      MMCME2_ADV (Prop_mmcme2_adv_CLKIN1_CLKOUT0)
                                                     -3.873    17.897 r  design_1_i/clk_wiz_0/inst/mmcm_adv_inst/CLKOUT0
                         net (fo=1, routed)           2.012    19.909    design_1_i/clk_wiz_0/inst/clk_out1_design_1_clk_wiz_0_0
    BUFGCTRL_X0Y18       BUFG (Prop_bufg_I_O)         0.091    20.000 r  design_1_i/clk_wiz_0/inst/clkout1_buf/O
                         net (fo=9913, routed)        1.523    21.523    design_1_i/top_0/inst/MiniMIPS32_Lite_FullSyS0/clk
    SLICE_X61Y74         FDCE                                         r  design_1_i/top_0/inst/MiniMIPS32_Lite_FullSyS0/sw_2_ff_reg[9]/C
                         clock pessimism              0.004    21.527    
                         clock uncertainty           -0.084    21.443    
    SLICE_X61Y74         FDCE (Recov_fdce_C_CLR)     -0.405    21.038    design_1_i/top_0/inst/MiniMIPS32_Lite_FullSyS0/sw_2_ff_reg[9]
  -------------------------------------------------------------------
                         required time                         21.038    
                         arrival time                         -13.114    
  -------------------------------------------------------------------
                         slack                                  7.924    

Slack (MET) :             8.251ns  (required time - arrival time)
  Source:                 design_1_i/top_0/inst/MiniMIPS32_Lite_FullSyS0/rst_n_reg/C
                            (rising edge-triggered cell FDCE clocked by clk_out1_design_1_clk_wiz_0_0  {rise@0.000ns fall@10.000ns period=20.000ns})
  Destination:            design_1_i/top_0/inst/MiniMIPS32_Lite_FullSyS0/sw_1_ff_reg[6]/CLR
                            (recovery check against rising-edge clock clk_out1_design_1_clk_wiz_0_0  {rise@0.000ns fall@10.000ns period=20.000ns})
  Path Group:             **async_default**
  Path Type:              Recovery (Max at Slow Process Corner)
  Requirement:            20.000ns  (clk_out1_design_1_clk_wiz_0_0 rise@20.000ns - clk_out1_design_1_clk_wiz_0_0 rise@0.000ns)
  Data Path Delay:        10.738ns  (logic 0.580ns (5.401%)  route 10.158ns (94.599%))
  Logic Levels:           1  (LUT1=1)
  Clock Path Skew:        -0.522ns (DCD - SCD + CPR)
    Destination Clock Delay (DCD):    1.526ns = ( 21.526 - 20.000 ) 
    Source Clock Delay      (SCD):    2.052ns
    Clock Pessimism Removal (CPR):    0.004ns
  Clock Uncertainty:      0.084ns  ((TSJ^2 + DJ^2)^1/2) / 2 + PE
    Total System Jitter     (TSJ):    0.071ns
    Discrete Jitter          (DJ):    0.152ns
    Phase Error              (PE):    0.000ns

    Location             Delay type                Incr(ns)  Path(ns)    Netlist Resource(s)
  -------------------------------------------------------------------    -------------------
                         (clock clk_out1_design_1_clk_wiz_0_0 rise edge)
                                                      0.000     0.000 r  
    BUFGCTRL_X0Y16       BUFG                         0.000     0.000 r  design_1_i/cg_fpga_0/inst/processing_system7_0/inst/buffer_fclk_clk_0.FCLK_CLK_0_BUFG/O
                         net (fo=7383, routed)        1.980     1.980    design_1_i/clk_wiz_0/inst/clk_in1
    MMCME2_ADV_X1Y2      MMCME2_ADV (Prop_mmcme2_adv_CLKIN1_CLKOUT0)
                                                     -4.287    -2.307 r  design_1_i/clk_wiz_0/inst/mmcm_adv_inst/CLKOUT0
                         net (fo=1, routed)           2.206    -0.101    design_1_i/clk_wiz_0/inst/clk_out1_design_1_clk_wiz_0_0
    BUFGCTRL_X0Y18       BUFG (Prop_bufg_I_O)         0.101    -0.000 r  design_1_i/clk_wiz_0/inst/clkout1_buf/O
                         net (fo=9913, routed)        2.052     2.052    design_1_i/top_0/inst/MiniMIPS32_Lite_FullSyS0/clk
    SLICE_X113Y114       FDCE                                         r  design_1_i/top_0/inst/MiniMIPS32_Lite_FullSyS0/rst_n_reg/C
  -------------------------------------------------------------------    -------------------
    SLICE_X113Y114       FDCE (Prop_fdce_C_Q)         0.456     2.508 r  design_1_i/top_0/inst/MiniMIPS32_Lite_FullSyS0/rst_n_reg/Q
                         net (fo=68, routed)          4.159     6.667    design_1_i/top_0/inst/MiniMIPS32_Lite_FullSyS0/cpu_core/regfile0/regs_reg[1][28]_0
    SLICE_X80Y129        LUT1 (Prop_lut1_I0_O)        0.124     6.791 f  design_1_i/top_0/inst/MiniMIPS32_Lite_FullSyS0/cpu_core/regfile0/sw_1_ff[31]_i_1/O
                         net (fo=1335, routed)        5.999    12.790    design_1_i/top_0/inst/MiniMIPS32_Lite_FullSyS0/cpu_core_n_0
    SLICE_X64Y76         FDCE                                         f  design_1_i/top_0/inst/MiniMIPS32_Lite_FullSyS0/sw_1_ff_reg[6]/CLR
  -------------------------------------------------------------------    -------------------

                         (clock clk_out1_design_1_clk_wiz_0_0 rise edge)
                                                     20.000    20.000 r  
    BUFGCTRL_X0Y16       BUFG                         0.000    20.000 r  design_1_i/cg_fpga_0/inst/processing_system7_0/inst/buffer_fclk_clk_0.FCLK_CLK_0_BUFG/O
                         net (fo=7383, routed)        1.770    21.770    design_1_i/clk_wiz_0/inst/clk_in1
    MMCME2_ADV_X1Y2      MMCME2_ADV (Prop_mmcme2_adv_CLKIN1_CLKOUT0)
                                                     -3.873    17.897 r  design_1_i/clk_wiz_0/inst/mmcm_adv_inst/CLKOUT0
                         net (fo=1, routed)           2.012    19.909    design_1_i/clk_wiz_0/inst/clk_out1_design_1_clk_wiz_0_0
    BUFGCTRL_X0Y18       BUFG (Prop_bufg_I_O)         0.091    20.000 r  design_1_i/clk_wiz_0/inst/clkout1_buf/O
                         net (fo=9913, routed)        1.526    21.526    design_1_i/top_0/inst/MiniMIPS32_Lite_FullSyS0/clk
    SLICE_X64Y76         FDCE                                         r  design_1_i/top_0/inst/MiniMIPS32_Lite_FullSyS0/sw_1_ff_reg[6]/C
                         clock pessimism              0.004    21.530    
                         clock uncertainty           -0.084    21.446    
    SLICE_X64Y76         FDCE (Recov_fdce_C_CLR)     -0.405    21.041    design_1_i/top_0/inst/MiniMIPS32_Lite_FullSyS0/sw_1_ff_reg[6]
  -------------------------------------------------------------------
                         required time                         21.041    
                         arrival time                         -12.790    
  -------------------------------------------------------------------
                         slack                                  8.251    

Slack (MET) :             8.553ns  (required time - arrival time)
  Source:                 design_1_i/top_0/inst/MiniMIPS32_Lite_FullSyS0/rst_n_reg/C
                            (rising edge-triggered cell FDCE clocked by clk_out1_design_1_clk_wiz_0_0  {rise@0.000ns fall@10.000ns period=20.000ns})
  Destination:            design_1_i/top_0/inst/MiniMIPS32_Lite_FullSyS0/sw_1_ff_reg[24]/CLR
                            (recovery check against rising-edge clock clk_out1_design_1_clk_wiz_0_0  {rise@0.000ns fall@10.000ns period=20.000ns})
  Path Group:             **async_default**
  Path Type:              Recovery (Max at Slow Process Corner)
  Requirement:            20.000ns  (clk_out1_design_1_clk_wiz_0_0 rise@20.000ns - clk_out1_design_1_clk_wiz_0_0 rise@0.000ns)
  Data Path Delay:        10.379ns  (logic 0.580ns (5.588%)  route 9.799ns (94.412%))
  Logic Levels:           1  (LUT1=1)
  Clock Path Skew:        -0.579ns (DCD - SCD + CPR)
    Destination Clock Delay (DCD):    1.469ns = ( 21.469 - 20.000 ) 
    Source Clock Delay      (SCD):    2.052ns
    Clock Pessimism Removal (CPR):    0.004ns
  Clock Uncertainty:      0.084ns  ((TSJ^2 + DJ^2)^1/2) / 2 + PE
    Total System Jitter     (TSJ):    0.071ns
    Discrete Jitter          (DJ):    0.152ns
    Phase Error              (PE):    0.000ns

    Location             Delay type                Incr(ns)  Path(ns)    Netlist Resource(s)
  -------------------------------------------------------------------    -------------------
                         (clock clk_out1_design_1_clk_wiz_0_0 rise edge)
                                                      0.000     0.000 r  
    BUFGCTRL_X0Y16       BUFG                         0.000     0.000 r  design_1_i/cg_fpga_0/inst/processing_system7_0/inst/buffer_fclk_clk_0.FCLK_CLK_0_BUFG/O
                         net (fo=7383, routed)        1.980     1.980    design_1_i/clk_wiz_0/inst/clk_in1
    MMCME2_ADV_X1Y2      MMCME2_ADV (Prop_mmcme2_adv_CLKIN1_CLKOUT0)
                                                     -4.287    -2.307 r  design_1_i/clk_wiz_0/inst/mmcm_adv_inst/CLKOUT0
                         net (fo=1, routed)           2.206    -0.101    design_1_i/clk_wiz_0/inst/clk_out1_design_1_clk_wiz_0_0
    BUFGCTRL_X0Y18       BUFG (Prop_bufg_I_O)         0.101    -0.000 r  design_1_i/clk_wiz_0/inst/clkout1_buf/O
                         net (fo=9913, routed)        2.052     2.052    design_1_i/top_0/inst/MiniMIPS32_Lite_FullSyS0/clk
    SLICE_X113Y114       FDCE                                         r  design_1_i/top_0/inst/MiniMIPS32_Lite_FullSyS0/rst_n_reg/C
  -------------------------------------------------------------------    -------------------
    SLICE_X113Y114       FDCE (Prop_fdce_C_Q)         0.456     2.508 r  design_1_i/top_0/inst/MiniMIPS32_Lite_FullSyS0/rst_n_reg/Q
                         net (fo=68, routed)          4.159     6.667    design_1_i/top_0/inst/MiniMIPS32_Lite_FullSyS0/cpu_core/regfile0/regs_reg[1][28]_0
    SLICE_X80Y129        LUT1 (Prop_lut1_I0_O)        0.124     6.791 f  design_1_i/top_0/inst/MiniMIPS32_Lite_FullSyS0/cpu_core/regfile0/sw_1_ff[31]_i_1/O
                         net (fo=1335, routed)        5.640    12.431    design_1_i/top_0/inst/MiniMIPS32_Lite_FullSyS0/cpu_core_n_0
    SLICE_X48Y67         FDCE                                         f  design_1_i/top_0/inst/MiniMIPS32_Lite_FullSyS0/sw_1_ff_reg[24]/CLR
  -------------------------------------------------------------------    -------------------

                         (clock clk_out1_design_1_clk_wiz_0_0 rise edge)
                                                     20.000    20.000 r  
    BUFGCTRL_X0Y16       BUFG                         0.000    20.000 r  design_1_i/cg_fpga_0/inst/processing_system7_0/inst/buffer_fclk_clk_0.FCLK_CLK_0_BUFG/O
                         net (fo=7383, routed)        1.770    21.770    design_1_i/clk_wiz_0/inst/clk_in1
    MMCME2_ADV_X1Y2      MMCME2_ADV (Prop_mmcme2_adv_CLKIN1_CLKOUT0)
                                                     -3.873    17.897 r  design_1_i/clk_wiz_0/inst/mmcm_adv_inst/CLKOUT0
                         net (fo=1, routed)           2.012    19.909    design_1_i/clk_wiz_0/inst/clk_out1_design_1_clk_wiz_0_0
    BUFGCTRL_X0Y18       BUFG (Prop_bufg_I_O)         0.091    20.000 r  design_1_i/clk_wiz_0/inst/clkout1_buf/O
                         net (fo=9913, routed)        1.469    21.469    design_1_i/top_0/inst/MiniMIPS32_Lite_FullSyS0/clk
    SLICE_X48Y67         FDCE                                         r  design_1_i/top_0/inst/MiniMIPS32_Lite_FullSyS0/sw_1_ff_reg[24]/C
                         clock pessimism              0.004    21.473    
                         clock uncertainty           -0.084    21.389    
    SLICE_X48Y67         FDCE (Recov_fdce_C_CLR)     -0.405    20.984    design_1_i/top_0/inst/MiniMIPS32_Lite_FullSyS0/sw_1_ff_reg[24]
  -------------------------------------------------------------------
                         required time                         20.984    
                         arrival time                         -12.431    
  -------------------------------------------------------------------
                         slack                                  8.553    

Slack (MET) :             8.553ns  (required time - arrival time)
  Source:                 design_1_i/top_0/inst/MiniMIPS32_Lite_FullSyS0/rst_n_reg/C
                            (rising edge-triggered cell FDCE clocked by clk_out1_design_1_clk_wiz_0_0  {rise@0.000ns fall@10.000ns period=20.000ns})
  Destination:            design_1_i/top_0/inst/MiniMIPS32_Lite_FullSyS0/sw_1_ff_reg[25]/CLR
                            (recovery check against rising-edge clock clk_out1_design_1_clk_wiz_0_0  {rise@0.000ns fall@10.000ns period=20.000ns})
  Path Group:             **async_default**
  Path Type:              Recovery (Max at Slow Process Corner)
  Requirement:            20.000ns  (clk_out1_design_1_clk_wiz_0_0 rise@20.000ns - clk_out1_design_1_clk_wiz_0_0 rise@0.000ns)
  Data Path Delay:        10.379ns  (logic 0.580ns (5.588%)  route 9.799ns (94.412%))
  Logic Levels:           1  (LUT1=1)
  Clock Path Skew:        -0.579ns (DCD - SCD + CPR)
    Destination Clock Delay (DCD):    1.469ns = ( 21.469 - 20.000 ) 
    Source Clock Delay      (SCD):    2.052ns
    Clock Pessimism Removal (CPR):    0.004ns
  Clock Uncertainty:      0.084ns  ((TSJ^2 + DJ^2)^1/2) / 2 + PE
    Total System Jitter     (TSJ):    0.071ns
    Discrete Jitter          (DJ):    0.152ns
    Phase Error              (PE):    0.000ns

    Location             Delay type                Incr(ns)  Path(ns)    Netlist Resource(s)
  -------------------------------------------------------------------    -------------------
                         (clock clk_out1_design_1_clk_wiz_0_0 rise edge)
                                                      0.000     0.000 r  
    BUFGCTRL_X0Y16       BUFG                         0.000     0.000 r  design_1_i/cg_fpga_0/inst/processing_system7_0/inst/buffer_fclk_clk_0.FCLK_CLK_0_BUFG/O
                         net (fo=7383, routed)        1.980     1.980    design_1_i/clk_wiz_0/inst/clk_in1
    MMCME2_ADV_X1Y2      MMCME2_ADV (Prop_mmcme2_adv_CLKIN1_CLKOUT0)
                                                     -4.287    -2.307 r  design_1_i/clk_wiz_0/inst/mmcm_adv_inst/CLKOUT0
                         net (fo=1, routed)           2.206    -0.101    design_1_i/clk_wiz_0/inst/clk_out1_design_1_clk_wiz_0_0
    BUFGCTRL_X0Y18       BUFG (Prop_bufg_I_O)         0.101    -0.000 r  design_1_i/clk_wiz_0/inst/clkout1_buf/O
                         net (fo=9913, routed)        2.052     2.052    design_1_i/top_0/inst/MiniMIPS32_Lite_FullSyS0/clk
    SLICE_X113Y114       FDCE                                         r  design_1_i/top_0/inst/MiniMIPS32_Lite_FullSyS0/rst_n_reg/C
  -------------------------------------------------------------------    -------------------
    SLICE_X113Y114       FDCE (Prop_fdce_C_Q)         0.456     2.508 r  design_1_i/top_0/inst/MiniMIPS32_Lite_FullSyS0/rst_n_reg/Q
                         net (fo=68, routed)          4.159     6.667    design_1_i/top_0/inst/MiniMIPS32_Lite_FullSyS0/cpu_core/regfile0/regs_reg[1][28]_0
    SLICE_X80Y129        LUT1 (Prop_lut1_I0_O)        0.124     6.791 f  design_1_i/top_0/inst/MiniMIPS32_Lite_FullSyS0/cpu_core/regfile0/sw_1_ff[31]_i_1/O
                         net (fo=1335, routed)        5.640    12.431    design_1_i/top_0/inst/MiniMIPS32_Lite_FullSyS0/cpu_core_n_0
    SLICE_X48Y67         FDCE                                         f  design_1_i/top_0/inst/MiniMIPS32_Lite_FullSyS0/sw_1_ff_reg[25]/CLR
  -------------------------------------------------------------------    -------------------

                         (clock clk_out1_design_1_clk_wiz_0_0 rise edge)
                                                     20.000    20.000 r  
    BUFGCTRL_X0Y16       BUFG                         0.000    20.000 r  design_1_i/cg_fpga_0/inst/processing_system7_0/inst/buffer_fclk_clk_0.FCLK_CLK_0_BUFG/O
                         net (fo=7383, routed)        1.770    21.770    design_1_i/clk_wiz_0/inst/clk_in1
    MMCME2_ADV_X1Y2      MMCME2_ADV (Prop_mmcme2_adv_CLKIN1_CLKOUT0)
                                                     -3.873    17.897 r  design_1_i/clk_wiz_0/inst/mmcm_adv_inst/CLKOUT0
                         net (fo=1, routed)           2.012    19.909    design_1_i/clk_wiz_0/inst/clk_out1_design_1_clk_wiz_0_0
    BUFGCTRL_X0Y18       BUFG (Prop_bufg_I_O)         0.091    20.000 r  design_1_i/clk_wiz_0/inst/clkout1_buf/O
                         net (fo=9913, routed)        1.469    21.469    design_1_i/top_0/inst/MiniMIPS32_Lite_FullSyS0/clk
    SLICE_X48Y67         FDCE                                         r  design_1_i/top_0/inst/MiniMIPS32_Lite_FullSyS0/sw_1_ff_reg[25]/C
                         clock pessimism              0.004    21.473    
                         clock uncertainty           -0.084    21.389    
    SLICE_X48Y67         FDCE (Recov_fdce_C_CLR)     -0.405    20.984    design_1_i/top_0/inst/MiniMIPS32_Lite_FullSyS0/sw_1_ff_reg[25]
  -------------------------------------------------------------------
                         required time                         20.984    
                         arrival time                         -12.431    
  -------------------------------------------------------------------
                         slack                                  8.553    

Slack (MET) :             8.553ns  (required time - arrival time)
  Source:                 design_1_i/top_0/inst/MiniMIPS32_Lite_FullSyS0/rst_n_reg/C
                            (rising edge-triggered cell FDCE clocked by clk_out1_design_1_clk_wiz_0_0  {rise@0.000ns fall@10.000ns period=20.000ns})
  Destination:            design_1_i/top_0/inst/MiniMIPS32_Lite_FullSyS0/sw_1_ff_reg[27]/CLR
                            (recovery check against rising-edge clock clk_out1_design_1_clk_wiz_0_0  {rise@0.000ns fall@10.000ns period=20.000ns})
  Path Group:             **async_default**
  Path Type:              Recovery (Max at Slow Process Corner)
  Requirement:            20.000ns  (clk_out1_design_1_clk_wiz_0_0 rise@20.000ns - clk_out1_design_1_clk_wiz_0_0 rise@0.000ns)
  Data Path Delay:        10.379ns  (logic 0.580ns (5.588%)  route 9.799ns (94.412%))
  Logic Levels:           1  (LUT1=1)
  Clock Path Skew:        -0.579ns (DCD - SCD + CPR)
    Destination Clock Delay (DCD):    1.469ns = ( 21.469 - 20.000 ) 
    Source Clock Delay      (SCD):    2.052ns
    Clock Pessimism Removal (CPR):    0.004ns
  Clock Uncertainty:      0.084ns  ((TSJ^2 + DJ^2)^1/2) / 2 + PE
    Total System Jitter     (TSJ):    0.071ns
    Discrete Jitter          (DJ):    0.152ns
    Phase Error              (PE):    0.000ns

    Location             Delay type                Incr(ns)  Path(ns)    Netlist Resource(s)
  -------------------------------------------------------------------    -------------------
                         (clock clk_out1_design_1_clk_wiz_0_0 rise edge)
                                                      0.000     0.000 r  
    BUFGCTRL_X0Y16       BUFG                         0.000     0.000 r  design_1_i/cg_fpga_0/inst/processing_system7_0/inst/buffer_fclk_clk_0.FCLK_CLK_0_BUFG/O
                         net (fo=7383, routed)        1.980     1.980    design_1_i/clk_wiz_0/inst/clk_in1
    MMCME2_ADV_X1Y2      MMCME2_ADV (Prop_mmcme2_adv_CLKIN1_CLKOUT0)
                                                     -4.287    -2.307 r  design_1_i/clk_wiz_0/inst/mmcm_adv_inst/CLKOUT0
                         net (fo=1, routed)           2.206    -0.101    design_1_i/clk_wiz_0/inst/clk_out1_design_1_clk_wiz_0_0
    BUFGCTRL_X0Y18       BUFG (Prop_bufg_I_O)         0.101    -0.000 r  design_1_i/clk_wiz_0/inst/clkout1_buf/O
                         net (fo=9913, routed)        2.052     2.052    design_1_i/top_0/inst/MiniMIPS32_Lite_FullSyS0/clk
    SLICE_X113Y114       FDCE                                         r  design_1_i/top_0/inst/MiniMIPS32_Lite_FullSyS0/rst_n_reg/C
  -------------------------------------------------------------------    -------------------
    SLICE_X113Y114       FDCE (Prop_fdce_C_Q)         0.456     2.508 r  design_1_i/top_0/inst/MiniMIPS32_Lite_FullSyS0/rst_n_reg/Q
                         net (fo=68, routed)          4.159     6.667    design_1_i/top_0/inst/MiniMIPS32_Lite_FullSyS0/cpu_core/regfile0/regs_reg[1][28]_0
    SLICE_X80Y129        LUT1 (Prop_lut1_I0_O)        0.124     6.791 f  design_1_i/top_0/inst/MiniMIPS32_Lite_FullSyS0/cpu_core/regfile0/sw_1_ff[31]_i_1/O
                         net (fo=1335, routed)        5.640    12.431    design_1_i/top_0/inst/MiniMIPS32_Lite_FullSyS0/cpu_core_n_0
    SLICE_X48Y67         FDCE                                         f  design_1_i/top_0/inst/MiniMIPS32_Lite_FullSyS0/sw_1_ff_reg[27]/CLR
  -------------------------------------------------------------------    -------------------

                         (clock clk_out1_design_1_clk_wiz_0_0 rise edge)
                                                     20.000    20.000 r  
    BUFGCTRL_X0Y16       BUFG                         0.000    20.000 r  design_1_i/cg_fpga_0/inst/processing_system7_0/inst/buffer_fclk_clk_0.FCLK_CLK_0_BUFG/O
                         net (fo=7383, routed)        1.770    21.770    design_1_i/clk_wiz_0/inst/clk_in1
    MMCME2_ADV_X1Y2      MMCME2_ADV (Prop_mmcme2_adv_CLKIN1_CLKOUT0)
                                                     -3.873    17.897 r  design_1_i/clk_wiz_0/inst/mmcm_adv_inst/CLKOUT0
                         net (fo=1, routed)           2.012    19.909    design_1_i/clk_wiz_0/inst/clk_out1_design_1_clk_wiz_0_0
    BUFGCTRL_X0Y18       BUFG (Prop_bufg_I_O)         0.091    20.000 r  design_1_i/clk_wiz_0/inst/clkout1_buf/O
                         net (fo=9913, routed)        1.469    21.469    design_1_i/top_0/inst/MiniMIPS32_Lite_FullSyS0/clk
    SLICE_X48Y67         FDCE                                         r  design_1_i/top_0/inst/MiniMIPS32_Lite_FullSyS0/sw_1_ff_reg[27]/C
                         clock pessimism              0.004    21.473    
                         clock uncertainty           -0.084    21.389    
    SLICE_X48Y67         FDCE (Recov_fdce_C_CLR)     -0.405    20.984    design_1_i/top_0/inst/MiniMIPS32_Lite_FullSyS0/sw_1_ff_reg[27]
  -------------------------------------------------------------------
                         required time                         20.984    
                         arrival time                         -12.431    
  -------------------------------------------------------------------
                         slack                                  8.553    

Slack (MET) :             8.553ns  (required time - arrival time)
  Source:                 design_1_i/top_0/inst/MiniMIPS32_Lite_FullSyS0/rst_n_reg/C
                            (rising edge-triggered cell FDCE clocked by clk_out1_design_1_clk_wiz_0_0  {rise@0.000ns fall@10.000ns period=20.000ns})
  Destination:            design_1_i/top_0/inst/MiniMIPS32_Lite_FullSyS0/sw_1_ff_reg[29]/CLR
                            (recovery check against rising-edge clock clk_out1_design_1_clk_wiz_0_0  {rise@0.000ns fall@10.000ns period=20.000ns})
  Path Group:             **async_default**
  Path Type:              Recovery (Max at Slow Process Corner)
  Requirement:            20.000ns  (clk_out1_design_1_clk_wiz_0_0 rise@20.000ns - clk_out1_design_1_clk_wiz_0_0 rise@0.000ns)
  Data Path Delay:        10.379ns  (logic 0.580ns (5.588%)  route 9.799ns (94.412%))
  Logic Levels:           1  (LUT1=1)
  Clock Path Skew:        -0.579ns (DCD - SCD + CPR)
    Destination Clock Delay (DCD):    1.469ns = ( 21.469 - 20.000 ) 
    Source Clock Delay      (SCD):    2.052ns
    Clock Pessimism Removal (CPR):    0.004ns
  Clock Uncertainty:      0.084ns  ((TSJ^2 + DJ^2)^1/2) / 2 + PE
    Total System Jitter     (TSJ):    0.071ns
    Discrete Jitter          (DJ):    0.152ns
    Phase Error              (PE):    0.000ns

    Location             Delay type                Incr(ns)  Path(ns)    Netlist Resource(s)
  -------------------------------------------------------------------    -------------------
                         (clock clk_out1_design_1_clk_wiz_0_0 rise edge)
                                                      0.000     0.000 r  
    BUFGCTRL_X0Y16       BUFG                         0.000     0.000 r  design_1_i/cg_fpga_0/inst/processing_system7_0/inst/buffer_fclk_clk_0.FCLK_CLK_0_BUFG/O
                         net (fo=7383, routed)        1.980     1.980    design_1_i/clk_wiz_0/inst/clk_in1
    MMCME2_ADV_X1Y2      MMCME2_ADV (Prop_mmcme2_adv_CLKIN1_CLKOUT0)
                                                     -4.287    -2.307 r  design_1_i/clk_wiz_0/inst/mmcm_adv_inst/CLKOUT0
                         net (fo=1, routed)           2.206    -0.101    design_1_i/clk_wiz_0/inst/clk_out1_design_1_clk_wiz_0_0
    BUFGCTRL_X0Y18       BUFG (Prop_bufg_I_O)         0.101    -0.000 r  design_1_i/clk_wiz_0/inst/clkout1_buf/O
                         net (fo=9913, routed)        2.052     2.052    design_1_i/top_0/inst/MiniMIPS32_Lite_FullSyS0/clk
    SLICE_X113Y114       FDCE                                         r  design_1_i/top_0/inst/MiniMIPS32_Lite_FullSyS0/rst_n_reg/C
  -------------------------------------------------------------------    -------------------
    SLICE_X113Y114       FDCE (Prop_fdce_C_Q)         0.456     2.508 r  design_1_i/top_0/inst/MiniMIPS32_Lite_FullSyS0/rst_n_reg/Q
                         net (fo=68, routed)          4.159     6.667    design_1_i/top_0/inst/MiniMIPS32_Lite_FullSyS0/cpu_core/regfile0/regs_reg[1][28]_0
    SLICE_X80Y129        LUT1 (Prop_lut1_I0_O)        0.124     6.791 f  design_1_i/top_0/inst/MiniMIPS32_Lite_FullSyS0/cpu_core/regfile0/sw_1_ff[31]_i_1/O
                         net (fo=1335, routed)        5.640    12.431    design_1_i/top_0/inst/MiniMIPS32_Lite_FullSyS0/cpu_core_n_0
    SLICE_X48Y67         FDCE                                         f  design_1_i/top_0/inst/MiniMIPS32_Lite_FullSyS0/sw_1_ff_reg[29]/CLR
  -------------------------------------------------------------------    -------------------

                         (clock clk_out1_design_1_clk_wiz_0_0 rise edge)
                                                     20.000    20.000 r  
    BUFGCTRL_X0Y16       BUFG                         0.000    20.000 r  design_1_i/cg_fpga_0/inst/processing_system7_0/inst/buffer_fclk_clk_0.FCLK_CLK_0_BUFG/O
                         net (fo=7383, routed)        1.770    21.770    design_1_i/clk_wiz_0/inst/clk_in1
    MMCME2_ADV_X1Y2      MMCME2_ADV (Prop_mmcme2_adv_CLKIN1_CLKOUT0)
                                                     -3.873    17.897 r  design_1_i/clk_wiz_0/inst/mmcm_adv_inst/CLKOUT0
                         net (fo=1, routed)           2.012    19.909    design_1_i/clk_wiz_0/inst/clk_out1_design_1_clk_wiz_0_0
    BUFGCTRL_X0Y18       BUFG (Prop_bufg_I_O)         0.091    20.000 r  design_1_i/clk_wiz_0/inst/clkout1_buf/O
                         net (fo=9913, routed)        1.469    21.469    design_1_i/top_0/inst/MiniMIPS32_Lite_FullSyS0/clk
    SLICE_X48Y67         FDCE                                         r  design_1_i/top_0/inst/MiniMIPS32_Lite_FullSyS0/sw_1_ff_reg[29]/C
                         clock pessimism              0.004    21.473    
                         clock uncertainty           -0.084    21.389    
    SLICE_X48Y67         FDCE (Recov_fdce_C_CLR)     -0.405    20.984    design_1_i/top_0/inst/MiniMIPS32_Lite_FullSyS0/sw_1_ff_reg[29]
  -------------------------------------------------------------------
                         required time                         20.984    
                         arrival time                         -12.431    
  -------------------------------------------------------------------
                         slack                                  8.553    





Min Delay Paths
--------------------------------------------------------------------------------------
Slack (MET) :             2.910ns  (arrival time - required time)
  Source:                 design_1_i/top_0/inst/MiniMIPS32_Lite_FullSyS0/rst_n_reg/C
                            (rising edge-triggered cell FDCE clocked by clk_out1_design_1_clk_wiz_0_0  {rise@0.000ns fall@10.000ns period=20.000ns})
  Destination:            design_1_i/top_0/inst/MiniMIPS32_Lite_FullSyS0/ext_uart_tx_reg[4]/CLR
                            (removal check against rising-edge clock clk_out1_design_1_clk_wiz_0_0  {rise@0.000ns fall@10.000ns period=20.000ns})
  Path Group:             **async_default**
  Path Type:              Removal (Min at Fast Process Corner)
  Requirement:            0.000ns  (clk_out1_design_1_clk_wiz_0_0 rise@0.000ns - clk_out1_design_1_clk_wiz_0_0 rise@0.000ns)
  Data Path Delay:        3.005ns  (logic 0.186ns (6.189%)  route 2.819ns (93.811%))
  Logic Levels:           1  (LUT1=1)
  Clock Path Skew:        0.187ns (DCD - SCD - CPR)
    Destination Clock Delay (DCD):    0.910ns
    Source Clock Delay      (SCD):    0.714ns
    Clock Pessimism Removal (CPR):    0.009ns

    Location             Delay type                Incr(ns)  Path(ns)    Netlist Resource(s)
  -------------------------------------------------------------------    -------------------
                         (clock clk_out1_design_1_clk_wiz_0_0 rise edge)
                                                      0.000     0.000 r  
    BUFGCTRL_X0Y16       BUFG                         0.000     0.000 r  design_1_i/cg_fpga_0/inst/processing_system7_0/inst/buffer_fclk_clk_0.FCLK_CLK_0_BUFG/O
                         net (fo=7383, routed)        0.672     0.672    design_1_i/clk_wiz_0/inst/clk_in1
    MMCME2_ADV_X1Y2      MMCME2_ADV (Prop_mmcme2_adv_CLKIN1_CLKOUT0)
                                                     -1.395    -0.722 r  design_1_i/clk_wiz_0/inst/mmcm_adv_inst/CLKOUT0
                         net (fo=1, routed)           0.696    -0.026    design_1_i/clk_wiz_0/inst/clk_out1_design_1_clk_wiz_0_0
    BUFGCTRL_X0Y18       BUFG (Prop_bufg_I_O)         0.026    -0.000 r  design_1_i/clk_wiz_0/inst/clkout1_buf/O
                         net (fo=9913, routed)        0.714     0.714    design_1_i/top_0/inst/MiniMIPS32_Lite_FullSyS0/clk
    SLICE_X113Y114       FDCE                                         r  design_1_i/top_0/inst/MiniMIPS32_Lite_FullSyS0/rst_n_reg/C
  -------------------------------------------------------------------    -------------------
    SLICE_X113Y114       FDCE (Prop_fdce_C_Q)         0.141     0.855 r  design_1_i/top_0/inst/MiniMIPS32_Lite_FullSyS0/rst_n_reg/Q
                         net (fo=68, routed)          1.889     2.744    design_1_i/top_0/inst/MiniMIPS32_Lite_FullSyS0/cpu_core/regfile0/regs_reg[1][28]_0
    SLICE_X80Y129        LUT1 (Prop_lut1_I0_O)        0.045     2.789 f  design_1_i/top_0/inst/MiniMIPS32_Lite_FullSyS0/cpu_core/regfile0/sw_1_ff[31]_i_1/O
                         net (fo=1335, routed)        0.930     3.719    design_1_i/top_0/inst/MiniMIPS32_Lite_FullSyS0/cpu_core_n_0
    SLICE_X44Y146        FDCE                                         f  design_1_i/top_0/inst/MiniMIPS32_Lite_FullSyS0/ext_uart_tx_reg[4]/CLR
  -------------------------------------------------------------------    -------------------

                         (clock clk_out1_design_1_clk_wiz_0_0 rise edge)
                                                      0.000     0.000 r  
    BUFGCTRL_X0Y16       BUFG                         0.000     0.000 r  design_1_i/cg_fpga_0/inst/processing_system7_0/inst/buffer_fclk_clk_0.FCLK_CLK_0_BUFG/O
                         net (fo=7383, routed)        0.945     0.945    design_1_i/clk_wiz_0/inst/clk_in1
    MMCME2_ADV_X1Y2      MMCME2_ADV (Prop_mmcme2_adv_CLKIN1_CLKOUT0)
                                                     -1.726    -0.781 r  design_1_i/clk_wiz_0/inst/mmcm_adv_inst/CLKOUT0
                         net (fo=1, routed)           0.752    -0.029    design_1_i/clk_wiz_0/inst/clk_out1_design_1_clk_wiz_0_0
    BUFGCTRL_X0Y18       BUFG (Prop_bufg_I_O)         0.029     0.000 r  design_1_i/clk_wiz_0/inst/clkout1_buf/O
                         net (fo=9913, routed)        0.910     0.910    design_1_i/top_0/inst/MiniMIPS32_Lite_FullSyS0/clk
    SLICE_X44Y146        FDCE                                         r  design_1_i/top_0/inst/MiniMIPS32_Lite_FullSyS0/ext_uart_tx_reg[4]/C
                         clock pessimism             -0.009     0.901    
    SLICE_X44Y146        FDCE (Remov_fdce_C_CLR)     -0.092     0.809    design_1_i/top_0/inst/MiniMIPS32_Lite_FullSyS0/ext_uart_tx_reg[4]
  -------------------------------------------------------------------
                         required time                         -0.809    
                         arrival time                           3.719    
  -------------------------------------------------------------------
                         slack                                  2.910    

Slack (MET) :             2.980ns  (arrival time - required time)
  Source:                 design_1_i/top_0/inst/MiniMIPS32_Lite_FullSyS0/rst_n_reg/C
                            (rising edge-triggered cell FDCE clocked by clk_out1_design_1_clk_wiz_0_0  {rise@0.000ns fall@10.000ns period=20.000ns})
  Destination:            design_1_i/top_0/inst/MiniMIPS32_Lite_FullSyS0/ext_uart_tx_reg[0]/CLR
                            (removal check against rising-edge clock clk_out1_design_1_clk_wiz_0_0  {rise@0.000ns fall@10.000ns period=20.000ns})
  Path Group:             **async_default**
  Path Type:              Removal (Min at Fast Process Corner)
  Requirement:            0.000ns  (clk_out1_design_1_clk_wiz_0_0 rise@0.000ns - clk_out1_design_1_clk_wiz_0_0 rise@0.000ns)
  Data Path Delay:        3.075ns  (logic 0.186ns (6.049%)  route 2.889ns (93.951%))
  Logic Levels:           1  (LUT1=1)
  Clock Path Skew:        0.187ns (DCD - SCD - CPR)
    Destination Clock Delay (DCD):    0.910ns
    Source Clock Delay      (SCD):    0.714ns
    Clock Pessimism Removal (CPR):    0.009ns

    Location             Delay type                Incr(ns)  Path(ns)    Netlist Resource(s)
  -------------------------------------------------------------------    -------------------
                         (clock clk_out1_design_1_clk_wiz_0_0 rise edge)
                                                      0.000     0.000 r  
    BUFGCTRL_X0Y16       BUFG                         0.000     0.000 r  design_1_i/cg_fpga_0/inst/processing_system7_0/inst/buffer_fclk_clk_0.FCLK_CLK_0_BUFG/O
                         net (fo=7383, routed)        0.672     0.672    design_1_i/clk_wiz_0/inst/clk_in1
    MMCME2_ADV_X1Y2      MMCME2_ADV (Prop_mmcme2_adv_CLKIN1_CLKOUT0)
                                                     -1.395    -0.722 r  design_1_i/clk_wiz_0/inst/mmcm_adv_inst/CLKOUT0
                         net (fo=1, routed)           0.696    -0.026    design_1_i/clk_wiz_0/inst/clk_out1_design_1_clk_wiz_0_0
    BUFGCTRL_X0Y18       BUFG (Prop_bufg_I_O)         0.026    -0.000 r  design_1_i/clk_wiz_0/inst/clkout1_buf/O
                         net (fo=9913, routed)        0.714     0.714    design_1_i/top_0/inst/MiniMIPS32_Lite_FullSyS0/clk
    SLICE_X113Y114       FDCE                                         r  design_1_i/top_0/inst/MiniMIPS32_Lite_FullSyS0/rst_n_reg/C
  -------------------------------------------------------------------    -------------------
    SLICE_X113Y114       FDCE (Prop_fdce_C_Q)         0.141     0.855 r  design_1_i/top_0/inst/MiniMIPS32_Lite_FullSyS0/rst_n_reg/Q
                         net (fo=68, routed)          1.889     2.744    design_1_i/top_0/inst/MiniMIPS32_Lite_FullSyS0/cpu_core/regfile0/regs_reg[1][28]_0
    SLICE_X80Y129        LUT1 (Prop_lut1_I0_O)        0.045     2.789 f  design_1_i/top_0/inst/MiniMIPS32_Lite_FullSyS0/cpu_core/regfile0/sw_1_ff[31]_i_1/O
                         net (fo=1335, routed)        1.000     3.789    design_1_i/top_0/inst/MiniMIPS32_Lite_FullSyS0/cpu_core_n_0
    SLICE_X41Y146        FDCE                                         f  design_1_i/top_0/inst/MiniMIPS32_Lite_FullSyS0/ext_uart_tx_reg[0]/CLR
  -------------------------------------------------------------------    -------------------

                         (clock clk_out1_design_1_clk_wiz_0_0 rise edge)
                                                      0.000     0.000 r  
    BUFGCTRL_X0Y16       BUFG                         0.000     0.000 r  design_1_i/cg_fpga_0/inst/processing_system7_0/inst/buffer_fclk_clk_0.FCLK_CLK_0_BUFG/O
                         net (fo=7383, routed)        0.945     0.945    design_1_i/clk_wiz_0/inst/clk_in1
    MMCME2_ADV_X1Y2      MMCME2_ADV (Prop_mmcme2_adv_CLKIN1_CLKOUT0)
                                                     -1.726    -0.781 r  design_1_i/clk_wiz_0/inst/mmcm_adv_inst/CLKOUT0
                         net (fo=1, routed)           0.752    -0.029    design_1_i/clk_wiz_0/inst/clk_out1_design_1_clk_wiz_0_0
    BUFGCTRL_X0Y18       BUFG (Prop_bufg_I_O)         0.029     0.000 r  design_1_i/clk_wiz_0/inst/clkout1_buf/O
                         net (fo=9913, routed)        0.910     0.910    design_1_i/top_0/inst/MiniMIPS32_Lite_FullSyS0/clk
    SLICE_X41Y146        FDCE                                         r  design_1_i/top_0/inst/MiniMIPS32_Lite_FullSyS0/ext_uart_tx_reg[0]/C
                         clock pessimism             -0.009     0.901    
    SLICE_X41Y146        FDCE (Remov_fdce_C_CLR)     -0.092     0.809    design_1_i/top_0/inst/MiniMIPS32_Lite_FullSyS0/ext_uart_tx_reg[0]
  -------------------------------------------------------------------
                         required time                         -0.809    
                         arrival time                           3.789    
  -------------------------------------------------------------------
                         slack                                  2.980    

Slack (MET) :             2.984ns  (arrival time - required time)
  Source:                 design_1_i/top_0/inst/MiniMIPS32_Lite_FullSyS0/rst_n_reg/C
                            (rising edge-triggered cell FDCE clocked by clk_out1_design_1_clk_wiz_0_0  {rise@0.000ns fall@10.000ns period=20.000ns})
  Destination:            design_1_i/top_0/inst/MiniMIPS32_Lite_FullSyS0/ext_uart_tx_reg[6]/CLR
                            (removal check against rising-edge clock clk_out1_design_1_clk_wiz_0_0  {rise@0.000ns fall@10.000ns period=20.000ns})
  Path Group:             **async_default**
  Path Type:              Removal (Min at Fast Process Corner)
  Requirement:            0.000ns  (clk_out1_design_1_clk_wiz_0_0 rise@0.000ns - clk_out1_design_1_clk_wiz_0_0 rise@0.000ns)
  Data Path Delay:        3.079ns  (logic 0.186ns (6.041%)  route 2.893ns (93.959%))
  Logic Levels:           1  (LUT1=1)
  Clock Path Skew:        0.187ns (DCD - SCD - CPR)
    Destination Clock Delay (DCD):    0.910ns
    Source Clock Delay      (SCD):    0.714ns
    Clock Pessimism Removal (CPR):    0.009ns

    Location             Delay type                Incr(ns)  Path(ns)    Netlist Resource(s)
  -------------------------------------------------------------------    -------------------
                         (clock clk_out1_design_1_clk_wiz_0_0 rise edge)
                                                      0.000     0.000 r  
    BUFGCTRL_X0Y16       BUFG                         0.000     0.000 r  design_1_i/cg_fpga_0/inst/processing_system7_0/inst/buffer_fclk_clk_0.FCLK_CLK_0_BUFG/O
                         net (fo=7383, routed)        0.672     0.672    design_1_i/clk_wiz_0/inst/clk_in1
    MMCME2_ADV_X1Y2      MMCME2_ADV (Prop_mmcme2_adv_CLKIN1_CLKOUT0)
                                                     -1.395    -0.722 r  design_1_i/clk_wiz_0/inst/mmcm_adv_inst/CLKOUT0
                         net (fo=1, routed)           0.696    -0.026    design_1_i/clk_wiz_0/inst/clk_out1_design_1_clk_wiz_0_0
    BUFGCTRL_X0Y18       BUFG (Prop_bufg_I_O)         0.026    -0.000 r  design_1_i/clk_wiz_0/inst/clkout1_buf/O
                         net (fo=9913, routed)        0.714     0.714    design_1_i/top_0/inst/MiniMIPS32_Lite_FullSyS0/clk
    SLICE_X113Y114       FDCE                                         r  design_1_i/top_0/inst/MiniMIPS32_Lite_FullSyS0/rst_n_reg/C
  -------------------------------------------------------------------    -------------------
    SLICE_X113Y114       FDCE (Prop_fdce_C_Q)         0.141     0.855 r  design_1_i/top_0/inst/MiniMIPS32_Lite_FullSyS0/rst_n_reg/Q
                         net (fo=68, routed)          1.889     2.744    design_1_i/top_0/inst/MiniMIPS32_Lite_FullSyS0/cpu_core/regfile0/regs_reg[1][28]_0
    SLICE_X80Y129        LUT1 (Prop_lut1_I0_O)        0.045     2.789 f  design_1_i/top_0/inst/MiniMIPS32_Lite_FullSyS0/cpu_core/regfile0/sw_1_ff[31]_i_1/O
                         net (fo=1335, routed)        1.004     3.793    design_1_i/top_0/inst/MiniMIPS32_Lite_FullSyS0/cpu_core_n_0
    SLICE_X40Y146        FDCE                                         f  design_1_i/top_0/inst/MiniMIPS32_Lite_FullSyS0/ext_uart_tx_reg[6]/CLR
  -------------------------------------------------------------------    -------------------

                         (clock clk_out1_design_1_clk_wiz_0_0 rise edge)
                                                      0.000     0.000 r  
    BUFGCTRL_X0Y16       BUFG                         0.000     0.000 r  design_1_i/cg_fpga_0/inst/processing_system7_0/inst/buffer_fclk_clk_0.FCLK_CLK_0_BUFG/O
                         net (fo=7383, routed)        0.945     0.945    design_1_i/clk_wiz_0/inst/clk_in1
    MMCME2_ADV_X1Y2      MMCME2_ADV (Prop_mmcme2_adv_CLKIN1_CLKOUT0)
                                                     -1.726    -0.781 r  design_1_i/clk_wiz_0/inst/mmcm_adv_inst/CLKOUT0
                         net (fo=1, routed)           0.752    -0.029    design_1_i/clk_wiz_0/inst/clk_out1_design_1_clk_wiz_0_0
    BUFGCTRL_X0Y18       BUFG (Prop_bufg_I_O)         0.029     0.000 r  design_1_i/clk_wiz_0/inst/clkout1_buf/O
                         net (fo=9913, routed)        0.910     0.910    design_1_i/top_0/inst/MiniMIPS32_Lite_FullSyS0/clk
    SLICE_X40Y146        FDCE                                         r  design_1_i/top_0/inst/MiniMIPS32_Lite_FullSyS0/ext_uart_tx_reg[6]/C
                         clock pessimism             -0.009     0.901    
    SLICE_X40Y146        FDCE (Remov_fdce_C_CLR)     -0.092     0.809    design_1_i/top_0/inst/MiniMIPS32_Lite_FullSyS0/ext_uart_tx_reg[6]
  -------------------------------------------------------------------
                         required time                         -0.809    
                         arrival time                           3.793    
  -------------------------------------------------------------------
                         slack                                  2.984    

Slack (MET) :             3.111ns  (arrival time - required time)
  Source:                 design_1_i/top_0/inst/MiniMIPS32_Lite_FullSyS0/rst_n_reg/C
                            (rising edge-triggered cell FDCE clocked by clk_out1_design_1_clk_wiz_0_0  {rise@0.000ns fall@10.000ns period=20.000ns})
  Destination:            design_1_i/top_0/inst/MiniMIPS32_Lite_FullSyS0/tx_fifo_rd_ptr_reg[0]/CLR
                            (removal check against rising-edge clock clk_out1_design_1_clk_wiz_0_0  {rise@0.000ns fall@10.000ns period=20.000ns})
  Path Group:             **async_default**
  Path Type:              Removal (Min at Fast Process Corner)
  Requirement:            0.000ns  (clk_out1_design_1_clk_wiz_0_0 rise@0.000ns - clk_out1_design_1_clk_wiz_0_0 rise@0.000ns)
  Data Path Delay:        3.206ns  (logic 0.186ns (5.802%)  route 3.020ns (94.198%))
  Logic Levels:           1  (LUT1=1)
  Clock Path Skew:        0.187ns (DCD - SCD - CPR)
    Destination Clock Delay (DCD):    0.910ns
    Source Clock Delay      (SCD):    0.714ns
    Clock Pessimism Removal (CPR):    0.009ns

    Location             Delay type                Incr(ns)  Path(ns)    Netlist Resource(s)
  -------------------------------------------------------------------    -------------------
                         (clock clk_out1_design_1_clk_wiz_0_0 rise edge)
                                                      0.000     0.000 r  
    BUFGCTRL_X0Y16       BUFG                         0.000     0.000 r  design_1_i/cg_fpga_0/inst/processing_system7_0/inst/buffer_fclk_clk_0.FCLK_CLK_0_BUFG/O
                         net (fo=7383, routed)        0.672     0.672    design_1_i/clk_wiz_0/inst/clk_in1
    MMCME2_ADV_X1Y2      MMCME2_ADV (Prop_mmcme2_adv_CLKIN1_CLKOUT0)
                                                     -1.395    -0.722 r  design_1_i/clk_wiz_0/inst/mmcm_adv_inst/CLKOUT0
                         net (fo=1, routed)           0.696    -0.026    design_1_i/clk_wiz_0/inst/clk_out1_design_1_clk_wiz_0_0
    BUFGCTRL_X0Y18       BUFG (Prop_bufg_I_O)         0.026    -0.000 r  design_1_i/clk_wiz_0/inst/clkout1_buf/O
                         net (fo=9913, routed)        0.714     0.714    design_1_i/top_0/inst/MiniMIPS32_Lite_FullSyS0/clk
    SLICE_X113Y114       FDCE                                         r  design_1_i/top_0/inst/MiniMIPS32_Lite_FullSyS0/rst_n_reg/C
  -------------------------------------------------------------------    -------------------
    SLICE_X113Y114       FDCE (Prop_fdce_C_Q)         0.141     0.855 r  design_1_i/top_0/inst/MiniMIPS32_Lite_FullSyS0/rst_n_reg/Q
                         net (fo=68, routed)          1.889     2.744    design_1_i/top_0/inst/MiniMIPS32_Lite_FullSyS0/cpu_core/regfile0/regs_reg[1][28]_0
    SLICE_X80Y129        LUT1 (Prop_lut1_I0_O)        0.045     2.789 f  design_1_i/top_0/inst/MiniMIPS32_Lite_FullSyS0/cpu_core/regfile0/sw_1_ff[31]_i_1/O
                         net (fo=1335, routed)        1.131     3.920    design_1_i/top_0/inst/MiniMIPS32_Lite_FullSyS0/cpu_core_n_0
    SLICE_X48Y144        FDCE                                         f  design_1_i/top_0/inst/MiniMIPS32_Lite_FullSyS0/tx_fifo_rd_ptr_reg[0]/CLR
  -------------------------------------------------------------------    -------------------

                         (clock clk_out1_design_1_clk_wiz_0_0 rise edge)
                                                      0.000     0.000 r  
    BUFGCTRL_X0Y16       BUFG                         0.000     0.000 r  design_1_i/cg_fpga_0/inst/processing_system7_0/inst/buffer_fclk_clk_0.FCLK_CLK_0_BUFG/O
                         net (fo=7383, routed)        0.945     0.945    design_1_i/clk_wiz_0/inst/clk_in1
    MMCME2_ADV_X1Y2      MMCME2_ADV (Prop_mmcme2_adv_CLKIN1_CLKOUT0)
                                                     -1.726    -0.781 r  design_1_i/clk_wiz_0/inst/mmcm_adv_inst/CLKOUT0
                         net (fo=1, routed)           0.752    -0.029    design_1_i/clk_wiz_0/inst/clk_out1_design_1_clk_wiz_0_0
    BUFGCTRL_X0Y18       BUFG (Prop_bufg_I_O)         0.029     0.000 r  design_1_i/clk_wiz_0/inst/clkout1_buf/O
                         net (fo=9913, routed)        0.910     0.910    design_1_i/top_0/inst/MiniMIPS32_Lite_FullSyS0/clk
    SLICE_X48Y144        FDCE                                         r  design_1_i/top_0/inst/MiniMIPS32_Lite_FullSyS0/tx_fifo_rd_ptr_reg[0]/C
                         clock pessimism             -0.009     0.901    
    SLICE_X48Y144        FDCE (Remov_fdce_C_CLR)     -0.092     0.809    design_1_i/top_0/inst/MiniMIPS32_Lite_FullSyS0/tx_fifo_rd_ptr_reg[0]
  -------------------------------------------------------------------
                         required time                         -0.809    
                         arrival time                           3.920    
  -------------------------------------------------------------------
                         slack                                  3.111    

Slack (MET) :             3.111ns  (arrival time - required time)
  Source:                 design_1_i/top_0/inst/MiniMIPS32_Lite_FullSyS0/rst_n_reg/C
                            (rising edge-triggered cell FDCE clocked by clk_out1_design_1_clk_wiz_0_0  {rise@0.000ns fall@10.000ns period=20.000ns})
  Destination:            design_1_i/top_0/inst/MiniMIPS32_Lite_FullSyS0/tx_fifo_rd_ptr_reg[1]/CLR
                            (removal check against rising-edge clock clk_out1_design_1_clk_wiz_0_0  {rise@0.000ns fall@10.000ns period=20.000ns})
  Path Group:             **async_default**
  Path Type:              Removal (Min at Fast Process Corner)
  Requirement:            0.000ns  (clk_out1_design_1_clk_wiz_0_0 rise@0.000ns - clk_out1_design_1_clk_wiz_0_0 rise@0.000ns)
  Data Path Delay:        3.206ns  (logic 0.186ns (5.802%)  route 3.020ns (94.198%))
  Logic Levels:           1  (LUT1=1)
  Clock Path Skew:        0.187ns (DCD - SCD - CPR)
    Destination Clock Delay (DCD):    0.910ns
    Source Clock Delay      (SCD):    0.714ns
    Clock Pessimism Removal (CPR):    0.009ns

    Location             Delay type                Incr(ns)  Path(ns)    Netlist Resource(s)
  -------------------------------------------------------------------    -------------------
                         (clock clk_out1_design_1_clk_wiz_0_0 rise edge)
                                                      0.000     0.000 r  
    BUFGCTRL_X0Y16       BUFG                         0.000     0.000 r  design_1_i/cg_fpga_0/inst/processing_system7_0/inst/buffer_fclk_clk_0.FCLK_CLK_0_BUFG/O
                         net (fo=7383, routed)        0.672     0.672    design_1_i/clk_wiz_0/inst/clk_in1
    MMCME2_ADV_X1Y2      MMCME2_ADV (Prop_mmcme2_adv_CLKIN1_CLKOUT0)
                                                     -1.395    -0.722 r  design_1_i/clk_wiz_0/inst/mmcm_adv_inst/CLKOUT0
                         net (fo=1, routed)           0.696    -0.026    design_1_i/clk_wiz_0/inst/clk_out1_design_1_clk_wiz_0_0
    BUFGCTRL_X0Y18       BUFG (Prop_bufg_I_O)         0.026    -0.000 r  design_1_i/clk_wiz_0/inst/clkout1_buf/O
                         net (fo=9913, routed)        0.714     0.714    design_1_i/top_0/inst/MiniMIPS32_Lite_FullSyS0/clk
    SLICE_X113Y114       FDCE                                         r  design_1_i/top_0/inst/MiniMIPS32_Lite_FullSyS0/rst_n_reg/C
  -------------------------------------------------------------------    -------------------
    SLICE_X113Y114       FDCE (Prop_fdce_C_Q)         0.141     0.855 r  design_1_i/top_0/inst/MiniMIPS32_Lite_FullSyS0/rst_n_reg/Q
                         net (fo=68, routed)          1.889     2.744    design_1_i/top_0/inst/MiniMIPS32_Lite_FullSyS0/cpu_core/regfile0/regs_reg[1][28]_0
    SLICE_X80Y129        LUT1 (Prop_lut1_I0_O)        0.045     2.789 f  design_1_i/top_0/inst/MiniMIPS32_Lite_FullSyS0/cpu_core/regfile0/sw_1_ff[31]_i_1/O
                         net (fo=1335, routed)        1.131     3.920    design_1_i/top_0/inst/MiniMIPS32_Lite_FullSyS0/cpu_core_n_0
    SLICE_X48Y144        FDCE                                         f  design_1_i/top_0/inst/MiniMIPS32_Lite_FullSyS0/tx_fifo_rd_ptr_reg[1]/CLR
  -------------------------------------------------------------------    -------------------

                         (clock clk_out1_design_1_clk_wiz_0_0 rise edge)
                                                      0.000     0.000 r  
    BUFGCTRL_X0Y16       BUFG                         0.000     0.000 r  design_1_i/cg_fpga_0/inst/processing_system7_0/inst/buffer_fclk_clk_0.FCLK_CLK_0_BUFG/O
                         net (fo=7383, routed)        0.945     0.945    design_1_i/clk_wiz_0/inst/clk_in1
    MMCME2_ADV_X1Y2      MMCME2_ADV (Prop_mmcme2_adv_CLKIN1_CLKOUT0)
                                                     -1.726    -0.781 r  design_1_i/clk_wiz_0/inst/mmcm_adv_inst/CLKOUT0
                         net (fo=1, routed)           0.752    -0.029    design_1_i/clk_wiz_0/inst/clk_out1_design_1_clk_wiz_0_0
    BUFGCTRL_X0Y18       BUFG (Prop_bufg_I_O)         0.029     0.000 r  design_1_i/clk_wiz_0/inst/clkout1_buf/O
                         net (fo=9913, routed)        0.910     0.910    design_1_i/top_0/inst/MiniMIPS32_Lite_FullSyS0/clk
    SLICE_X48Y144        FDCE                                         r  design_1_i/top_0/inst/MiniMIPS32_Lite_FullSyS0/tx_fifo_rd_ptr_reg[1]/C
                         clock pessimism             -0.009     0.901    
    SLICE_X48Y144        FDCE (Remov_fdce_C_CLR)     -0.092     0.809    design_1_i/top_0/inst/MiniMIPS32_Lite_FullSyS0/tx_fifo_rd_ptr_reg[1]
  -------------------------------------------------------------------
                         required time                         -0.809    
                         arrival time                           3.920    
  -------------------------------------------------------------------
                         slack                                  3.111    

Slack (MET) :             3.111ns  (arrival time - required time)
  Source:                 design_1_i/top_0/inst/MiniMIPS32_Lite_FullSyS0/rst_n_reg/C
                            (rising edge-triggered cell FDCE clocked by clk_out1_design_1_clk_wiz_0_0  {rise@0.000ns fall@10.000ns period=20.000ns})
  Destination:            design_1_i/top_0/inst/MiniMIPS32_Lite_FullSyS0/tx_fifo_rd_ptr_reg[2]/CLR
                            (removal check against rising-edge clock clk_out1_design_1_clk_wiz_0_0  {rise@0.000ns fall@10.000ns period=20.000ns})
  Path Group:             **async_default**
  Path Type:              Removal (Min at Fast Process Corner)
  Requirement:            0.000ns  (clk_out1_design_1_clk_wiz_0_0 rise@0.000ns - clk_out1_design_1_clk_wiz_0_0 rise@0.000ns)
  Data Path Delay:        3.206ns  (logic 0.186ns (5.802%)  route 3.020ns (94.198%))
  Logic Levels:           1  (LUT1=1)
  Clock Path Skew:        0.187ns (DCD - SCD - CPR)
    Destination Clock Delay (DCD):    0.910ns
    Source Clock Delay      (SCD):    0.714ns
    Clock Pessimism Removal (CPR):    0.009ns

    Location             Delay type                Incr(ns)  Path(ns)    Netlist Resource(s)
  -------------------------------------------------------------------    -------------------
                         (clock clk_out1_design_1_clk_wiz_0_0 rise edge)
                                                      0.000     0.000 r  
    BUFGCTRL_X0Y16       BUFG                         0.000     0.000 r  design_1_i/cg_fpga_0/inst/processing_system7_0/inst/buffer_fclk_clk_0.FCLK_CLK_0_BUFG/O
                         net (fo=7383, routed)        0.672     0.672    design_1_i/clk_wiz_0/inst/clk_in1
    MMCME2_ADV_X1Y2      MMCME2_ADV (Prop_mmcme2_adv_CLKIN1_CLKOUT0)
                                                     -1.395    -0.722 r  design_1_i/clk_wiz_0/inst/mmcm_adv_inst/CLKOUT0
                         net (fo=1, routed)           0.696    -0.026    design_1_i/clk_wiz_0/inst/clk_out1_design_1_clk_wiz_0_0
    BUFGCTRL_X0Y18       BUFG (Prop_bufg_I_O)         0.026    -0.000 r  design_1_i/clk_wiz_0/inst/clkout1_buf/O
                         net (fo=9913, routed)        0.714     0.714    design_1_i/top_0/inst/MiniMIPS32_Lite_FullSyS0/clk
    SLICE_X113Y114       FDCE                                         r  design_1_i/top_0/inst/MiniMIPS32_Lite_FullSyS0/rst_n_reg/C
  -------------------------------------------------------------------    -------------------
    SLICE_X113Y114       FDCE (Prop_fdce_C_Q)         0.141     0.855 r  design_1_i/top_0/inst/MiniMIPS32_Lite_FullSyS0/rst_n_reg/Q
                         net (fo=68, routed)          1.889     2.744    design_1_i/top_0/inst/MiniMIPS32_Lite_FullSyS0/cpu_core/regfile0/regs_reg[1][28]_0
    SLICE_X80Y129        LUT1 (Prop_lut1_I0_O)        0.045     2.789 f  design_1_i/top_0/inst/MiniMIPS32_Lite_FullSyS0/cpu_core/regfile0/sw_1_ff[31]_i_1/O
                         net (fo=1335, routed)        1.131     3.920    design_1_i/top_0/inst/MiniMIPS32_Lite_FullSyS0/cpu_core_n_0
    SLICE_X48Y144        FDCE                                         f  design_1_i/top_0/inst/MiniMIPS32_Lite_FullSyS0/tx_fifo_rd_ptr_reg[2]/CLR
  -------------------------------------------------------------------    -------------------

                         (clock clk_out1_design_1_clk_wiz_0_0 rise edge)
                                                      0.000     0.000 r  
    BUFGCTRL_X0Y16       BUFG                         0.000     0.000 r  design_1_i/cg_fpga_0/inst/processing_system7_0/inst/buffer_fclk_clk_0.FCLK_CLK_0_BUFG/O
                         net (fo=7383, routed)        0.945     0.945    design_1_i/clk_wiz_0/inst/clk_in1
    MMCME2_ADV_X1Y2      MMCME2_ADV (Prop_mmcme2_adv_CLKIN1_CLKOUT0)
                                                     -1.726    -0.781 r  design_1_i/clk_wiz_0/inst/mmcm_adv_inst/CLKOUT0
                         net (fo=1, routed)           0.752    -0.029    design_1_i/clk_wiz_0/inst/clk_out1_design_1_clk_wiz_0_0
    BUFGCTRL_X0Y18       BUFG (Prop_bufg_I_O)         0.029     0.000 r  design_1_i/clk_wiz_0/inst/clkout1_buf/O
                         net (fo=9913, routed)        0.910     0.910    design_1_i/top_0/inst/MiniMIPS32_Lite_FullSyS0/clk
    SLICE_X48Y144        FDCE                                         r  design_1_i/top_0/inst/MiniMIPS32_Lite_FullSyS0/tx_fifo_rd_ptr_reg[2]/C
                         clock pessimism             -0.009     0.901    
    SLICE_X48Y144        FDCE (Remov_fdce_C_CLR)     -0.092     0.809    design_1_i/top_0/inst/MiniMIPS32_Lite_FullSyS0/tx_fifo_rd_ptr_reg[2]
  -------------------------------------------------------------------
                         required time                         -0.809    
                         arrival time                           3.920    
  -------------------------------------------------------------------
                         slack                                  3.111    

Slack (MET) :             3.247ns  (arrival time - required time)
  Source:                 design_1_i/top_0/inst/MiniMIPS32_Lite_FullSyS0/rst_n_reg/C
                            (rising edge-triggered cell FDCE clocked by clk_out1_design_1_clk_wiz_0_0  {rise@0.000ns fall@10.000ns period=20.000ns})
  Destination:            design_1_i/top_0/inst/MiniMIPS32_Lite_FullSyS0/ext_uart_tx_reg[3]/CLR
                            (removal check against rising-edge clock clk_out1_design_1_clk_wiz_0_0  {rise@0.000ns fall@10.000ns period=20.000ns})
  Path Group:             **async_default**
  Path Type:              Removal (Min at Fast Process Corner)
  Requirement:            0.000ns  (clk_out1_design_1_clk_wiz_0_0 rise@0.000ns - clk_out1_design_1_clk_wiz_0_0 rise@0.000ns)
  Data Path Delay:        3.343ns  (logic 0.186ns (5.564%)  route 3.157ns (94.436%))
  Logic Levels:           1  (LUT1=1)
  Clock Path Skew:        0.187ns (DCD - SCD - CPR)
    Destination Clock Delay (DCD):    0.910ns
    Source Clock Delay      (SCD):    0.714ns
    Clock Pessimism Removal (CPR):    0.009ns

    Location             Delay type                Incr(ns)  Path(ns)    Netlist Resource(s)
  -------------------------------------------------------------------    -------------------
                         (clock clk_out1_design_1_clk_wiz_0_0 rise edge)
                                                      0.000     0.000 r  
    BUFGCTRL_X0Y16       BUFG                         0.000     0.000 r  design_1_i/cg_fpga_0/inst/processing_system7_0/inst/buffer_fclk_clk_0.FCLK_CLK_0_BUFG/O
                         net (fo=7383, routed)        0.672     0.672    design_1_i/clk_wiz_0/inst/clk_in1
    MMCME2_ADV_X1Y2      MMCME2_ADV (Prop_mmcme2_adv_CLKIN1_CLKOUT0)
                                                     -1.395    -0.722 r  design_1_i/clk_wiz_0/inst/mmcm_adv_inst/CLKOUT0
                         net (fo=1, routed)           0.696    -0.026    design_1_i/clk_wiz_0/inst/clk_out1_design_1_clk_wiz_0_0
    BUFGCTRL_X0Y18       BUFG (Prop_bufg_I_O)         0.026    -0.000 r  design_1_i/clk_wiz_0/inst/clkout1_buf/O
                         net (fo=9913, routed)        0.714     0.714    design_1_i/top_0/inst/MiniMIPS32_Lite_FullSyS0/clk
    SLICE_X113Y114       FDCE                                         r  design_1_i/top_0/inst/MiniMIPS32_Lite_FullSyS0/rst_n_reg/C
  -------------------------------------------------------------------    -------------------
    SLICE_X113Y114       FDCE (Prop_fdce_C_Q)         0.141     0.855 r  design_1_i/top_0/inst/MiniMIPS32_Lite_FullSyS0/rst_n_reg/Q
                         net (fo=68, routed)          1.889     2.744    design_1_i/top_0/inst/MiniMIPS32_Lite_FullSyS0/cpu_core/regfile0/regs_reg[1][28]_0
    SLICE_X80Y129        LUT1 (Prop_lut1_I0_O)        0.045     2.789 f  design_1_i/top_0/inst/MiniMIPS32_Lite_FullSyS0/cpu_core/regfile0/sw_1_ff[31]_i_1/O
                         net (fo=1335, routed)        1.268     4.057    design_1_i/top_0/inst/MiniMIPS32_Lite_FullSyS0/cpu_core_n_0
    SLICE_X45Y144        FDCE                                         f  design_1_i/top_0/inst/MiniMIPS32_Lite_FullSyS0/ext_uart_tx_reg[3]/CLR
  -------------------------------------------------------------------    -------------------

                         (clock clk_out1_design_1_clk_wiz_0_0 rise edge)
                                                      0.000     0.000 r  
    BUFGCTRL_X0Y16       BUFG                         0.000     0.000 r  design_1_i/cg_fpga_0/inst/processing_system7_0/inst/buffer_fclk_clk_0.FCLK_CLK_0_BUFG/O
                         net (fo=7383, routed)        0.945     0.945    design_1_i/clk_wiz_0/inst/clk_in1
    MMCME2_ADV_X1Y2      MMCME2_ADV (Prop_mmcme2_adv_CLKIN1_CLKOUT0)
                                                     -1.726    -0.781 r  design_1_i/clk_wiz_0/inst/mmcm_adv_inst/CLKOUT0
                         net (fo=1, routed)           0.752    -0.029    design_1_i/clk_wiz_0/inst/clk_out1_design_1_clk_wiz_0_0
    BUFGCTRL_X0Y18       BUFG (Prop_bufg_I_O)         0.029     0.000 r  design_1_i/clk_wiz_0/inst/clkout1_buf/O
                         net (fo=9913, routed)        0.910     0.910    design_1_i/top_0/inst/MiniMIPS32_Lite_FullSyS0/clk
    SLICE_X45Y144        FDCE                                         r  design_1_i/top_0/inst/MiniMIPS32_Lite_FullSyS0/ext_uart_tx_reg[3]/C
                         clock pessimism             -0.009     0.901    
    SLICE_X45Y144        FDCE (Remov_fdce_C_CLR)     -0.092     0.809    design_1_i/top_0/inst/MiniMIPS32_Lite_FullSyS0/ext_uart_tx_reg[3]
  -------------------------------------------------------------------
                         required time                         -0.809    
                         arrival time                           4.057    
  -------------------------------------------------------------------
                         slack                                  3.247    

Slack (MET) :             3.252ns  (arrival time - required time)
  Source:                 design_1_i/top_0/inst/MiniMIPS32_Lite_FullSyS0/rst_n_reg/C
                            (rising edge-triggered cell FDCE clocked by clk_out1_design_1_clk_wiz_0_0  {rise@0.000ns fall@10.000ns period=20.000ns})
  Destination:            design_1_i/top_0/inst/MiniMIPS32_Lite_FullSyS0/ext_uart_tx_reg[1]/CLR
                            (removal check against rising-edge clock clk_out1_design_1_clk_wiz_0_0  {rise@0.000ns fall@10.000ns period=20.000ns})
  Path Group:             **async_default**
  Path Type:              Removal (Min at Fast Process Corner)
  Requirement:            0.000ns  (clk_out1_design_1_clk_wiz_0_0 rise@0.000ns - clk_out1_design_1_clk_wiz_0_0 rise@0.000ns)
  Data Path Delay:        3.347ns  (logic 0.186ns (5.557%)  route 3.161ns (94.443%))
  Logic Levels:           1  (LUT1=1)
  Clock Path Skew:        0.187ns (DCD - SCD - CPR)
    Destination Clock Delay (DCD):    0.910ns
    Source Clock Delay      (SCD):    0.714ns
    Clock Pessimism Removal (CPR):    0.009ns

    Location             Delay type                Incr(ns)  Path(ns)    Netlist Resource(s)
  -------------------------------------------------------------------    -------------------
                         (clock clk_out1_design_1_clk_wiz_0_0 rise edge)
                                                      0.000     0.000 r  
    BUFGCTRL_X0Y16       BUFG                         0.000     0.000 r  design_1_i/cg_fpga_0/inst/processing_system7_0/inst/buffer_fclk_clk_0.FCLK_CLK_0_BUFG/O
                         net (fo=7383, routed)        0.672     0.672    design_1_i/clk_wiz_0/inst/clk_in1
    MMCME2_ADV_X1Y2      MMCME2_ADV (Prop_mmcme2_adv_CLKIN1_CLKOUT0)
                                                     -1.395    -0.722 r  design_1_i/clk_wiz_0/inst/mmcm_adv_inst/CLKOUT0
                         net (fo=1, routed)           0.696    -0.026    design_1_i/clk_wiz_0/inst/clk_out1_design_1_clk_wiz_0_0
    BUFGCTRL_X0Y18       BUFG (Prop_bufg_I_O)         0.026    -0.000 r  design_1_i/clk_wiz_0/inst/clkout1_buf/O
                         net (fo=9913, routed)        0.714     0.714    design_1_i/top_0/inst/MiniMIPS32_Lite_FullSyS0/clk
    SLICE_X113Y114       FDCE                                         r  design_1_i/top_0/inst/MiniMIPS32_Lite_FullSyS0/rst_n_reg/C
  -------------------------------------------------------------------    -------------------
    SLICE_X113Y114       FDCE (Prop_fdce_C_Q)         0.141     0.855 r  design_1_i/top_0/inst/MiniMIPS32_Lite_FullSyS0/rst_n_reg/Q
                         net (fo=68, routed)          1.889     2.744    design_1_i/top_0/inst/MiniMIPS32_Lite_FullSyS0/cpu_core/regfile0/regs_reg[1][28]_0
    SLICE_X80Y129        LUT1 (Prop_lut1_I0_O)        0.045     2.789 f  design_1_i/top_0/inst/MiniMIPS32_Lite_FullSyS0/cpu_core/regfile0/sw_1_ff[31]_i_1/O
                         net (fo=1335, routed)        1.272     4.061    design_1_i/top_0/inst/MiniMIPS32_Lite_FullSyS0/cpu_core_n_0
    SLICE_X44Y144        FDCE                                         f  design_1_i/top_0/inst/MiniMIPS32_Lite_FullSyS0/ext_uart_tx_reg[1]/CLR
  -------------------------------------------------------------------    -------------------

                         (clock clk_out1_design_1_clk_wiz_0_0 rise edge)
                                                      0.000     0.000 r  
    BUFGCTRL_X0Y16       BUFG                         0.000     0.000 r  design_1_i/cg_fpga_0/inst/processing_system7_0/inst/buffer_fclk_clk_0.FCLK_CLK_0_BUFG/O
                         net (fo=7383, routed)        0.945     0.945    design_1_i/clk_wiz_0/inst/clk_in1
    MMCME2_ADV_X1Y2      MMCME2_ADV (Prop_mmcme2_adv_CLKIN1_CLKOUT0)
                                                     -1.726    -0.781 r  design_1_i/clk_wiz_0/inst/mmcm_adv_inst/CLKOUT0
                         net (fo=1, routed)           0.752    -0.029    design_1_i/clk_wiz_0/inst/clk_out1_design_1_clk_wiz_0_0
    BUFGCTRL_X0Y18       BUFG (Prop_bufg_I_O)         0.029     0.000 r  design_1_i/clk_wiz_0/inst/clkout1_buf/O
                         net (fo=9913, routed)        0.910     0.910    design_1_i/top_0/inst/MiniMIPS32_Lite_FullSyS0/clk
    SLICE_X44Y144        FDCE                                         r  design_1_i/top_0/inst/MiniMIPS32_Lite_FullSyS0/ext_uart_tx_reg[1]/C
                         clock pessimism             -0.009     0.901    
    SLICE_X44Y144        FDCE (Remov_fdce_C_CLR)     -0.092     0.809    design_1_i/top_0/inst/MiniMIPS32_Lite_FullSyS0/ext_uart_tx_reg[1]
  -------------------------------------------------------------------
                         required time                         -0.809    
                         arrival time                           4.061    
  -------------------------------------------------------------------
                         slack                                  3.252    

Slack (MET) :             3.306ns  (arrival time - required time)
  Source:                 design_1_i/top_0/inst/MiniMIPS32_Lite_FullSyS0/rst_n_reg/C
                            (rising edge-triggered cell FDCE clocked by clk_out1_design_1_clk_wiz_0_0  {rise@0.000ns fall@10.000ns period=20.000ns})
  Destination:            design_1_i/top_0/inst/MiniMIPS32_Lite_FullSyS0/ext_uart_tx_reg[7]/CLR
                            (removal check against rising-edge clock clk_out1_design_1_clk_wiz_0_0  {rise@0.000ns fall@10.000ns period=20.000ns})
  Path Group:             **async_default**
  Path Type:              Removal (Min at Fast Process Corner)
  Requirement:            0.000ns  (clk_out1_design_1_clk_wiz_0_0 rise@0.000ns - clk_out1_design_1_clk_wiz_0_0 rise@0.000ns)
  Data Path Delay:        3.401ns  (logic 0.186ns (5.468%)  route 3.215ns (94.532%))
  Logic Levels:           1  (LUT1=1)
  Clock Path Skew:        0.187ns (DCD - SCD - CPR)
    Destination Clock Delay (DCD):    0.910ns
    Source Clock Delay      (SCD):    0.714ns
    Clock Pessimism Removal (CPR):    0.009ns

    Location             Delay type                Incr(ns)  Path(ns)    Netlist Resource(s)
  -------------------------------------------------------------------    -------------------
                         (clock clk_out1_design_1_clk_wiz_0_0 rise edge)
                                                      0.000     0.000 r  
    BUFGCTRL_X0Y16       BUFG                         0.000     0.000 r  design_1_i/cg_fpga_0/inst/processing_system7_0/inst/buffer_fclk_clk_0.FCLK_CLK_0_BUFG/O
                         net (fo=7383, routed)        0.672     0.672    design_1_i/clk_wiz_0/inst/clk_in1
    MMCME2_ADV_X1Y2      MMCME2_ADV (Prop_mmcme2_adv_CLKIN1_CLKOUT0)
                                                     -1.395    -0.722 r  design_1_i/clk_wiz_0/inst/mmcm_adv_inst/CLKOUT0
                         net (fo=1, routed)           0.696    -0.026    design_1_i/clk_wiz_0/inst/clk_out1_design_1_clk_wiz_0_0
    BUFGCTRL_X0Y18       BUFG (Prop_bufg_I_O)         0.026    -0.000 r  design_1_i/clk_wiz_0/inst/clkout1_buf/O
                         net (fo=9913, routed)        0.714     0.714    design_1_i/top_0/inst/MiniMIPS32_Lite_FullSyS0/clk
    SLICE_X113Y114       FDCE                                         r  design_1_i/top_0/inst/MiniMIPS32_Lite_FullSyS0/rst_n_reg/C
  -------------------------------------------------------------------    -------------------
    SLICE_X113Y114       FDCE (Prop_fdce_C_Q)         0.141     0.855 r  design_1_i/top_0/inst/MiniMIPS32_Lite_FullSyS0/rst_n_reg/Q
                         net (fo=68, routed)          1.889     2.744    design_1_i/top_0/inst/MiniMIPS32_Lite_FullSyS0/cpu_core/regfile0/regs_reg[1][28]_0
    SLICE_X80Y129        LUT1 (Prop_lut1_I0_O)        0.045     2.789 f  design_1_i/top_0/inst/MiniMIPS32_Lite_FullSyS0/cpu_core/regfile0/sw_1_ff[31]_i_1/O
                         net (fo=1335, routed)        1.326     4.116    design_1_i/top_0/inst/MiniMIPS32_Lite_FullSyS0/cpu_core_n_0
    SLICE_X44Y143        FDCE                                         f  design_1_i/top_0/inst/MiniMIPS32_Lite_FullSyS0/ext_uart_tx_reg[7]/CLR
  -------------------------------------------------------------------    -------------------

                         (clock clk_out1_design_1_clk_wiz_0_0 rise edge)
                                                      0.000     0.000 r  
    BUFGCTRL_X0Y16       BUFG                         0.000     0.000 r  design_1_i/cg_fpga_0/inst/processing_system7_0/inst/buffer_fclk_clk_0.FCLK_CLK_0_BUFG/O
                         net (fo=7383, routed)        0.945     0.945    design_1_i/clk_wiz_0/inst/clk_in1
    MMCME2_ADV_X1Y2      MMCME2_ADV (Prop_mmcme2_adv_CLKIN1_CLKOUT0)
                                                     -1.726    -0.781 r  design_1_i/clk_wiz_0/inst/mmcm_adv_inst/CLKOUT0
                         net (fo=1, routed)           0.752    -0.029    design_1_i/clk_wiz_0/inst/clk_out1_design_1_clk_wiz_0_0
    BUFGCTRL_X0Y18       BUFG (Prop_bufg_I_O)         0.029     0.000 r  design_1_i/clk_wiz_0/inst/clkout1_buf/O
                         net (fo=9913, routed)        0.910     0.910    design_1_i/top_0/inst/MiniMIPS32_Lite_FullSyS0/clk
    SLICE_X44Y143        FDCE                                         r  design_1_i/top_0/inst/MiniMIPS32_Lite_FullSyS0/ext_uart_tx_reg[7]/C
                         clock pessimism             -0.009     0.901    
    SLICE_X44Y143        FDCE (Remov_fdce_C_CLR)     -0.092     0.809    design_1_i/top_0/inst/MiniMIPS32_Lite_FullSyS0/ext_uart_tx_reg[7]
  -------------------------------------------------------------------
                         required time                         -0.809    
                         arrival time                           4.116    
  -------------------------------------------------------------------
                         slack                                  3.306    

Slack (MET) :             3.362ns  (arrival time - required time)
  Source:                 design_1_i/top_0/inst/MiniMIPS32_Lite_FullSyS0/rst_n_reg/C
                            (rising edge-triggered cell FDCE clocked by clk_out1_design_1_clk_wiz_0_0  {rise@0.000ns fall@10.000ns period=20.000ns})
  Destination:            design_1_i/top_0/inst/MiniMIPS32_Lite_FullSyS0/ext_uart_tx_reg[2]/CLR
                            (removal check against rising-edge clock clk_out1_design_1_clk_wiz_0_0  {rise@0.000ns fall@10.000ns period=20.000ns})
  Path Group:             **async_default**
  Path Type:              Removal (Min at Fast Process Corner)
  Requirement:            0.000ns  (clk_out1_design_1_clk_wiz_0_0 rise@0.000ns - clk_out1_design_1_clk_wiz_0_0 rise@0.000ns)
  Data Path Delay:        3.457ns  (logic 0.186ns (5.380%)  route 3.271ns (94.620%))
  Logic Levels:           1  (LUT1=1)
  Clock Path Skew:        0.187ns (DCD - SCD - CPR)
    Destination Clock Delay (DCD):    0.910ns
    Source Clock Delay      (SCD):    0.714ns
    Clock Pessimism Removal (CPR):    0.009ns

    Location             Delay type                Incr(ns)  Path(ns)    Netlist Resource(s)
  -------------------------------------------------------------------    -------------------
                         (clock clk_out1_design_1_clk_wiz_0_0 rise edge)
                                                      0.000     0.000 r  
    BUFGCTRL_X0Y16       BUFG                         0.000     0.000 r  design_1_i/cg_fpga_0/inst/processing_system7_0/inst/buffer_fclk_clk_0.FCLK_CLK_0_BUFG/O
                         net (fo=7383, routed)        0.672     0.672    design_1_i/clk_wiz_0/inst/clk_in1
    MMCME2_ADV_X1Y2      MMCME2_ADV (Prop_mmcme2_adv_CLKIN1_CLKOUT0)
                                                     -1.395    -0.722 r  design_1_i/clk_wiz_0/inst/mmcm_adv_inst/CLKOUT0
                         net (fo=1, routed)           0.696    -0.026    design_1_i/clk_wiz_0/inst/clk_out1_design_1_clk_wiz_0_0
    BUFGCTRL_X0Y18       BUFG (Prop_bufg_I_O)         0.026    -0.000 r  design_1_i/clk_wiz_0/inst/clkout1_buf/O
                         net (fo=9913, routed)        0.714     0.714    design_1_i/top_0/inst/MiniMIPS32_Lite_FullSyS0/clk
    SLICE_X113Y114       FDCE                                         r  design_1_i/top_0/inst/MiniMIPS32_Lite_FullSyS0/rst_n_reg/C
  -------------------------------------------------------------------    -------------------
    SLICE_X113Y114       FDCE (Prop_fdce_C_Q)         0.141     0.855 r  design_1_i/top_0/inst/MiniMIPS32_Lite_FullSyS0/rst_n_reg/Q
                         net (fo=68, routed)          1.889     2.744    design_1_i/top_0/inst/MiniMIPS32_Lite_FullSyS0/cpu_core/regfile0/regs_reg[1][28]_0
    SLICE_X80Y129        LUT1 (Prop_lut1_I0_O)        0.045     2.789 f  design_1_i/top_0/inst/MiniMIPS32_Lite_FullSyS0/cpu_core/regfile0/sw_1_ff[31]_i_1/O
                         net (fo=1335, routed)        1.382     4.171    design_1_i/top_0/inst/MiniMIPS32_Lite_FullSyS0/cpu_core_n_0
    SLICE_X45Y145        FDCE                                         f  design_1_i/top_0/inst/MiniMIPS32_Lite_FullSyS0/ext_uart_tx_reg[2]/CLR
  -------------------------------------------------------------------    -------------------

                         (clock clk_out1_design_1_clk_wiz_0_0 rise edge)
                                                      0.000     0.000 r  
    BUFGCTRL_X0Y16       BUFG                         0.000     0.000 r  design_1_i/cg_fpga_0/inst/processing_system7_0/inst/buffer_fclk_clk_0.FCLK_CLK_0_BUFG/O
                         net (fo=7383, routed)        0.945     0.945    design_1_i/clk_wiz_0/inst/clk_in1
    MMCME2_ADV_X1Y2      MMCME2_ADV (Prop_mmcme2_adv_CLKIN1_CLKOUT0)
                                                     -1.726    -0.781 r  design_1_i/clk_wiz_0/inst/mmcm_adv_inst/CLKOUT0
                         net (fo=1, routed)           0.752    -0.029    design_1_i/clk_wiz_0/inst/clk_out1_design_1_clk_wiz_0_0
    BUFGCTRL_X0Y18       BUFG (Prop_bufg_I_O)         0.029     0.000 r  design_1_i/clk_wiz_0/inst/clkout1_buf/O
                         net (fo=9913, routed)        0.910     0.910    design_1_i/top_0/inst/MiniMIPS32_Lite_FullSyS0/clk
    SLICE_X45Y145        FDCE                                         r  design_1_i/top_0/inst/MiniMIPS32_Lite_FullSyS0/ext_uart_tx_reg[2]/C
                         clock pessimism             -0.009     0.901    
    SLICE_X45Y145        FDCE (Remov_fdce_C_CLR)     -0.092     0.809    design_1_i/top_0/inst/MiniMIPS32_Lite_FullSyS0/ext_uart_tx_reg[2]
  -------------------------------------------------------------------
                         required time                         -0.809    
                         arrival time                           4.171    
  -------------------------------------------------------------------
                         slack                                  3.362    





