Vivado Simulator 2018.3
Time resolution is 1 ps
WARNING: This core is supplied with a behavioral model. To model cycle-accurate behavior you must run timing simulation.
WARNING: This core is supplied with a behavioral model. To model cycle-accurate behavior you must run timing simulation.
WARNING: This core is supplied with a behavioral model. To model cycle-accurate behavior you must run timing simulation.
Time=230000 PC=80000020 Reg[8]=00000001
Time=250000 PC=80000024 Reg[9]=00000001
Time=270000 PC=80000028 Reg[4]=80010000
Time=290000 PC=8000002c Reg[12]=80010100
Time=310000 PC=80000030 Reg[10]=00000002
Time=330000 PC=80000034 Reg[8]=00000001
Time=350000 PC=80000038 Reg[9]=00000002
Time=350000 STORE: addr=80010000 data=02000000
Time=370000 LOAD:  addr=80010000 data=02000000
Time=390000 PC=80000040 Reg[11]=00000002
Time=470000 PC=8000004c Reg[4]=80010004
Time=530000 PC=80000030 Reg[10]=00000003
Time=550000 PC=80000034 Reg[8]=00000002
Time=570000 PC=80000038 Reg[9]=00000003
Time=570000 STORE: addr=80010004 data=03000000
Time=590000 LOAD:  addr=80010004 data=03000000
Time=610000 PC=80000040 Reg[11]=00000003
Time=690000 PC=8000004c Reg[4]=80010008
Time=750000 PC=80000030 Reg[10]=00000005
Time=770000 PC=80000034 Reg[8]=00000003
Time=790000 PC=80000038 Reg[9]=00000005
Time=790000 STORE: addr=80010008 data=05000000
Time=810000 LOAD:  addr=80010008 data=05000000
Time=830000 PC=80000040 Reg[11]=00000005
Time=910000 PC=8000004c Reg[4]=8001000c
Time=970000 PC=80000030 Reg[10]=00000008
Time=990000 PC=80000034 Reg[8]=00000005
Time=1010000 PC=80000038 Reg[9]=00000008
Time=1010000 STORE: addr=8001000c data=08000000
Time=1030000 LOAD:  addr=8001000c data=08000000
Time=1050000 PC=80000040 Reg[11]=00000008
Time=1130000 PC=8000004c Reg[4]=80010010
Time=1190000 PC=80000030 Reg[10]=0000000d
Time=1210000 PC=80000034 Reg[8]=00000008
Time=1230000 PC=80000038 Reg[9]=0000000d
Time=1230000 STORE: addr=80010010 data=0d000000
Time=1250000 LOAD:  addr=80010010 data=0d000000
Time=1270000 PC=80000040 Reg[11]=0000000d
Time=1350000 PC=8000004c Reg[4]=80010014
Time=1410000 PC=80000030 Reg[10]=00000015
Time=1430000 PC=80000034 Reg[8]=0000000d
Time=1450000 PC=80000038 Reg[9]=00000015
Time=1450000 STORE: addr=80010014 data=15000000
Time=1470000 LOAD:  addr=80010014 data=15000000
Time=1490000 PC=80000040 Reg[11]=00000015
Time=1570000 PC=8000004c Reg[4]=80010018
Time=1630000 PC=80000030 Reg[10]=00000022
Time=1650000 PC=80000034 Reg[8]=00000015
Time=1670000 PC=80000038 Reg[9]=00000022
Time=1670000 STORE: addr=80010018 data=22000000
Time=1690000 LOAD:  addr=80010018 data=22000000
Time=1710000 PC=80000040 Reg[11]=00000022
Time=1790000 PC=8000004c Reg[4]=8001001c
Time=1850000 PC=80000030 Reg[10]=00000037
Time=1870000 PC=80000034 Reg[8]=00000022
Time=1890000 PC=80000038 Reg[9]=00000037
Time=1890000 STORE: addr=8001001c data=37000000
Time=1910000 LOAD:  addr=8001001c data=37000000
Time=1930000 PC=80000040 Reg[11]=00000037
Time=2010000 PC=8000004c Reg[4]=80010020
Time=2070000 PC=80000030 Reg[10]=00000059
Time=2090000 PC=80000034 Reg[8]=00000037
Time=2110000 PC=80000038 Reg[9]=00000059
Time=2110000 STORE: addr=80010020 data=59000000
Time=2130000 LOAD:  addr=80010020 data=59000000
Time=2150000 PC=80000040 Reg[11]=00000059
Time=2230000 PC=8000004c Reg[4]=80010024
Time=2290000 PC=80000030 Reg[10]=00000090
Time=2310000 PC=80000034 Reg[8]=00000059
Time=2330000 PC=80000038 Reg[9]=00000090
Time=2330000 STORE: addr=80010024 data=90000000
Time=2350000 LOAD:  addr=80010024 data=90000000
Time=2370000 PC=80000040 Reg[11]=00000090
Time=2450000 PC=8000004c Reg[4]=80010028
Time=2510000 PC=80000030 Reg[10]=000000e9
Time=2530000 PC=80000034 Reg[8]=00000090
Time=2550000 PC=80000038 Reg[9]=000000e9
Time=2550000 STORE: addr=80010028 data=e9000000
Time=2570000 LOAD:  addr=80010028 data=e9000000
Time=2590000 PC=80000040 Reg[11]=000000e9
Time=2670000 PC=8000004c Reg[4]=8001002c
Time=2730000 PC=80000030 Reg[10]=00000179
Time=2750000 PC=80000034 Reg[8]=000000e9
Time=2770000 PC=80000038 Reg[9]=00000179
Time=2770000 STORE: addr=8001002c data=79010000
Time=2790000 LOAD:  addr=8001002c data=79010000
Time=2810000 PC=80000040 Reg[11]=00000179
Time=2890000 PC=8000004c Reg[4]=80010030
Time=2950000 PC=80000030 Reg[10]=00000262
Time=2970000 PC=80000034 Reg[8]=00000179
Time=2990000 PC=80000038 Reg[9]=00000262
Time=2990000 STORE: addr=80010030 data=62020000
Time=3010000 LOAD:  addr=80010030 data=62020000
Time=3030000 PC=80000040 Reg[11]=00000262
Time=3110000 PC=8000004c Reg[4]=80010034
Time=3170000 PC=80000030 Reg[10]=000003db
Time=3190000 PC=80000034 Reg[8]=00000262
Time=3210000 PC=80000038 Reg[9]=000003db
Time=3210000 STORE: addr=80010034 data=db030000
Time=3230000 LOAD:  addr=80010034 data=db030000
Time=3250000 PC=80000040 Reg[11]=000003db
Time=3330000 PC=8000004c Reg[4]=80010038
Time=3390000 PC=80000030 Reg[10]=0000063d
Time=3410000 PC=80000034 Reg[8]=000003db
Time=3430000 PC=80000038 Reg[9]=0000063d
Time=3430000 STORE: addr=80010038 data=3d060000
Time=3450000 LOAD:  addr=80010038 data=3d060000
Time=3470000 PC=80000040 Reg[11]=0000063d
Time=3550000 PC=8000004c Reg[4]=8001003c
Time=3610000 PC=80000030 Reg[10]=00000a18
Time=3630000 PC=80000034 Reg[8]=0000063d
Time=3650000 PC=80000038 Reg[9]=00000a18
Time=3650000 STORE: addr=8001003c data=180a0000
Time=3670000 LOAD:  addr=8001003c data=180a0000
Time=3690000 PC=80000040 Reg[11]=00000a18
Time=3770000 PC=8000004c Reg[4]=80010040
Time=3830000 PC=80000030 Reg[10]=00001055
Time=3850000 PC=80000034 Reg[8]=00000a18
Time=3870000 PC=80000038 Reg[9]=00001055
Time=3870000 STORE: addr=80010040 data=55100000
Time=3890000 LOAD:  addr=80010040 data=55100000
Time=3910000 PC=80000040 Reg[11]=00001055
Time=3990000 PC=8000004c Reg[4]=80010044
Time=4050000 PC=80000030 Reg[10]=00001a6d
Time=4070000 PC=80000034 Reg[8]=00001055
Time=4090000 PC=80000038 Reg[9]=00001a6d
Time=4090000 STORE: addr=80010044 data=6d1a0000
Time=4110000 LOAD:  addr=80010044 data=6d1a0000
Time=4130000 PC=80000040 Reg[11]=00001a6d
Time=4210000 PC=8000004c Reg[4]=80010048
Time=4270000 PC=80000030 Reg[10]=00002ac2
Time=4290000 PC=80000034 Reg[8]=00001a6d
Time=4310000 PC=80000038 Reg[9]=00002ac2
Time=4310000 STORE: addr=80010048 data=c22a0000
Time=4330000 LOAD:  addr=80010048 data=c22a0000
Time=4350000 PC=80000040 Reg[11]=00002ac2
Time=4430000 PC=8000004c Reg[4]=8001004c
Time=4490000 PC=80000030 Reg[10]=0000452f
Time=4510000 PC=80000034 Reg[8]=00002ac2
Time=4530000 PC=80000038 Reg[9]=0000452f
Time=4530000 STORE: addr=8001004c data=2f450000
Time=4550000 LOAD:  addr=8001004c data=2f450000
Time=4570000 PC=80000040 Reg[11]=0000452f
Time=4650000 PC=8000004c Reg[4]=80010050
Time=4710000 PC=80000030 Reg[10]=00006ff1
Time=4730000 PC=80000034 Reg[8]=0000452f
Time=4750000 PC=80000038 Reg[9]=00006ff1
Time=4750000 STORE: addr=80010050 data=f16f0000
Time=4770000 LOAD:  addr=80010050 data=f16f0000
Time=4790000 PC=80000040 Reg[11]=00006ff1
Time=4870000 PC=8000004c Reg[4]=80010054
Time=4930000 PC=80000030 Reg[10]=0000b520
Time=4950000 PC=80000034 Reg[8]=00006ff1
Time=4970000 PC=80000038 Reg[9]=0000b520
Time=4970000 STORE: addr=80010054 data=20b50000
Time=4990000 LOAD:  addr=80010054 data=20b50000
Time=5010000 PC=80000040 Reg[11]=0000b520
Time=5090000 PC=8000004c Reg[4]=80010058
Time=5150000 PC=80000030 Reg[10]=00012511
Time=5170000 PC=80000034 Reg[8]=0000b520
Time=5190000 PC=80000038 Reg[9]=00012511
Time=5190000 STORE: addr=80010058 data=11250100
Time=5210000 LOAD:  addr=80010058 data=11250100
Time=5230000 PC=80000040 Reg[11]=00012511
Time=5310000 PC=8000004c Reg[4]=8001005c
Time=5370000 PC=80000030 Reg[10]=0001da31
Time=5390000 PC=80000034 Reg[8]=00012511
Time=5410000 PC=80000038 Reg[9]=0001da31
Time=5410000 STORE: addr=8001005c data=31da0100
Time=5430000 LOAD:  addr=8001005c data=31da0100
Time=5450000 PC=80000040 Reg[11]=0001da31
Time=5530000 PC=8000004c Reg[4]=80010060
Time=5590000 PC=80000030 Reg[10]=0002ff42
Time=5610000 PC=80000034 Reg[8]=0001da31
Time=5630000 PC=80000038 Reg[9]=0002ff42
Time=5630000 STORE: addr=80010060 data=42ff0200
Time=5650000 LOAD:  addr=80010060 data=42ff0200
Time=5670000 PC=80000040 Reg[11]=0002ff42
Time=5750000 PC=8000004c Reg[4]=80010064
Time=5810000 PC=80000030 Reg[10]=0004d973
Time=5830000 PC=80000034 Reg[8]=0002ff42
Time=5850000 PC=80000038 Reg[9]=0004d973
Time=5850000 STORE: addr=80010064 data=73d90400
Time=5870000 LOAD:  addr=80010064 data=73d90400
Time=5890000 PC=80000040 Reg[11]=0004d973
Time=5970000 PC=8000004c Reg[4]=80010068
Time=6030000 PC=80000030 Reg[10]=0007d8b5
Time=6050000 PC=80000034 Reg[8]=0004d973
Time=6070000 PC=80000038 Reg[9]=0007d8b5
Time=6070000 STORE: addr=80010068 data=b5d80700
Time=6090000 LOAD:  addr=80010068 data=b5d80700
Time=6110000 PC=80000040 Reg[11]=0007d8b5
Time=6190000 PC=8000004c Reg[4]=8001006c
Time=6250000 PC=80000030 Reg[10]=000cb228
Time=6270000 PC=80000034 Reg[8]=0007d8b5
Time=6290000 PC=80000038 Reg[9]=000cb228
Time=6290000 STORE: addr=8001006c data=28b20c00
Time=6310000 LOAD:  addr=8001006c data=28b20c00
Time=6330000 PC=80000040 Reg[11]=000cb228
Time=6410000 PC=8000004c Reg[4]=80010070
Time=6470000 PC=80000030 Reg[10]=00148add
Time=6490000 PC=80000034 Reg[8]=000cb228
Time=6510000 PC=80000038 Reg[9]=00148add
Time=6510000 STORE: addr=80010070 data=dd8a1400
Time=6530000 LOAD:  addr=80010070 data=dd8a1400
Time=6550000 PC=80000040 Reg[11]=00148add
Time=6630000 PC=8000004c Reg[4]=80010074
Time=6690000 PC=80000030 Reg[10]=00213d05
Time=6710000 PC=80000034 Reg[8]=00148add
Time=6730000 PC=80000038 Reg[9]=00213d05
Time=6730000 STORE: addr=80010074 data=053d2100
Time=6750000 LOAD:  addr=80010074 data=053d2100
Time=6770000 PC=80000040 Reg[11]=00213d05
Time=6850000 PC=8000004c Reg[4]=80010078
Time=6910000 PC=80000030 Reg[10]=0035c7e2
Time=6930000 PC=80000034 Reg[8]=00213d05
Time=6950000 PC=80000038 Reg[9]=0035c7e2
Time=6950000 STORE: addr=80010078 data=e2c73500
Time=6970000 LOAD:  addr=80010078 data=e2c73500
Time=6990000 PC=80000040 Reg[11]=0035c7e2
Time=7070000 PC=8000004c Reg[4]=8001007c
Time=7130000 PC=80000030 Reg[10]=005704e7
Time=7150000 PC=80000034 Reg[8]=0035c7e2
Time=7170000 PC=80000038 Reg[9]=005704e7
Time=7170000 STORE: addr=8001007c data=e7045700
Time=7190000 LOAD:  addr=8001007c data=e7045700
Time=7210000 PC=80000040 Reg[11]=005704e7
Time=7290000 PC=8000004c Reg[4]=80010080
Time=7350000 PC=80000030 Reg[10]=008cccc9
Time=7370000 PC=80000034 Reg[8]=005704e7
Time=7390000 PC=80000038 Reg[9]=008cccc9
Time=7390000 STORE: addr=80010080 data=c9cc8c00
Time=7410000 LOAD:  addr=80010080 data=c9cc8c00
Time=7430000 PC=80000040 Reg[11]=008cccc9
Time=7510000 PC=8000004c Reg[4]=80010084
Time=7570000 PC=80000030 Reg[10]=00e3d1b0
Time=7590000 PC=80000034 Reg[8]=008cccc9
Time=7610000 PC=80000038 Reg[9]=00e3d1b0
Time=7610000 STORE: addr=80010084 data=b0d1e300
Time=7630000 LOAD:  addr=80010084 data=b0d1e300
Time=7650000 PC=80000040 Reg[11]=00e3d1b0
Time=7730000 PC=8000004c Reg[4]=80010088
Time=7790000 PC=80000030 Reg[10]=01709e79
Time=7810000 PC=80000034 Reg[8]=00e3d1b0
Time=7830000 PC=80000038 Reg[9]=01709e79
Time=7830000 STORE: addr=80010088 data=799e7001
Time=7850000 LOAD:  addr=80010088 data=799e7001
Time=7870000 PC=80000040 Reg[11]=01709e79
Time=7950000 PC=8000004c Reg[4]=8001008c
Time=8010000 PC=80000030 Reg[10]=02547029
Time=8030000 PC=80000034 Reg[8]=01709e79
Time=8050000 PC=80000038 Reg[9]=02547029
Time=8050000 STORE: addr=8001008c data=29705402
Time=8070000 LOAD:  addr=8001008c data=29705402
Time=8090000 PC=80000040 Reg[11]=02547029
Time=8170000 PC=8000004c Reg[4]=80010090
Time=8230000 PC=80000030 Reg[10]=03c50ea2
Time=8250000 PC=80000034 Reg[8]=02547029
Time=8270000 PC=80000038 Reg[9]=03c50ea2
Time=8270000 STORE: addr=80010090 data=a20ec503
Time=8290000 LOAD:  addr=80010090 data=a20ec503
Time=8310000 PC=80000040 Reg[11]=03c50ea2
Time=8390000 PC=8000004c Reg[4]=80010094
Time=8450000 PC=80000030 Reg[10]=06197ecb
Time=8470000 PC=80000034 Reg[8]=03c50ea2
Time=8490000 PC=80000038 Reg[9]=06197ecb
Time=8490000 STORE: addr=80010094 data=cb7e1906
Time=8510000 LOAD:  addr=80010094 data=cb7e1906
Time=8530000 PC=80000040 Reg[11]=06197ecb
Time=8610000 PC=8000004c Reg[4]=80010098
Time=8670000 PC=80000030 Reg[10]=09de8d6d
Time=8690000 PC=80000034 Reg[8]=06197ecb
Time=8710000 PC=80000038 Reg[9]=09de8d6d
Time=8710000 STORE: addr=80010098 data=6d8dde09
Time=8730000 LOAD:  addr=80010098 data=6d8dde09
Time=8750000 PC=80000040 Reg[11]=09de8d6d
Time=8830000 PC=8000004c Reg[4]=8001009c
Time=8890000 PC=80000030 Reg[10]=0ff80c38
Time=8910000 PC=80000034 Reg[8]=09de8d6d
Time=8930000 PC=80000038 Reg[9]=0ff80c38
Time=8930000 STORE: addr=8001009c data=380cf80f
Time=8950000 LOAD:  addr=8001009c data=380cf80f
Time=8970000 PC=80000040 Reg[11]=0ff80c38
Time=9050000 PC=8000004c Reg[4]=800100a0
Time=9110000 PC=80000030 Reg[10]=19d699a5
Time=9130000 PC=80000034 Reg[8]=0ff80c38
Time=9150000 PC=80000038 Reg[9]=19d699a5
Time=9150000 STORE: addr=800100a0 data=a599d619
Time=9170000 LOAD:  addr=800100a0 data=a599d619
Time=9190000 PC=80000040 Reg[11]=19d699a5
Time=9270000 PC=8000004c Reg[4]=800100a4
Time=9330000 PC=80000030 Reg[10]=29cea5dd
Time=9350000 PC=80000034 Reg[8]=19d699a5
Time=9370000 PC=80000038 Reg[9]=29cea5dd
Time=9370000 STORE: addr=800100a4 data=dda5ce29
Time=9390000 LOAD:  addr=800100a4 data=dda5ce29
Time=9410000 PC=80000040 Reg[11]=29cea5dd
Time=9490000 PC=8000004c Reg[4]=800100a8
Time=9550000 PC=80000030 Reg[10]=43a53f82
Time=9570000 PC=80000034 Reg[8]=29cea5dd
Time=9590000 PC=80000038 Reg[9]=43a53f82
Time=9590000 STORE: addr=800100a8 data=823fa543
Time=9610000 LOAD:  addr=800100a8 data=823fa543
Time=9630000 PC=80000040 Reg[11]=43a53f82
Time=9710000 PC=8000004c Reg[4]=800100ac
Time=9770000 PC=80000030 Reg[10]=6d73e55f
Time=9790000 PC=80000034 Reg[8]=43a53f82
Time=9810000 PC=80000038 Reg[9]=6d73e55f
Time=9810000 STORE: addr=800100ac data=5fe5736d
Time=9830000 LOAD:  addr=800100ac data=5fe5736d
Time=9850000 PC=80000040 Reg[11]=6d73e55f
Time=9930000 PC=8000004c Reg[4]=800100b0
Time=9990000 PC=80000030 Reg[10]=b11924e1
Time=10010000 PC=80000034 Reg[8]=6d73e55f
Time=10030000 PC=80000038 Reg[9]=b11924e1
Time=10030000 STORE: addr=800100b0 data=e12419b1
Time=10050000 LOAD:  addr=800100b0 data=e12419b1
Time=10070000 PC=80000040 Reg[11]=b11924e1
Time=10150000 PC=8000004c Reg[4]=800100b4
Time=10210000 PC=80000030 Reg[10]=1e8d0a40
Time=10230000 PC=80000034 Reg[8]=b11924e1
Time=10250000 PC=80000038 Reg[9]=1e8d0a40
Time=10250000 STORE: addr=800100b4 data=400a8d1e
Time=10270000 LOAD:  addr=800100b4 data=400a8d1e
Time=10290000 PC=80000040 Reg[11]=1e8d0a40
Time=10370000 PC=8000004c Reg[4]=800100b8
Time=10430000 PC=80000030 Reg[10]=cfa62f21
Time=10450000 PC=80000034 Reg[8]=1e8d0a40
Time=10470000 PC=80000038 Reg[9]=cfa62f21
Time=10470000 STORE: addr=800100b8 data=212fa6cf
Time=10490000 LOAD:  addr=800100b8 data=212fa6cf
Time=10510000 PC=80000040 Reg[11]=cfa62f21
Time=10590000 PC=8000004c Reg[4]=800100bc
Time=10650000 PC=80000030 Reg[10]=ee333961
Time=10670000 PC=80000034 Reg[8]=cfa62f21
Time=10690000 PC=80000038 Reg[9]=ee333961
Time=10690000 STORE: addr=800100bc data=613933ee
Time=10710000 LOAD:  addr=800100bc data=613933ee
Time=10730000 PC=80000040 Reg[11]=ee333961
Time=10810000 PC=8000004c Reg[4]=800100c0
Time=10870000 PC=80000030 Reg[10]=bdd96882
Time=10890000 PC=80000034 Reg[8]=ee333961
Time=10910000 PC=80000038 Reg[9]=bdd96882
Time=10910000 STORE: addr=800100c0 data=8268d9bd
Time=10930000 LOAD:  addr=800100c0 data=8268d9bd
Time=10950000 PC=80000040 Reg[11]=bdd96882
Time=11030000 PC=8000004c Reg[4]=800100c4
Time=11090000 PC=80000030 Reg[10]=ac0ca1e3
Time=11110000 PC=80000034 Reg[8]=bdd96882
Time=11130000 PC=80000038 Reg[9]=ac0ca1e3
Time=11130000 STORE: addr=800100c4 data=e3a10cac
Time=11150000 LOAD:  addr=800100c4 data=e3a10cac
Time=11170000 PC=80000040 Reg[11]=ac0ca1e3
Time=11250000 PC=8000004c Reg[4]=800100c8
Time=11310000 PC=80000030 Reg[10]=69e60a65
Time=11330000 PC=80000034 Reg[8]=ac0ca1e3
Time=11350000 PC=80000038 Reg[9]=69e60a65
Time=11350000 STORE: addr=800100c8 data=650ae669
Time=11370000 LOAD:  addr=800100c8 data=650ae669
Time=11390000 PC=80000040 Reg[11]=69e60a65
Time=11470000 PC=8000004c Reg[4]=800100cc
Time=11530000 PC=80000030 Reg[10]=15f2ac48
Time=11550000 PC=80000034 Reg[8]=69e60a65
Time=11570000 PC=80000038 Reg[9]=15f2ac48
Time=11570000 STORE: addr=800100cc data=48acf215
Time=11590000 LOAD:  addr=800100cc data=48acf215
Time=11610000 PC=80000040 Reg[11]=15f2ac48
Time=11690000 PC=8000004c Reg[4]=800100d0
Time=11750000 PC=80000030 Reg[10]=7fd8b6ad
Time=11770000 PC=80000034 Reg[8]=15f2ac48
Time=11790000 PC=80000038 Reg[9]=7fd8b6ad
Time=11790000 STORE: addr=800100d0 data=adb6d87f
Time=11810000 LOAD:  addr=800100d0 data=adb6d87f
Time=11830000 PC=80000040 Reg[11]=7fd8b6ad
Time=11910000 PC=8000004c Reg[4]=800100d4
Time=11970000 PC=80000030 Reg[10]=95cb62f5
Time=11990000 PC=80000034 Reg[8]=7fd8b6ad
Time=12010000 PC=80000038 Reg[9]=95cb62f5
Time=12010000 STORE: addr=800100d4 data=f562cb95
Time=12030000 LOAD:  addr=800100d4 data=f562cb95
Time=12050000 PC=80000040 Reg[11]=95cb62f5
Time=12130000 PC=8000004c Reg[4]=800100d8
Time=12190000 PC=80000030 Reg[10]=15a419a2
Time=12210000 PC=80000034 Reg[8]=95cb62f5
Time=12230000 PC=80000038 Reg[9]=15a419a2
Time=12230000 STORE: addr=800100d8 data=a219a415
Time=12250000 LOAD:  addr=800100d8 data=a219a415
Time=12270000 PC=80000040 Reg[11]=15a419a2
Time=12350000 PC=8000004c Reg[4]=800100dc
Time=12410000 PC=80000030 Reg[10]=ab6f7c97
Time=12430000 PC=80000034 Reg[8]=15a419a2
Time=12450000 PC=80000038 Reg[9]=ab6f7c97
Time=12450000 STORE: addr=800100dc data=977c6fab
Time=12470000 LOAD:  addr=800100dc data=977c6fab
Time=12490000 PC=80000040 Reg[11]=ab6f7c97
Time=12570000 PC=8000004c Reg[4]=800100e0
Time=12630000 PC=80000030 Reg[10]=c1139639
Time=12650000 PC=80000034 Reg[8]=ab6f7c97
Time=12670000 PC=80000038 Reg[9]=c1139639
Time=12670000 STORE: addr=800100e0 data=399613c1
Time=12690000 LOAD:  addr=800100e0 data=399613c1
Time=12710000 PC=80000040 Reg[11]=c1139639
Time=12790000 PC=8000004c Reg[4]=800100e4
Time=12850000 PC=80000030 Reg[10]=6c8312d0
Time=12870000 PC=80000034 Reg[8]=c1139639
Time=12890000 PC=80000038 Reg[9]=6c8312d0
Time=12890000 STORE: addr=800100e4 data=d012836c
Time=12910000 LOAD:  addr=800100e4 data=d012836c
Time=12930000 PC=80000040 Reg[11]=6c8312d0
Time=13010000 PC=8000004c Reg[4]=800100e8
Time=13070000 PC=80000030 Reg[10]=2d96a909
Time=13090000 PC=80000034 Reg[8]=6c8312d0
Time=13110000 PC=80000038 Reg[9]=2d96a909
Time=13110000 STORE: addr=800100e8 data=09a9962d
Time=13130000 LOAD:  addr=800100e8 data=09a9962d
Time=13150000 PC=80000040 Reg[11]=2d96a909
Time=13230000 PC=8000004c Reg[4]=800100ec
Time=13290000 PC=80000030 Reg[10]=9a19bbd9
Time=13310000 PC=80000034 Reg[8]=2d96a909
Time=13330000 PC=80000038 Reg[9]=9a19bbd9
Time=13330000 STORE: addr=800100ec data=d9bb199a
Time=13350000 LOAD:  addr=800100ec data=d9bb199a
Time=13370000 PC=80000040 Reg[11]=9a19bbd9
Time=13450000 PC=8000004c Reg[4]=800100f0
Time=13510000 PC=80000030 Reg[10]=c7b064e2
Time=13530000 PC=80000034 Reg[8]=9a19bbd9
Time=13550000 PC=80000038 Reg[9]=c7b064e2
Time=13550000 STORE: addr=800100f0 data=e264b0c7
Time=13570000 LOAD:  addr=800100f0 data=e264b0c7
Time=13590000 PC=80000040 Reg[11]=c7b064e2
Time=13670000 PC=8000004c Reg[4]=800100f4
Time=13730000 PC=80000030 Reg[10]=61ca20bb
Time=13750000 PC=80000034 Reg[8]=c7b064e2
Time=13770000 PC=80000038 Reg[9]=61ca20bb
Time=13770000 STORE: addr=800100f4 data=bb20ca61
Time=13790000 LOAD:  addr=800100f4 data=bb20ca61
Time=13810000 PC=80000040 Reg[11]=61ca20bb
Time=13890000 PC=8000004c Reg[4]=800100f8
Time=13950000 PC=80000030 Reg[10]=297a859d
Time=13970000 PC=80000034 Reg[8]=61ca20bb
Time=13990000 PC=80000038 Reg[9]=297a859d
Time=13990000 STORE: addr=800100f8 data=9d857a29
Time=14010000 LOAD:  addr=800100f8 data=9d857a29
Time=14030000 PC=80000040 Reg[11]=297a859d
Time=14110000 PC=8000004c Reg[4]=800100fc
Time=14170000 PC=80000030 Reg[10]=8b44a658
Time=14190000 PC=80000034 Reg[8]=297a859d
Time=14210000 PC=80000038 Reg[9]=8b44a658
Time=14210000 STORE: addr=800100fc data=58a6448b
Time=14230000 LOAD:  addr=800100fc data=58a6448b
Time=14250000 PC=80000040 Reg[11]=8b44a658

========================================
*** FIBONACCI TEST PASSED! ***
Completed 64 store operations
Reached WRITESERIAL at Time=14310000
========================================

Time=14330000 PC=8000004c Reg[4]=80010100
Time=14390000 PC=80000058 Reg[16]=80000000
Time=14410000 PC=8000005c Reg[16]=80000008
Time=14410000 LOAD:  addr=80000008 data=20626946
Time=14430000 PC=80000060 Reg[4]=00000046
Time=14450000 PC=80000064 Reg[17]=bfd00000
Time=14450000 s1(passed_flags) updated to bfd00000
Time=14470000 PC=80000068 Reg[16]=80000009
Time=14470000 LOAD:  addr=bfd003fc data=01000001
Time=14490000 PC=8000006c Reg[8]=00000001
Time=14530000 PC=80000070 Reg[8]=00000001
Time=14570000 STORE: addr=bfd003f8 data=46464646
Time=14590000 LOAD:  addr=80000009 data=20626946
Time=14610000 PC=80000080 Reg[4]=00000069
Time=14690000 PC=80000068 Reg[16]=8000000a
Time=14690000 LOAD:  addr=bfd003fc data=01000001
Time=14710000 PC=8000006c Reg[8]=00000001
Time=14750000 PC=80000070 Reg[8]=00000001
Time=14790000 STORE: addr=bfd003f8 data=69696969
Time=14810000 LOAD:  addr=8000000a data=20626946
Time=14830000 PC=80000080 Reg[4]=00000062
Time=14910000 PC=80000068 Reg[16]=8000000b
Time=14910000 LOAD:  addr=bfd003fc data=01000001
Time=14930000 PC=8000006c Reg[8]=00000001
Time=14970000 PC=80000070 Reg[8]=00000001
Time=15010000 STORE: addr=bfd003f8 data=62626262
Time=15030000 LOAD:  addr=8000000b data=20626946
Time=15050000 PC=80000080 Reg[4]=00000020
Time=15130000 PC=80000068 Reg[16]=8000000c
Time=15130000 LOAD:  addr=bfd003fc data=01000001
Time=15150000 PC=8000006c Reg[8]=00000001
Time=15190000 PC=80000070 Reg[8]=00000001
Time=15230000 STORE: addr=bfd003f8 data=20202020
Time=15250000 LOAD:  addr=8000000c data=696e6946
Time=15270000 PC=80000080 Reg[4]=00000046
Time=15350000 PC=80000068 Reg[16]=8000000d
Time=15350000 LOAD:  addr=bfd003fc data=01000001
Time=15370000 PC=8000006c Reg[8]=00000001
Time=15410000 PC=80000070 Reg[8]=00000001
Time=15450000 STORE: addr=bfd003f8 data=46464646
Time=15470000 LOAD:  addr=8000000d data=696e6946
Time=15490000 PC=80000080 Reg[4]=00000069
Time=15570000 PC=80000068 Reg[16]=8000000e
Time=15570000 LOAD:  addr=bfd003fc data=01000001
Time=15590000 PC=8000006c Reg[8]=00000001
Time=15630000 PC=80000070 Reg[8]=00000001
Time=15670000 STORE: addr=bfd003f8 data=69696969
Time=15690000 LOAD:  addr=8000000e data=696e6946
Time=15710000 PC=80000080 Reg[4]=0000006e
Time=15790000 PC=80000068 Reg[16]=8000000f
Time=15790000 LOAD:  addr=bfd003fc data=01000001
Time=15810000 PC=8000006c Reg[8]=00000001
Time=15850000 PC=80000070 Reg[8]=00000001
Time=15890000 STORE: addr=bfd003f8 data=6e6e6e6e
Time=15910000 LOAD:  addr=8000000f data=696e6946
Time=15930000 PC=80000080 Reg[4]=00000069
Time=16010000 PC=80000068 Reg[16]=80000010
Time=16010000 LOAD:  addr=bfd003fc data=01000001
Time=16030000 PC=8000006c Reg[8]=00000001
Time=16070000 PC=80000070 Reg[8]=00000001
Time=16110000 STORE: addr=bfd003f8 data=69696969
Time=16130000 LOAD:  addr=80000010 data=002e6873
Time=16150000 PC=80000080 Reg[4]=00000073
Time=16230000 PC=80000068 Reg[16]=80000011
Time=16230000 LOAD:  addr=bfd003fc data=01000001
Time=16250000 PC=8000006c Reg[8]=00000001
Time=16290000 PC=80000070 Reg[8]=00000001
Time=16330000 STORE: addr=bfd003f8 data=73737373
Time=16350000 LOAD:  addr=80000011 data=002e6873
Time=16370000 PC=80000080 Reg[4]=00000068
Time=16450000 PC=80000068 Reg[16]=80000012
Time=16450000 LOAD:  addr=bfd003fc data=01000001
Time=16470000 PC=8000006c Reg[8]=00000001
Time=16510000 PC=80000070 Reg[8]=00000001
Time=16550000 STORE: addr=bfd003f8 data=68686868
Time=16570000 LOAD:  addr=80000012 data=002e6873
Time=16590000 PC=80000080 Reg[4]=0000002e
Time=16670000 PC=80000068 Reg[16]=80000013
Time=16670000 LOAD:  addr=bfd003fc data=01000001
Time=16690000 PC=8000006c Reg[8]=00000001
Time=16730000 PC=80000070 Reg[8]=00000001
Time=16770000 STORE: addr=bfd003f8 data=2e2e2e2e
Time=16790000 LOAD:  addr=80000013 data=002e6873
Time=16810000 PC=80000080 Reg[4]=00000000
Time=16870000 LOAD:  addr=bfd003fc data=01000001
Time=16890000 PC=8000008c Reg[8]=00000001
Time=16930000 PC=80000090 Reg[8]=00000000
Time=16970000 LOAD:  addr=bfd003fc data=01000001
Time=16990000 PC=8000008c Reg[8]=00000001
Time=17030000 PC=80000090 Reg[8]=00000000
Time=17070000 LOAD:  addr=bfd003fc data=01000001
Time=17090000 PC=8000008c Reg[8]=00000001
Time=17130000 PC=80000090 Reg[8]=00000000
Time=17170000 LOAD:  addr=bfd003fc data=01000001
Time=17190000 PC=8000008c Reg[8]=00000001
Time=17230000 PC=80000090 Reg[8]=00000000
Time=17270000 LOAD:  addr=bfd003fc data=01000001
Time=17290000 PC=8000008c Reg[8]=00000001
Time=17330000 PC=80000090 Reg[8]=00000000
Time=17370000 LOAD:  addr=bfd003fc data=01000001
Time=17390000 PC=8000008c Reg[8]=00000001
Time=17430000 PC=80000090 Reg[8]=00000000
Time=17470000 LOAD:  addr=bfd003fc data=01000001
Time=17490000 PC=8000008c Reg[8]=00000001
Time=17530000 PC=80000090 Reg[8]=00000000
Time=17570000 LOAD:  addr=bfd003fc data=01000001
Time=17590000 PC=8000008c Reg[8]=00000001
Time=17630000 PC=80000090 Reg[8]=00000000
Time=17670000 LOAD:  addr=bfd003fc data=01000001
Time=17690000 PC=8000008c Reg[8]=00000001
Time=17730000 PC=80000090 Reg[8]=00000000
Time=17770000 LOAD:  addr=bfd003fc data=01000001
Time=17790000 PC=8000008c Reg[8]=00000001
Time=17830000 PC=80000090 Reg[8]=00000000
Time=17870000 LOAD:  addr=bfd003fc data=01000001
Time=17890000 PC=8000008c Reg[8]=00000001
Time=17930000 PC=80000090 Reg[8]=00000000
Time=17970000 LOAD:  addr=bfd003fc data=01000001
Time=17990000 PC=8000008c Reg[8]=00000001
Time=18030000 PC=80000090 Reg[8]=00000000
Time=18070000 LOAD:  addr=bfd003fc data=01000001
Time=18090000 PC=8000008c Reg[8]=00000001
Time=18130000 PC=80000090 Reg[8]=00000000
Time=18170000 LOAD:  addr=bfd003fc data=01000001
Time=18190000 PC=8000008c Reg[8]=00000001
Time=18230000 PC=80000090 Reg[8]=00000000
Time=18270000 LOAD:  addr=bfd003fc data=01000001
Time=18290000 PC=8000008c Reg[8]=00000001
Time=18330000 PC=80000090 Reg[8]=00000000
Time=18370000 LOAD:  addr=bfd003fc data=01000001
Time=18390000 PC=8000008c Reg[8]=00000001
Time=18430000 PC=80000090 Reg[8]=00000000
Time=18470000 LOAD:  addr=bfd003fc data=01000001
Time=18490000 PC=8000008c Reg[8]=00000001
Time=18530000 PC=80000090 Reg[8]=00000000
Time=18570000 LOAD:  addr=bfd003fc data=01000001
Time=18590000 PC=8000008c Reg[8]=00000001
Time=18630000 PC=80000090 Reg[8]=00000000
Time=18670000 LOAD:  addr=bfd003fc data=01000001
Time=18690000 PC=8000008c Reg[8]=00000001
Time=18730000 PC=80000090 Reg[8]=00000000
Time=18770000 LOAD:  addr=bfd003fc data=01000001
Time=18790000 PC=8000008c Reg[8]=00000001
Time=18830000 PC=80000090 Reg[8]=00000000
Time=18870000 LOAD:  addr=bfd003fc data=01000001
Time=18890000 PC=8000008c Reg[8]=00000001
Time=18930000 PC=80000090 Reg[8]=00000000
Time=18970000 LOAD:  addr=bfd003fc data=01000001
Time=18990000 PC=8000008c Reg[8]=00000001
Time=19030000 PC=80000090 Reg[8]=00000000
Time=19070000 LOAD:  addr=bfd003fc data=01000001
Time=19090000 PC=8000008c Reg[8]=00000001
Time=19130000 PC=80000090 Reg[8]=00000000
Time=19170000 LOAD:  addr=bfd003fc data=01000001
Time=19190000 PC=8000008c Reg[8]=00000001
Time=19230000 PC=80000090 Reg[8]=00000000
Time=19270000 LOAD:  addr=bfd003fc data=01000001
Time=19290000 PC=8000008c Reg[8]=00000001
Time=19330000 PC=80000090 Reg[8]=00000000
Time=19370000 LOAD:  addr=bfd003fc data=01000001
Time=19390000 PC=8000008c Reg[8]=00000001
Time=19430000 PC=80000090 Reg[8]=00000000
Time=19470000 LOAD:  addr=bfd003fc data=01000001
Time=19490000 PC=8000008c Reg[8]=00000001
Time=19530000 PC=80000090 Reg[8]=00000000
Time=19570000 LOAD:  addr=bfd003fc data=01000001
Time=19590000 PC=8000008c Reg[8]=00000001
Time=19630000 PC=80000090 Reg[8]=00000000
Time=19670000 LOAD:  addr=bfd003fc data=01000001
Time=19690000 PC=8000008c Reg[8]=00000001
Time=19730000 PC=80000090 Reg[8]=00000000
Time=19770000 LOAD:  addr=bfd003fc data=01000001
Time=19790000 PC=8000008c Reg[8]=00000001
Time=19830000 PC=80000090 Reg[8]=00000000
Time=19870000 LOAD:  addr=bfd003fc data=01000001
Time=19890000 PC=8000008c Reg[8]=00000001
Time=19930000 PC=80000090 Reg[8]=00000000
Time=19970000 LOAD:  addr=bfd003fc data=01000001
Time=19990000 PC=8000008c Reg[8]=00000001
Time=20030000 PC=80000090 Reg[8]=00000000
Time=20070000 LOAD:  addr=bfd003fc data=01000001
Time=20090000 PC=8000008c Reg[8]=00000001
Time=20130000 PC=80000090 Reg[8]=00000000
Time=20170000 LOAD:  addr=bfd003fc data=01000001
Time=20190000 PC=8000008c Reg[8]=00000001
Time=20230000 PC=80000090 Reg[8]=00000000
Time=20270000 LOAD:  addr=bfd003fc data=01000001
Time=20290000 PC=8000008c Reg[8]=00000001
Time=20330000 PC=80000090 Reg[8]=00000000
Time=20370000 LOAD:  addr=bfd003fc data=01000001
Time=20390000 PC=8000008c Reg[8]=00000001
Time=20430000 PC=80000090 Reg[8]=00000000
Time=20470000 LOAD:  addr=bfd003fc data=01000001
Time=20490000 PC=8000008c Reg[8]=00000001
Time=20530000 PC=80000090 Reg[8]=00000000
Time=20570000 LOAD:  addr=bfd003fc data=01000001
Time=20590000 PC=8000008c Reg[8]=00000001
Time=20630000 PC=80000090 Reg[8]=00000000
Time=20670000 LOAD:  addr=bfd003fc data=01000001
Time=20690000 PC=8000008c Reg[8]=00000001
Time=20730000 PC=80000090 Reg[8]=00000000
Time=20770000 LOAD:  addr=bfd003fc data=01000001
Time=20790000 PC=8000008c Reg[8]=00000001
Time=20830000 PC=80000090 Reg[8]=00000000
Time=20870000 LOAD:  addr=bfd003fc data=01000001
Time=20890000 PC=8000008c Reg[8]=00000001
Time=20930000 PC=80000090 Reg[8]=00000000
Time=20970000 LOAD:  addr=bfd003fc data=01000001
Time=20990000 PC=8000008c Reg[8]=00000001
Time=21030000 PC=80000090 Reg[8]=00000000
Time=21070000 LOAD:  addr=bfd003fc data=01000001
Time=21090000 PC=8000008c Reg[8]=00000001
Time=21130000 PC=80000090 Reg[8]=00000000
Time=21170000 LOAD:  addr=bfd003fc data=01000001
Time=21190000 PC=8000008c Reg[8]=00000001
Time=21230000 PC=80000090 Reg[8]=00000000
Time=21270000 LOAD:  addr=bfd003fc data=01000001
Time=21290000 PC=8000008c Reg[8]=00000001
Time=21330000 PC=80000090 Reg[8]=00000000
Time=21370000 LOAD:  addr=bfd003fc data=01000001
Time=21390000 PC=8000008c Reg[8]=00000001
Time=21430000 PC=80000090 Reg[8]=00000000
Time=21470000 LOAD:  addr=bfd003fc data=01000001
Time=21490000 PC=8000008c Reg[8]=00000001
Time=21530000 PC=80000090 Reg[8]=00000000
Time=21570000 LOAD:  addr=bfd003fc data=01000001
Time=21590000 PC=8000008c Reg[8]=00000001
Time=21630000 PC=80000090 Reg[8]=00000000
Time=21670000 LOAD:  addr=bfd003fc data=01000001
Time=21690000 PC=8000008c Reg[8]=00000001
Time=21730000 PC=80000090 Reg[8]=00000000
Time=21770000 LOAD:  addr=bfd003fc data=01000001
Time=21790000 PC=8000008c Reg[8]=00000001
Time=21830000 PC=80000090 Reg[8]=00000000
Time=21870000 LOAD:  addr=bfd003fc data=01000001
Time=21890000 PC=8000008c Reg[8]=00000001
Time=21930000 PC=80000090 Reg[8]=00000000
Time=21970000 LOAD:  addr=bfd003fc data=01000001
Time=21990000 PC=8000008c Reg[8]=00000001
Time=22030000 PC=80000090 Reg[8]=00000000
Time=22070000 LOAD:  addr=bfd003fc data=01000001
Time=22090000 PC=8000008c Reg[8]=00000001
Time=22130000 PC=80000090 Reg[8]=00000000
Time=22170000 LOAD:  addr=bfd003fc data=01000001
Time=22190000 PC=8000008c Reg[8]=00000001
Time=22230000 PC=80000090 Reg[8]=00000000
Time=22270000 LOAD:  addr=bfd003fc data=01000001
Time=22290000 PC=8000008c Reg[8]=00000001
Time=22330000 PC=80000090 Reg[8]=00000000
Time=22370000 LOAD:  addr=bfd003fc data=01000001
Time=22390000 PC=8000008c Reg[8]=00000001
Time=22430000 PC=80000090 Reg[8]=00000000
Time=22470000 LOAD:  addr=bfd003fc data=01000001
Time=22490000 PC=8000008c Reg[8]=00000001
Time=22530000 PC=80000090 Reg[8]=00000000
Time=22570000 LOAD:  addr=bfd003fc data=01000001
Time=22590000 PC=8000008c Reg[8]=00000001
Time=22630000 PC=80000090 Reg[8]=00000000
Time=22670000 LOAD:  addr=bfd003fc data=01000001
Time=22690000 PC=8000008c Reg[8]=00000001
Time=22730000 PC=80000090 Reg[8]=00000000
Time=22770000 LOAD:  addr=bfd003fc data=01000001
Time=22790000 PC=8000008c Reg[8]=00000001
Time=22830000 PC=80000090 Reg[8]=00000000
Time=22870000 LOAD:  addr=bfd003fc data=01000001
Time=22890000 PC=8000008c Reg[8]=00000001
Time=22930000 PC=80000090 Reg[8]=00000000
Time=22970000 LOAD:  addr=bfd003fc data=01000001
Time=22990000 PC=8000008c Reg[8]=00000001
Time=23030000 PC=80000090 Reg[8]=00000000
Time=23070000 LOAD:  addr=bfd003fc data=01000001
Time=23090000 PC=8000008c Reg[8]=00000001
Time=23130000 PC=80000090 Reg[8]=00000000
Time=23170000 LOAD:  addr=bfd003fc data=01000001
Time=23190000 PC=8000008c Reg[8]=00000001
Time=23230000 PC=80000090 Reg[8]=00000000
Time=23270000 LOAD:  addr=bfd003fc data=01000001
Time=23290000 PC=8000008c Reg[8]=00000001
Time=23330000 PC=80000090 Reg[8]=00000000
Time=23370000 LOAD:  addr=bfd003fc data=01000001
Time=23390000 PC=8000008c Reg[8]=00000001
Time=23430000 PC=80000090 Reg[8]=00000000
Time=23470000 LOAD:  addr=bfd003fc data=01000001
Time=23490000 PC=8000008c Reg[8]=00000001
Time=23530000 PC=80000090 Reg[8]=00000000
Time=23570000 LOAD:  addr=bfd003fc data=01000001
Time=23590000 PC=8000008c Reg[8]=00000001
Time=23630000 PC=80000090 Reg[8]=00000000
Time=23670000 LOAD:  addr=bfd003fc data=01000001
Time=23690000 PC=8000008c Reg[8]=00000001
Time=23730000 PC=80000090 Reg[8]=00000000
Time=23770000 LOAD:  addr=bfd003fc data=01000001
Time=23790000 PC=8000008c Reg[8]=00000001
Time=23830000 PC=80000090 Reg[8]=00000000
Time=23870000 LOAD:  addr=bfd003fc data=01000001
Time=23890000 PC=8000008c Reg[8]=00000001
Time=23930000 PC=80000090 Reg[8]=00000000
Time=23970000 LOAD:  addr=bfd003fc data=01000001
Time=23990000 PC=8000008c Reg[8]=00000001
Time=24030000 PC=80000090 Reg[8]=00000000
Time=24070000 LOAD:  addr=bfd003fc data=01000001
Time=24090000 PC=8000008c Reg[8]=00000001
FTime=24130000 PC=80000090 Reg[8]=00000000
Time=24170000 LOAD:  addr=bfd003fc data=01000001
Time=24190000 PC=8000008c Reg[8]=00000001
Time=24230000 PC=80000090 Reg[8]=00000000
Time=24270000 LOAD:  addr=bfd003fc data=01000001
Time=24290000 PC=8000008c Reg[8]=00000001
Time=24330000 PC=80000090 Reg[8]=00000000
Time=24370000 LOAD:  addr=bfd003fc data=01000001
Time=24390000 PC=8000008c Reg[8]=00000001
Time=24430000 PC=80000090 Reg[8]=00000000
Time=24470000 LOAD:  addr=bfd003fc data=01000001
Time=24490000 PC=8000008c Reg[8]=00000001
Time=24530000 PC=80000090 Reg[8]=00000000
Time=24570000 LOAD:  addr=bfd003fc data=01000001
Time=24590000 PC=8000008c Reg[8]=00000001
Time=24630000 PC=80000090 Reg[8]=00000000
Time=24670000 LOAD:  addr=bfd003fc data=01000001
Time=24690000 PC=8000008c Reg[8]=00000001
Time=24730000 PC=80000090 Reg[8]=00000000
Time=24770000 LOAD:  addr=bfd003fc data=01000001
Time=24790000 PC=8000008c Reg[8]=00000001
Time=24830000 PC=80000090 Reg[8]=00000000
Time=24870000 LOAD:  addr=bfd003fc data=01000001
Time=24890000 PC=8000008c Reg[8]=00000001
Time=24930000 PC=80000090 Reg[8]=00000000
Time=24970000 LOAD:  addr=bfd003fc data=01000001
Time=24990000 PC=8000008c Reg[8]=00000001
Time=25030000 PC=80000090 Reg[8]=00000000
Time=25070000 LOAD:  addr=bfd003fc data=01000001
Time=25090000 PC=8000008c Reg[8]=00000001
Time=25130000 PC=80000090 Reg[8]=00000000
Time=25170000 LOAD:  addr=bfd003fc data=01000001
Time=25190000 PC=8000008c Reg[8]=00000001
Time=25230000 PC=80000090 Reg[8]=00000000
Time=25270000 LOAD:  addr=bfd003fc data=01000001
Time=25290000 PC=8000008c Reg[8]=00000001
Time=25330000 PC=80000090 Reg[8]=00000000
Time=25370000 LOAD:  addr=bfd003fc data=01000001
Time=25390000 PC=8000008c Reg[8]=00000001
Time=25430000 PC=80000090 Reg[8]=00000000
Time=25470000 LOAD:  addr=bfd003fc data=01000001
Time=25490000 PC=8000008c Reg[8]=00000001
Time=25530000 PC=80000090 Reg[8]=00000000
Time=25570000 LOAD:  addr=bfd003fc data=01000001
Time=25590000 PC=8000008c Reg[8]=00000001
Time=25630000 PC=80000090 Reg[8]=00000000
Time=25670000 LOAD:  addr=bfd003fc data=01000001
Time=25690000 PC=8000008c Reg[8]=00000001
Time=25730000 PC=80000090 Reg[8]=00000000
Time=25770000 LOAD:  addr=bfd003fc data=01000001
Time=25790000 PC=8000008c Reg[8]=00000001
Time=25830000 PC=80000090 Reg[8]=00000000
Time=25870000 LOAD:  addr=bfd003fc data=01000001
Time=25890000 PC=8000008c Reg[8]=00000001
Time=25930000 PC=80000090 Reg[8]=00000000
Time=25970000 LOAD:  addr=bfd003fc data=01000001
Time=25990000 PC=8000008c Reg[8]=00000001
Time=26030000 PC=80000090 Reg[8]=00000000
Time=26070000 LOAD:  addr=bfd003fc data=01000001
Time=26090000 PC=8000008c Reg[8]=00000001
Time=26130000 PC=80000090 Reg[8]=00000000
Time=26170000 LOAD:  addr=bfd003fc data=01000001
Time=26190000 PC=8000008c Reg[8]=00000001
Time=26230000 PC=80000090 Reg[8]=00000000
Time=26270000 LOAD:  addr=bfd003fc data=01000001
Time=26290000 PC=8000008c Reg[8]=00000001
Time=26330000 PC=80000090 Reg[8]=00000000
Time=26370000 LOAD:  addr=bfd003fc data=01000001
Time=26390000 PC=8000008c Reg[8]=00000001
Time=26430000 PC=80000090 Reg[8]=00000000
Time=26470000 LOAD:  addr=bfd003fc data=01000001
Time=26490000 PC=8000008c Reg[8]=00000001
Time=26530000 PC=80000090 Reg[8]=00000000
Time=26570000 LOAD:  addr=bfd003fc data=01000001
Time=26590000 PC=8000008c Reg[8]=00000001
Time=26630000 PC=80000090 Reg[8]=00000000
Time=26670000 LOAD:  addr=bfd003fc data=01000001
Time=26690000 PC=8000008c Reg[8]=00000001
Time=26730000 PC=80000090 Reg[8]=00000000
Time=26770000 LOAD:  addr=bfd003fc data=01000001
Time=26790000 PC=8000008c Reg[8]=00000001
Time=26830000 PC=80000090 Reg[8]=00000000
Time=26870000 LOAD:  addr=bfd003fc data=01000001
Time=26890000 PC=8000008c Reg[8]=00000001
Time=26930000 PC=80000090 Reg[8]=00000000
Time=26970000 LOAD:  addr=bfd003fc data=01000001
Time=26990000 PC=8000008c Reg[8]=00000001
Time=27030000 PC=80000090 Reg[8]=00000000
Time=27070000 LOAD:  addr=bfd003fc data=01000001
Time=27090000 PC=8000008c Reg[8]=00000001
Time=27130000 PC=80000090 Reg[8]=00000000
Time=27170000 LOAD:  addr=bfd003fc data=01000001
Time=27190000 PC=8000008c Reg[8]=00000001
Time=27230000 PC=80000090 Reg[8]=00000000
Time=27270000 LOAD:  addr=bfd003fc data=01000001
Time=27290000 PC=8000008c Reg[8]=00000001
Time=27330000 PC=80000090 Reg[8]=00000000
Time=27370000 LOAD:  addr=bfd003fc data=01000001
Time=27390000 PC=8000008c Reg[8]=00000001
Time=27430000 PC=80000090 Reg[8]=00000000
Time=27470000 LOAD:  addr=bfd003fc data=01000001
Time=27490000 PC=8000008c Reg[8]=00000001
Time=27530000 PC=80000090 Reg[8]=00000000
Time=27570000 LOAD:  addr=bfd003fc data=01000001
Time=27590000 PC=8000008c Reg[8]=00000001
Time=27630000 PC=80000090 Reg[8]=00000000
Time=27670000 LOAD:  addr=bfd003fc data=01000001
Time=27690000 PC=8000008c Reg[8]=00000001
Time=27730000 PC=80000090 Reg[8]=00000000
Time=27770000 LOAD:  addr=bfd003fc data=01000001
Time=27790000 PC=8000008c Reg[8]=00000001
Time=27830000 PC=80000090 Reg[8]=00000000
Time=27870000 LOAD:  addr=bfd003fc data=01000001
Time=27890000 PC=8000008c Reg[8]=00000001
Time=27930000 PC=80000090 Reg[8]=00000000
Time=27970000 LOAD:  addr=bfd003fc data=01000001
Time=27990000 PC=8000008c Reg[8]=00000001
Time=28030000 PC=80000090 Reg[8]=00000000
Time=28070000 LOAD:  addr=bfd003fc data=01000001
Time=28090000 PC=8000008c Reg[8]=00000001
Time=28130000 PC=80000090 Reg[8]=00000000
Time=28170000 LOAD:  addr=bfd003fc data=01000001
Time=28190000 PC=8000008c Reg[8]=00000001
Time=28230000 PC=80000090 Reg[8]=00000000
Time=28270000 LOAD:  addr=bfd003fc data=01000001
Time=28290000 PC=8000008c Reg[8]=00000001
Time=28330000 PC=80000090 Reg[8]=00000000
Time=28370000 LOAD:  addr=bfd003fc data=01000001
Time=28390000 PC=8000008c Reg[8]=00000001
Time=28430000 PC=80000090 Reg[8]=00000000
Time=28470000 LOAD:  addr=bfd003fc data=01000001
Time=28490000 PC=8000008c Reg[8]=00000001
Time=28530000 PC=80000090 Reg[8]=00000000
Time=28570000 LOAD:  addr=bfd003fc data=01000001
Time=28590000 PC=8000008c Reg[8]=00000001
Time=28630000 PC=80000090 Reg[8]=00000000
Time=28670000 LOAD:  addr=bfd003fc data=01000001
Time=28690000 PC=8000008c Reg[8]=00000001
Time=28730000 PC=80000090 Reg[8]=00000000
Time=28770000 LOAD:  addr=bfd003fc data=01000001
Time=28790000 PC=8000008c Reg[8]=00000001
Time=28830000 PC=80000090 Reg[8]=00000000
Time=28870000 LOAD:  addr=bfd003fc data=01000001
Time=28890000 PC=8000008c Reg[8]=00000001
Time=28930000 PC=80000090 Reg[8]=00000000
Time=28970000 LOAD:  addr=bfd003fc data=01000001
Time=28990000 PC=8000008c Reg[8]=00000001
Time=29030000 PC=80000090 Reg[8]=00000000
Time=29070000 LOAD:  addr=bfd003fc data=01000001
Time=29090000 PC=8000008c Reg[8]=00000001
Time=29130000 PC=80000090 Reg[8]=00000000
Time=29170000 LOAD:  addr=bfd003fc data=01000001
Time=29190000 PC=8000008c Reg[8]=00000001
Time=29230000 PC=80000090 Reg[8]=00000000
Time=29270000 LOAD:  addr=bfd003fc data=01000001
Time=29290000 PC=8000008c Reg[8]=00000001
Time=29330000 PC=80000090 Reg[8]=00000000
Time=29370000 LOAD:  addr=bfd003fc data=01000001
Time=29390000 PC=8000008c Reg[8]=00000001
Time=29430000 PC=80000090 Reg[8]=00000000
Time=29470000 LOAD:  addr=bfd003fc data=01000001
Time=29490000 PC=8000008c Reg[8]=00000001
Time=29530000 PC=80000090 Reg[8]=00000000
Time=29570000 LOAD:  addr=bfd003fc data=01000001
Time=29590000 PC=8000008c Reg[8]=00000001
Time=29630000 PC=80000090 Reg[8]=00000000
Time=29670000 LOAD:  addr=bfd003fc data=01000001
Time=29690000 PC=8000008c Reg[8]=00000001
Time=29730000 PC=80000090 Reg[8]=00000000
Time=29770000 LOAD:  addr=bfd003fc data=01000001
Time=29790000 PC=8000008c Reg[8]=00000001
Time=29830000 PC=80000090 Reg[8]=00000000
Time=29870000 LOAD:  addr=bfd003fc data=01000001
Time=29890000 PC=8000008c Reg[8]=00000001
Time=29930000 PC=80000090 Reg[8]=00000000
Time=29970000 LOAD:  addr=bfd003fc data=01000001
Time=29990000 PC=8000008c Reg[8]=00000001
Time=30030000 PC=80000090 Reg[8]=00000000
Time=30070000 LOAD:  addr=bfd003fc data=01000001
Time=30090000 PC=8000008c Reg[8]=00000001
Time=30130000 PC=80000090 Reg[8]=00000000
Time=30170000 LOAD:  addr=bfd003fc data=01000001
Time=30190000 PC=8000008c Reg[8]=00000001
Time=30230000 PC=80000090 Reg[8]=00000000
Time=30270000 LOAD:  addr=bfd003fc data=01000001
Time=30290000 PC=8000008c Reg[8]=00000001
Time=30330000 PC=80000090 Reg[8]=00000000
Time=30370000 LOAD:  addr=bfd003fc data=01000001
Time=30390000 PC=8000008c Reg[8]=00000001
Time=30430000 PC=80000090 Reg[8]=00000000
Time=30470000 LOAD:  addr=bfd003fc data=01000001
Time=30490000 PC=8000008c Reg[8]=00000001
Time=30530000 PC=80000090 Reg[8]=00000000
Time=30570000 LOAD:  addr=bfd003fc data=01000001
Time=30590000 PC=8000008c Reg[8]=00000001
Time=30630000 PC=80000090 Reg[8]=00000000
Time=30670000 LOAD:  addr=bfd003fc data=01000001
Time=30690000 PC=8000008c Reg[8]=00000001
Time=30730000 PC=80000090 Reg[8]=00000000
Time=30770000 LOAD:  addr=bfd003fc data=01000001
Time=30790000 PC=8000008c Reg[8]=00000001
Time=30830000 PC=80000090 Reg[8]=00000000
Time=30870000 LOAD:  addr=bfd003fc data=01000001
Time=30890000 PC=8000008c Reg[8]=00000001
Time=30930000 PC=80000090 Reg[8]=00000000
Time=30970000 LOAD:  addr=bfd003fc data=01000001
Time=30990000 PC=8000008c Reg[8]=00000001
Time=31030000 PC=80000090 Reg[8]=00000000
Time=31070000 LOAD:  addr=bfd003fc data=01000001
Time=31090000 PC=8000008c Reg[8]=00000001
Time=31130000 PC=80000090 Reg[8]=00000000
Time=31170000 LOAD:  addr=bfd003fc data=01000001
Time=31190000 PC=8000008c Reg[8]=00000001
Time=31230000 PC=80000090 Reg[8]=00000000
Time=31270000 LOAD:  addr=bfd003fc data=01000001
Time=31290000 PC=8000008c Reg[8]=00000001
Time=31330000 PC=80000090 Reg[8]=00000000
Time=31370000 LOAD:  addr=bfd003fc data=01000001
Time=31390000 PC=8000008c Reg[8]=00000001
Time=31430000 PC=80000090 Reg[8]=00000000
Time=31470000 LOAD:  addr=bfd003fc data=01000001
Time=31490000 PC=8000008c Reg[8]=00000001
Time=31530000 PC=80000090 Reg[8]=00000000
Time=31570000 LOAD:  addr=bfd003fc data=01000001
Time=31590000 PC=8000008c Reg[8]=00000001
Time=31630000 PC=80000090 Reg[8]=00000000
Time=31670000 LOAD:  addr=bfd003fc data=01000001
Time=31690000 PC=8000008c Reg[8]=00000001
Time=31730000 PC=80000090 Reg[8]=00000000
Time=31770000 LOAD:  addr=bfd003fc data=01000001
Time=31790000 PC=8000008c Reg[8]=00000001
Time=31830000 PC=80000090 Reg[8]=00000000
Time=31870000 LOAD:  addr=bfd003fc data=01000001
Time=31890000 PC=8000008c Reg[8]=00000001
Time=31930000 PC=80000090 Reg[8]=00000000
Time=31970000 LOAD:  addr=bfd003fc data=01000001
Time=31990000 PC=8000008c Reg[8]=00000001
Time=32030000 PC=80000090 Reg[8]=00000000
Time=32070000 LOAD:  addr=bfd003fc data=01000001
Time=32090000 PC=8000008c Reg[8]=00000001
Time=32130000 PC=80000090 Reg[8]=00000000
Time=32170000 LOAD:  addr=bfd003fc data=01000001
Time=32190000 PC=8000008c Reg[8]=00000001
Time=32230000 PC=80000090 Reg[8]=00000000
Time=32270000 LOAD:  addr=bfd003fc data=01000001
Time=32290000 PC=8000008c Reg[8]=00000001
Time=32330000 PC=80000090 Reg[8]=00000000
Time=32370000 LOAD:  addr=bfd003fc data=01000001
Time=32390000 PC=8000008c Reg[8]=00000001
Time=32430000 PC=80000090 Reg[8]=00000000
Time=32470000 LOAD:  addr=bfd003fc data=01000001
Time=32490000 PC=8000008c Reg[8]=00000001
Time=32530000 PC=80000090 Reg[8]=00000000
Time=32570000 LOAD:  addr=bfd003fc data=01000001
Time=32590000 PC=8000008c Reg[8]=00000001
Time=32630000 PC=80000090 Reg[8]=00000000
Time=32670000 LOAD:  addr=bfd003fc data=01000001
Time=32690000 PC=8000008c Reg[8]=00000001
Time=32730000 PC=80000090 Reg[8]=00000000
Time=32770000 LOAD:  addr=bfd003fc data=01000001
Time=32790000 PC=8000008c Reg[8]=00000001
Time=32830000 PC=80000090 Reg[8]=00000000
Time=32870000 LOAD:  addr=bfd003fc data=01000001
Time=32890000 PC=8000008c Reg[8]=00000001
Time=32930000 PC=80000090 Reg[8]=00000000
Time=32970000 LOAD:  addr=bfd003fc data=01000001
Time=32990000 PC=8000008c Reg[8]=00000001
Time=33030000 PC=80000090 Reg[8]=00000000
Time=33070000 LOAD:  addr=bfd003fc data=01000001
Time=33090000 PC=8000008c Reg[8]=00000001
Time=33130000 PC=80000090 Reg[8]=00000000
Time=33170000 LOAD:  addr=bfd003fc data=01000001
Time=33190000 PC=8000008c Reg[8]=00000001
Time=33230000 PC=80000090 Reg[8]=00000000
Time=33270000 LOAD:  addr=bfd003fc data=01000001
Time=33290000 PC=8000008c Reg[8]=00000001
Time=33330000 PC=80000090 Reg[8]=00000000
Time=33370000 LOAD:  addr=bfd003fc data=01000001
Time=33390000 PC=8000008c Reg[8]=00000001
Time=33430000 PC=80000090 Reg[8]=00000000
Time=33470000 LOAD:  addr=bfd003fc data=01000001
Time=33490000 PC=8000008c Reg[8]=00000001
Time=33530000 PC=80000090 Reg[8]=00000000
Time=33570000 LOAD:  addr=bfd003fc data=01000001
Time=33590000 PC=8000008c Reg[8]=00000001
Time=33630000 PC=80000090 Reg[8]=00000000
Time=33670000 LOAD:  addr=bfd003fc data=01000001
Time=33690000 PC=8000008c Reg[8]=00000001
Time=33730000 PC=80000090 Reg[8]=00000000
Time=33770000 LOAD:  addr=bfd003fc data=01000001
Time=33790000 PC=8000008c Reg[8]=00000001
Time=33830000 PC=80000090 Reg[8]=00000000
Time=33870000 LOAD:  addr=bfd003fc data=01000001
Time=33890000 PC=8000008c Reg[8]=00000001
Time=33930000 PC=80000090 Reg[8]=00000000
Time=33970000 LOAD:  addr=bfd003fc data=01000001
Time=33990000 PC=8000008c Reg[8]=00000001
Time=34030000 PC=80000090 Reg[8]=00000000
Time=34070000 LOAD:  addr=bfd003fc data=01000001
Time=34090000 PC=8000008c Reg[8]=00000001
Time=34130000 PC=80000090 Reg[8]=00000000
Time=34170000 LOAD:  addr=bfd003fc data=01000001
iTime=34190000 PC=8000008c Reg[8]=00000001
Time=34230000 PC=80000090 Reg[8]=00000000
Time=34270000 LOAD:  addr=bfd003fc data=01000001
Time=34290000 PC=8000008c Reg[8]=00000001
Time=34330000 PC=80000090 Reg[8]=00000000
Time=34370000 LOAD:  addr=bfd003fc data=01000001
Time=34390000 PC=8000008c Reg[8]=00000001
Time=34430000 PC=80000090 Reg[8]=00000000
Time=34470000 LOAD:  addr=bfd003fc data=01000001
Time=34490000 PC=8000008c Reg[8]=00000001
Time=34530000 PC=80000090 Reg[8]=00000000
Time=34570000 LOAD:  addr=bfd003fc data=01000001
Time=34590000 PC=8000008c Reg[8]=00000001
Time=34630000 PC=80000090 Reg[8]=00000000
Time=34670000 LOAD:  addr=bfd003fc data=01000001
Time=34690000 PC=8000008c Reg[8]=00000001
Time=34730000 PC=80000090 Reg[8]=00000000
Time=34770000 LOAD:  addr=bfd003fc data=01000001
Time=34790000 PC=8000008c Reg[8]=00000001
Time=34830000 PC=80000090 Reg[8]=00000000
Time=34870000 LOAD:  addr=bfd003fc data=01000001
Time=34890000 PC=8000008c Reg[8]=00000001
Time=34930000 PC=80000090 Reg[8]=00000000
Time=34970000 LOAD:  addr=bfd003fc data=01000001
Time=34990000 PC=8000008c Reg[8]=00000001
Time=35030000 PC=80000090 Reg[8]=00000000
Time=35070000 LOAD:  addr=bfd003fc data=01000001
Time=35090000 PC=8000008c Reg[8]=00000001
Time=35130000 PC=80000090 Reg[8]=00000000
Time=35170000 LOAD:  addr=bfd003fc data=01000001
Time=35190000 PC=8000008c Reg[8]=00000001
Time=35230000 PC=80000090 Reg[8]=00000000
Time=35270000 LOAD:  addr=bfd003fc data=01000001
Time=35290000 PC=8000008c Reg[8]=00000001
Time=35330000 PC=80000090 Reg[8]=00000000
Time=35370000 LOAD:  addr=bfd003fc data=01000001
Time=35390000 PC=8000008c Reg[8]=00000001
Time=35430000 PC=80000090 Reg[8]=00000000
Time=35470000 LOAD:  addr=bfd003fc data=01000001
Time=35490000 PC=8000008c Reg[8]=00000001
Time=35530000 PC=80000090 Reg[8]=00000000
Time=35570000 LOAD:  addr=bfd003fc data=01000001
Time=35590000 PC=8000008c Reg[8]=00000001
Time=35630000 PC=80000090 Reg[8]=00000000
Time=35670000 LOAD:  addr=bfd003fc data=01000001
Time=35690000 PC=8000008c Reg[8]=00000001
Time=35730000 PC=80000090 Reg[8]=00000000
Time=35770000 LOAD:  addr=bfd003fc data=01000001
Time=35790000 PC=8000008c Reg[8]=00000001
Time=35830000 PC=80000090 Reg[8]=00000000
Time=35870000 LOAD:  addr=bfd003fc data=01000001
Time=35890000 PC=8000008c Reg[8]=00000001
Time=35930000 PC=80000090 Reg[8]=00000000
Time=35970000 LOAD:  addr=bfd003fc data=01000001
Time=35990000 PC=8000008c Reg[8]=00000001
Time=36030000 PC=80000090 Reg[8]=00000000
Time=36070000 LOAD:  addr=bfd003fc data=01000001
Time=36090000 PC=8000008c Reg[8]=00000001
Time=36130000 PC=80000090 Reg[8]=00000000
Time=36170000 LOAD:  addr=bfd003fc data=01000001
Time=36190000 PC=8000008c Reg[8]=00000001
Time=36230000 PC=80000090 Reg[8]=00000000
Time=36270000 LOAD:  addr=bfd003fc data=01000001
Time=36290000 PC=8000008c Reg[8]=00000001
Time=36330000 PC=80000090 Reg[8]=00000000
Time=36370000 LOAD:  addr=bfd003fc data=01000001
Time=36390000 PC=8000008c Reg[8]=00000001
Time=36430000 PC=80000090 Reg[8]=00000000
Time=36470000 LOAD:  addr=bfd003fc data=01000001
Time=36490000 PC=8000008c Reg[8]=00000001
Time=36530000 PC=80000090 Reg[8]=00000000
Time=36570000 LOAD:  addr=bfd003fc data=01000001
Time=36590000 PC=8000008c Reg[8]=00000001
Time=36630000 PC=80000090 Reg[8]=00000000
Time=36670000 LOAD:  addr=bfd003fc data=01000001
Time=36690000 PC=8000008c Reg[8]=00000001
Time=36730000 PC=80000090 Reg[8]=00000000
Time=36770000 LOAD:  addr=bfd003fc data=01000001
Time=36790000 PC=8000008c Reg[8]=00000001
Time=36830000 PC=80000090 Reg[8]=00000000
Time=36870000 LOAD:  addr=bfd003fc data=01000001
Time=36890000 PC=8000008c Reg[8]=00000001
Time=36930000 PC=80000090 Reg[8]=00000000
Time=36970000 LOAD:  addr=bfd003fc data=01000001
Time=36990000 PC=8000008c Reg[8]=00000001
Time=37030000 PC=80000090 Reg[8]=00000000
Time=37070000 LOAD:  addr=bfd003fc data=01000001
Time=37090000 PC=8000008c Reg[8]=00000001
Time=37130000 PC=80000090 Reg[8]=00000000
Time=37170000 LOAD:  addr=bfd003fc data=01000001
Time=37190000 PC=8000008c Reg[8]=00000001
Time=37230000 PC=80000090 Reg[8]=00000000
Time=37270000 LOAD:  addr=bfd003fc data=01000001
Time=37290000 PC=8000008c Reg[8]=00000001
Time=37330000 PC=80000090 Reg[8]=00000000
Time=37370000 LOAD:  addr=bfd003fc data=01000001
Time=37390000 PC=8000008c Reg[8]=00000001
Time=37430000 PC=80000090 Reg[8]=00000000
Time=37470000 LOAD:  addr=bfd003fc data=01000001
Time=37490000 PC=8000008c Reg[8]=00000001
Time=37530000 PC=80000090 Reg[8]=00000000
Time=37570000 LOAD:  addr=bfd003fc data=01000001
Time=37590000 PC=8000008c Reg[8]=00000001
Time=37630000 PC=80000090 Reg[8]=00000000
Time=37670000 LOAD:  addr=bfd003fc data=01000001
Time=37690000 PC=8000008c Reg[8]=00000001
Time=37730000 PC=80000090 Reg[8]=00000000
Time=37770000 LOAD:  addr=bfd003fc data=01000001
Time=37790000 PC=8000008c Reg[8]=00000001
Time=37830000 PC=80000090 Reg[8]=00000000
Time=37870000 LOAD:  addr=bfd003fc data=01000001
Time=37890000 PC=8000008c Reg[8]=00000001
Time=37930000 PC=80000090 Reg[8]=00000000
Time=37970000 LOAD:  addr=bfd003fc data=01000001
Time=37990000 PC=8000008c Reg[8]=00000001
Time=38030000 PC=80000090 Reg[8]=00000000
Time=38070000 LOAD:  addr=bfd003fc data=01000001
Time=38090000 PC=8000008c Reg[8]=00000001
Time=38130000 PC=80000090 Reg[8]=00000000
Time=38170000 LOAD:  addr=bfd003fc data=01000001
Time=38190000 PC=8000008c Reg[8]=00000001
Time=38230000 PC=80000090 Reg[8]=00000000
Time=38270000 LOAD:  addr=bfd003fc data=01000001
Time=38290000 PC=8000008c Reg[8]=00000001
Time=38330000 PC=80000090 Reg[8]=00000000
Time=38370000 LOAD:  addr=bfd003fc data=01000001
Time=38390000 PC=8000008c Reg[8]=00000001
Time=38430000 PC=80000090 Reg[8]=00000000
Time=38470000 LOAD:  addr=bfd003fc data=01000001
Time=38490000 PC=8000008c Reg[8]=00000001
Time=38530000 PC=80000090 Reg[8]=00000000
Time=38570000 LOAD:  addr=bfd003fc data=01000001
Time=38590000 PC=8000008c Reg[8]=00000001
Time=38630000 PC=80000090 Reg[8]=00000000
Time=38670000 LOAD:  addr=bfd003fc data=01000001
Time=38690000 PC=8000008c Reg[8]=00000001
Time=38730000 PC=80000090 Reg[8]=00000000
Time=38770000 LOAD:  addr=bfd003fc data=01000001
Time=38790000 PC=8000008c Reg[8]=00000001
Time=38830000 PC=80000090 Reg[8]=00000000
Time=38870000 LOAD:  addr=bfd003fc data=01000001
Time=38890000 PC=8000008c Reg[8]=00000001
Time=38930000 PC=80000090 Reg[8]=00000000
Time=38970000 LOAD:  addr=bfd003fc data=01000001
Time=38990000 PC=8000008c Reg[8]=00000001
Time=39030000 PC=80000090 Reg[8]=00000000
Time=39070000 LOAD:  addr=bfd003fc data=01000001
Time=39090000 PC=8000008c Reg[8]=00000001
Time=39130000 PC=80000090 Reg[8]=00000000
Time=39170000 LOAD:  addr=bfd003fc data=01000001
Time=39190000 PC=8000008c Reg[8]=00000001
Time=39230000 PC=80000090 Reg[8]=00000000
Time=39270000 LOAD:  addr=bfd003fc data=01000001
Time=39290000 PC=8000008c Reg[8]=00000001
Time=39330000 PC=80000090 Reg[8]=00000000
Time=39370000 LOAD:  addr=bfd003fc data=01000001
Time=39390000 PC=8000008c Reg[8]=00000001
Time=39430000 PC=80000090 Reg[8]=00000000
Time=39470000 LOAD:  addr=bfd003fc data=01000001
Time=39490000 PC=8000008c Reg[8]=00000001
Time=39530000 PC=80000090 Reg[8]=00000000
Time=39570000 LOAD:  addr=bfd003fc data=01000001
Time=39590000 PC=8000008c Reg[8]=00000001
Time=39630000 PC=80000090 Reg[8]=00000000
Time=39670000 LOAD:  addr=bfd003fc data=01000001
Time=39690000 PC=8000008c Reg[8]=00000001
Time=39730000 PC=80000090 Reg[8]=00000000
Time=39770000 LOAD:  addr=bfd003fc data=01000001
Time=39790000 PC=8000008c Reg[8]=00000001
Time=39830000 PC=80000090 Reg[8]=00000000
Time=39870000 LOAD:  addr=bfd003fc data=01000001
Time=39890000 PC=8000008c Reg[8]=00000001
Time=39930000 PC=80000090 Reg[8]=00000000
Time=39970000 LOAD:  addr=bfd003fc data=01000001
Time=39990000 PC=8000008c Reg[8]=00000001
Time=40030000 PC=80000090 Reg[8]=00000000
Time=40070000 LOAD:  addr=bfd003fc data=01000001
Time=40090000 PC=8000008c Reg[8]=00000001
Time=40130000 PC=80000090 Reg[8]=00000000
Time=40170000 LOAD:  addr=bfd003fc data=01000001
Time=40190000 PC=8000008c Reg[8]=00000001
Time=40230000 PC=80000090 Reg[8]=00000000
Time=40270000 LOAD:  addr=bfd003fc data=01000001
Time=40290000 PC=8000008c Reg[8]=00000001
Time=40330000 PC=80000090 Reg[8]=00000000
Time=40370000 LOAD:  addr=bfd003fc data=01000001
Time=40390000 PC=8000008c Reg[8]=00000001
Time=40430000 PC=80000090 Reg[8]=00000000
Time=40470000 LOAD:  addr=bfd003fc data=01000001
Time=40490000 PC=8000008c Reg[8]=00000001
Time=40530000 PC=80000090 Reg[8]=00000000
Time=40570000 LOAD:  addr=bfd003fc data=01000001
Time=40590000 PC=8000008c Reg[8]=00000001
Time=40630000 PC=80000090 Reg[8]=00000000
Time=40670000 LOAD:  addr=bfd003fc data=01000001
Time=40690000 PC=8000008c Reg[8]=00000001
Time=40730000 PC=80000090 Reg[8]=00000000
Time=40770000 LOAD:  addr=bfd003fc data=01000001
Time=40790000 PC=8000008c Reg[8]=00000001
Time=40830000 PC=80000090 Reg[8]=00000000
Time=40870000 LOAD:  addr=bfd003fc data=01000001
Time=40890000 PC=8000008c Reg[8]=00000001
Time=40930000 PC=80000090 Reg[8]=00000000
Time=40970000 LOAD:  addr=bfd003fc data=01000001
Time=40990000 PC=8000008c Reg[8]=00000001
Time=41030000 PC=80000090 Reg[8]=00000000
Time=41070000 LOAD:  addr=bfd003fc data=01000001
Time=41090000 PC=8000008c Reg[8]=00000001
Time=41130000 PC=80000090 Reg[8]=00000000
Time=41170000 LOAD:  addr=bfd003fc data=01000001
Time=41190000 PC=8000008c Reg[8]=00000001
Time=41230000 PC=80000090 Reg[8]=00000000
Time=41270000 LOAD:  addr=bfd003fc data=01000001
Time=41290000 PC=8000008c Reg[8]=00000001
Time=41330000 PC=80000090 Reg[8]=00000000
Time=41370000 LOAD:  addr=bfd003fc data=01000001
Time=41390000 PC=8000008c Reg[8]=00000001
Time=41430000 PC=80000090 Reg[8]=00000000
Time=41470000 LOAD:  addr=bfd003fc data=01000001
Time=41490000 PC=8000008c Reg[8]=00000001
Time=41530000 PC=80000090 Reg[8]=00000000
Time=41570000 LOAD:  addr=bfd003fc data=01000001
Time=41590000 PC=8000008c Reg[8]=00000001
Time=41630000 PC=80000090 Reg[8]=00000000
Time=41670000 LOAD:  addr=bfd003fc data=01000001
Time=41690000 PC=8000008c Reg[8]=00000001
Time=41730000 PC=80000090 Reg[8]=00000000
Time=41770000 LOAD:  addr=bfd003fc data=01000001
Time=41790000 PC=8000008c Reg[8]=00000001
Time=41830000 PC=80000090 Reg[8]=00000000
Time=41870000 LOAD:  addr=bfd003fc data=01000001
Time=41890000 PC=8000008c Reg[8]=00000001
Time=41930000 PC=80000090 Reg[8]=00000000
Time=41970000 LOAD:  addr=bfd003fc data=01000001
Time=41990000 PC=8000008c Reg[8]=00000001
Time=42030000 PC=80000090 Reg[8]=00000000
Time=42070000 LOAD:  addr=bfd003fc data=01000001
Time=42090000 PC=8000008c Reg[8]=00000001
Time=42130000 PC=80000090 Reg[8]=00000000
Time=42170000 LOAD:  addr=bfd003fc data=01000001
Time=42190000 PC=8000008c Reg[8]=00000001
Time=42230000 PC=80000090 Reg[8]=00000000
Time=42270000 LOAD:  addr=bfd003fc data=01000001
Time=42290000 PC=8000008c Reg[8]=00000001
Time=42330000 PC=80000090 Reg[8]=00000000
Time=42370000 LOAD:  addr=bfd003fc data=01000001
Time=42390000 PC=8000008c Reg[8]=00000001
Time=42430000 PC=80000090 Reg[8]=00000000
Time=42470000 LOAD:  addr=bfd003fc data=01000001
Time=42490000 PC=8000008c Reg[8]=00000001
Time=42530000 PC=80000090 Reg[8]=00000000
Time=42570000 LOAD:  addr=bfd003fc data=01000001
Time=42590000 PC=8000008c Reg[8]=00000001
Time=42630000 PC=80000090 Reg[8]=00000000
Time=42670000 LOAD:  addr=bfd003fc data=01000001
Time=42690000 PC=8000008c Reg[8]=00000001
Time=42730000 PC=80000090 Reg[8]=00000000
Time=42770000 LOAD:  addr=bfd003fc data=01000001
Time=42790000 PC=8000008c Reg[8]=00000001
Time=42830000 PC=80000090 Reg[8]=00000000
Time=42870000 LOAD:  addr=bfd003fc data=01000001
Time=42890000 PC=8000008c Reg[8]=00000001
Time=42930000 PC=80000090 Reg[8]=00000000
Time=42970000 LOAD:  addr=bfd003fc data=01000001
Time=42990000 PC=8000008c Reg[8]=00000001
Time=43030000 PC=80000090 Reg[8]=00000000
Time=43070000 LOAD:  addr=bfd003fc data=01000001
Time=43090000 PC=8000008c Reg[8]=00000001
Time=43130000 PC=80000090 Reg[8]=00000000
Time=43170000 LOAD:  addr=bfd003fc data=01000001
Time=43190000 PC=8000008c Reg[8]=00000001
Time=43230000 PC=80000090 Reg[8]=00000000
Time=43270000 LOAD:  addr=bfd003fc data=01000001
Time=43290000 PC=8000008c Reg[8]=00000001
Time=43330000 PC=80000090 Reg[8]=00000000
Time=43370000 LOAD:  addr=bfd003fc data=01000001
Time=43390000 PC=8000008c Reg[8]=00000001
Time=43430000 PC=80000090 Reg[8]=00000000
Time=43470000 LOAD:  addr=bfd003fc data=01000001
Time=43490000 PC=8000008c Reg[8]=00000001
Time=43530000 PC=80000090 Reg[8]=00000000
Time=43570000 LOAD:  addr=bfd003fc data=01000001
Time=43590000 PC=8000008c Reg[8]=00000001
Time=43630000 PC=80000090 Reg[8]=00000000
Time=43670000 LOAD:  addr=bfd003fc data=01000001
Time=43690000 PC=8000008c Reg[8]=00000001
Time=43730000 PC=80000090 Reg[8]=00000000
Time=43770000 LOAD:  addr=bfd003fc data=01000001
Time=43790000 PC=8000008c Reg[8]=00000001
Time=43830000 PC=80000090 Reg[8]=00000000
Time=43870000 LOAD:  addr=bfd003fc data=01000001
Time=43890000 PC=8000008c Reg[8]=00000001
Time=43930000 PC=80000090 Reg[8]=00000000
Time=43970000 LOAD:  addr=bfd003fc data=01000001
Time=43990000 PC=8000008c Reg[8]=00000001
Time=44030000 PC=80000090 Reg[8]=00000000
Time=44070000 LOAD:  addr=bfd003fc data=01000001
Time=44090000 PC=8000008c Reg[8]=00000001
Time=44130000 PC=80000090 Reg[8]=00000000
Time=44170000 LOAD:  addr=bfd003fc data=01000001
Time=44190000 PC=8000008c Reg[8]=00000001
Time=44230000 PC=80000090 Reg[8]=00000000
bTime=44270000 LOAD:  addr=bfd003fc data=01000001
Time=44290000 PC=8000008c Reg[8]=00000001
Time=44330000 PC=80000090 Reg[8]=00000000
Time=44370000 LOAD:  addr=bfd003fc data=01000001
Time=44390000 PC=8000008c Reg[8]=00000001
Time=44430000 PC=80000090 Reg[8]=00000000
Time=44470000 LOAD:  addr=bfd003fc data=01000001
Time=44490000 PC=8000008c Reg[8]=00000001
Time=44530000 PC=80000090 Reg[8]=00000000
Time=44570000 LOAD:  addr=bfd003fc data=01000001
Time=44590000 PC=8000008c Reg[8]=00000001
Time=44630000 PC=80000090 Reg[8]=00000000
Time=44670000 LOAD:  addr=bfd003fc data=01000001
Time=44690000 PC=8000008c Reg[8]=00000001
Time=44730000 PC=80000090 Reg[8]=00000000
Time=44770000 LOAD:  addr=bfd003fc data=01000001
Time=44790000 PC=8000008c Reg[8]=00000001
Time=44830000 PC=80000090 Reg[8]=00000000
Time=44870000 LOAD:  addr=bfd003fc data=01000001
Time=44890000 PC=8000008c Reg[8]=00000001
Time=44930000 PC=80000090 Reg[8]=00000000
Time=44970000 LOAD:  addr=bfd003fc data=01000001
Time=44990000 PC=8000008c Reg[8]=00000001
Time=45030000 PC=80000090 Reg[8]=00000000
Time=45070000 LOAD:  addr=bfd003fc data=01000001
Time=45090000 PC=8000008c Reg[8]=00000001
Time=45130000 PC=80000090 Reg[8]=00000000
Time=45170000 LOAD:  addr=bfd003fc data=01000001
Time=45190000 PC=8000008c Reg[8]=00000001
Time=45230000 PC=80000090 Reg[8]=00000000
Time=45270000 LOAD:  addr=bfd003fc data=01000001
Time=45290000 PC=8000008c Reg[8]=00000001
Time=45330000 PC=80000090 Reg[8]=00000000
Time=45370000 LOAD:  addr=bfd003fc data=01000001
Time=45390000 PC=8000008c Reg[8]=00000001
Time=45430000 PC=80000090 Reg[8]=00000000
Time=45470000 LOAD:  addr=bfd003fc data=01000001
Time=45490000 PC=8000008c Reg[8]=00000001
Time=45530000 PC=80000090 Reg[8]=00000000
Time=45570000 LOAD:  addr=bfd003fc data=01000001
Time=45590000 PC=8000008c Reg[8]=00000001
Time=45630000 PC=80000090 Reg[8]=00000000
Time=45670000 LOAD:  addr=bfd003fc data=01000001
Time=45690000 PC=8000008c Reg[8]=00000001
Time=45730000 PC=80000090 Reg[8]=00000000
Time=45770000 LOAD:  addr=bfd003fc data=01000001
Time=45790000 PC=8000008c Reg[8]=00000001
Time=45830000 PC=80000090 Reg[8]=00000000
Time=45870000 LOAD:  addr=bfd003fc data=01000001
Time=45890000 PC=8000008c Reg[8]=00000001
Time=45930000 PC=80000090 Reg[8]=00000000
Time=45970000 LOAD:  addr=bfd003fc data=01000001
Time=45990000 PC=8000008c Reg[8]=00000001
Time=46030000 PC=80000090 Reg[8]=00000000
Time=46070000 LOAD:  addr=bfd003fc data=01000001
Time=46090000 PC=8000008c Reg[8]=00000001
Time=46130000 PC=80000090 Reg[8]=00000000
Time=46170000 LOAD:  addr=bfd003fc data=01000001
Time=46190000 PC=8000008c Reg[8]=00000001
Time=46230000 PC=80000090 Reg[8]=00000000
Time=46270000 LOAD:  addr=bfd003fc data=01000001
Time=46290000 PC=8000008c Reg[8]=00000001
Time=46330000 PC=80000090 Reg[8]=00000000
Time=46370000 LOAD:  addr=bfd003fc data=01000001
Time=46390000 PC=8000008c Reg[8]=00000001
Time=46430000 PC=80000090 Reg[8]=00000000
Time=46470000 LOAD:  addr=bfd003fc data=01000001
Time=46490000 PC=8000008c Reg[8]=00000001
Time=46530000 PC=80000090 Reg[8]=00000000
Time=46570000 LOAD:  addr=bfd003fc data=01000001
Time=46590000 PC=8000008c Reg[8]=00000001
Time=46630000 PC=80000090 Reg[8]=00000000
Time=46670000 LOAD:  addr=bfd003fc data=01000001
Time=46690000 PC=8000008c Reg[8]=00000001
Time=46730000 PC=80000090 Reg[8]=00000000
Time=46770000 LOAD:  addr=bfd003fc data=01000001
Time=46790000 PC=8000008c Reg[8]=00000001
Time=46830000 PC=80000090 Reg[8]=00000000
Time=46870000 LOAD:  addr=bfd003fc data=01000001
Time=46890000 PC=8000008c Reg[8]=00000001
Time=46930000 PC=80000090 Reg[8]=00000000
Time=46970000 LOAD:  addr=bfd003fc data=01000001
Time=46990000 PC=8000008c Reg[8]=00000001
Time=47030000 PC=80000090 Reg[8]=00000000
Time=47070000 LOAD:  addr=bfd003fc data=01000001
Time=47090000 PC=8000008c Reg[8]=00000001
Time=47130000 PC=80000090 Reg[8]=00000000
Time=47170000 LOAD:  addr=bfd003fc data=01000001
Time=47190000 PC=8000008c Reg[8]=00000001
Time=47230000 PC=80000090 Reg[8]=00000000
Time=47270000 LOAD:  addr=bfd003fc data=01000001
Time=47290000 PC=8000008c Reg[8]=00000001
Time=47330000 PC=80000090 Reg[8]=00000000
Time=47370000 LOAD:  addr=bfd003fc data=01000001
Time=47390000 PC=8000008c Reg[8]=00000001
Time=47430000 PC=80000090 Reg[8]=00000000
Time=47470000 LOAD:  addr=bfd003fc data=01000001
Time=47490000 PC=8000008c Reg[8]=00000001
Time=47530000 PC=80000090 Reg[8]=00000000
Time=47570000 LOAD:  addr=bfd003fc data=01000001
Time=47590000 PC=8000008c Reg[8]=00000001
Time=47630000 PC=80000090 Reg[8]=00000000
Time=47670000 LOAD:  addr=bfd003fc data=01000001
Time=47690000 PC=8000008c Reg[8]=00000001
Time=47730000 PC=80000090 Reg[8]=00000000
Time=47770000 LOAD:  addr=bfd003fc data=01000001
Time=47790000 PC=8000008c Reg[8]=00000001
Time=47830000 PC=80000090 Reg[8]=00000000
Time=47870000 LOAD:  addr=bfd003fc data=01000001
Time=47890000 PC=8000008c Reg[8]=00000001
Time=47930000 PC=80000090 Reg[8]=00000000
Time=47970000 LOAD:  addr=bfd003fc data=01000001
Time=47990000 PC=8000008c Reg[8]=00000001
Time=48030000 PC=80000090 Reg[8]=00000000
Time=48070000 LOAD:  addr=bfd003fc data=01000001
Time=48090000 PC=8000008c Reg[8]=00000001
Time=48130000 PC=80000090 Reg[8]=00000000
Time=48170000 LOAD:  addr=bfd003fc data=01000001
Time=48190000 PC=8000008c Reg[8]=00000001
Time=48230000 PC=80000090 Reg[8]=00000000
Time=48270000 LOAD:  addr=bfd003fc data=01000001
Time=48290000 PC=8000008c Reg[8]=00000001
Time=48330000 PC=80000090 Reg[8]=00000000
Time=48370000 LOAD:  addr=bfd003fc data=01000001
Time=48390000 PC=8000008c Reg[8]=00000001
Time=48430000 PC=80000090 Reg[8]=00000000
Time=48470000 LOAD:  addr=bfd003fc data=01000001
Time=48490000 PC=8000008c Reg[8]=00000001
Time=48530000 PC=80000090 Reg[8]=00000000
Time=48570000 LOAD:  addr=bfd003fc data=01000001
Time=48590000 PC=8000008c Reg[8]=00000001
Time=48630000 PC=80000090 Reg[8]=00000000
Time=48670000 LOAD:  addr=bfd003fc data=01000001
Time=48690000 PC=8000008c Reg[8]=00000001
Time=48730000 PC=80000090 Reg[8]=00000000
Time=48770000 LOAD:  addr=bfd003fc data=01000001
Time=48790000 PC=8000008c Reg[8]=00000001
Time=48830000 PC=80000090 Reg[8]=00000000
Time=48870000 LOAD:  addr=bfd003fc data=01000001
Time=48890000 PC=8000008c Reg[8]=00000001
Time=48930000 PC=80000090 Reg[8]=00000000
Time=48970000 LOAD:  addr=bfd003fc data=01000001
Time=48990000 PC=8000008c Reg[8]=00000001
Time=49030000 PC=80000090 Reg[8]=00000000
Time=49070000 LOAD:  addr=bfd003fc data=01000001
Time=49090000 PC=8000008c Reg[8]=00000001
Time=49130000 PC=80000090 Reg[8]=00000000
Time=49170000 LOAD:  addr=bfd003fc data=01000001
Time=49190000 PC=8000008c Reg[8]=00000001
Time=49230000 PC=80000090 Reg[8]=00000000
Time=49270000 LOAD:  addr=bfd003fc data=01000001
Time=49290000 PC=8000008c Reg[8]=00000001
Time=49330000 PC=80000090 Reg[8]=00000000
Time=49370000 LOAD:  addr=bfd003fc data=01000001
Time=49390000 PC=8000008c Reg[8]=00000001
Time=49430000 PC=80000090 Reg[8]=00000000
Time=49470000 LOAD:  addr=bfd003fc data=01000001
Time=49490000 PC=8000008c Reg[8]=00000001
Time=49530000 PC=80000090 Reg[8]=00000000
Time=49570000 LOAD:  addr=bfd003fc data=01000001
Time=49590000 PC=8000008c Reg[8]=00000001
Time=49630000 PC=80000090 Reg[8]=00000000
Time=49670000 LOAD:  addr=bfd003fc data=01000001
Time=49690000 PC=8000008c Reg[8]=00000001
Time=49730000 PC=80000090 Reg[8]=00000000
Time=49770000 LOAD:  addr=bfd003fc data=01000001
Time=49790000 PC=8000008c Reg[8]=00000001
Time=49830000 PC=80000090 Reg[8]=00000000
Time=49870000 LOAD:  addr=bfd003fc data=01000001
Time=49890000 PC=8000008c Reg[8]=00000001
Time=49930000 PC=80000090 Reg[8]=00000000
Time=49970000 LOAD:  addr=bfd003fc data=01000001
Time=49990000 PC=8000008c Reg[8]=00000001
Time=50030000 PC=80000090 Reg[8]=00000000
Time=50070000 LOAD:  addr=bfd003fc data=01000001
Time=50090000 PC=8000008c Reg[8]=00000001
Time=50130000 PC=80000090 Reg[8]=00000000
Time=50170000 LOAD:  addr=bfd003fc data=01000001
Time=50190000 PC=8000008c Reg[8]=00000001
Time=50230000 PC=80000090 Reg[8]=00000000
Time=50270000 LOAD:  addr=bfd003fc data=01000001
Time=50290000 PC=8000008c Reg[8]=00000001
Time=50330000 PC=80000090 Reg[8]=00000000
Time=50370000 LOAD:  addr=bfd003fc data=01000001
Time=50390000 PC=8000008c Reg[8]=00000001
Time=50430000 PC=80000090 Reg[8]=00000000
Time=50470000 LOAD:  addr=bfd003fc data=01000001
Time=50490000 PC=8000008c Reg[8]=00000001
Time=50530000 PC=80000090 Reg[8]=00000000
Time=50570000 LOAD:  addr=bfd003fc data=01000001
Time=50590000 PC=8000008c Reg[8]=00000001
Time=50630000 PC=80000090 Reg[8]=00000000
Time=50670000 LOAD:  addr=bfd003fc data=01000001
Time=50690000 PC=8000008c Reg[8]=00000001
Time=50730000 PC=80000090 Reg[8]=00000000
Time=50770000 LOAD:  addr=bfd003fc data=01000001
Time=50790000 PC=8000008c Reg[8]=00000001
Time=50830000 PC=80000090 Reg[8]=00000000
Time=50870000 LOAD:  addr=bfd003fc data=01000001
Time=50890000 PC=8000008c Reg[8]=00000001
Time=50930000 PC=80000090 Reg[8]=00000000
Time=50970000 LOAD:  addr=bfd003fc data=01000001
Time=50990000 PC=8000008c Reg[8]=00000001
Time=51030000 PC=80000090 Reg[8]=00000000
Time=51070000 LOAD:  addr=bfd003fc data=01000001
Time=51090000 PC=8000008c Reg[8]=00000001
Time=51130000 PC=80000090 Reg[8]=00000000
Time=51170000 LOAD:  addr=bfd003fc data=01000001
Time=51190000 PC=8000008c Reg[8]=00000001
Time=51230000 PC=80000090 Reg[8]=00000000
Time=51270000 LOAD:  addr=bfd003fc data=01000001
Time=51290000 PC=8000008c Reg[8]=00000001
Time=51330000 PC=80000090 Reg[8]=00000000
Time=51370000 LOAD:  addr=bfd003fc data=01000001
Time=51390000 PC=8000008c Reg[8]=00000001
Time=51430000 PC=80000090 Reg[8]=00000000
Time=51470000 LOAD:  addr=bfd003fc data=01000001
Time=51490000 PC=8000008c Reg[8]=00000001
Time=51530000 PC=80000090 Reg[8]=00000000
Time=51570000 LOAD:  addr=bfd003fc data=01000001
Time=51590000 PC=8000008c Reg[8]=00000001
Time=51630000 PC=80000090 Reg[8]=00000000
Time=51670000 LOAD:  addr=bfd003fc data=01000001
Time=51690000 PC=8000008c Reg[8]=00000001
Time=51730000 PC=80000090 Reg[8]=00000000
Time=51770000 LOAD:  addr=bfd003fc data=01000001
Time=51790000 PC=8000008c Reg[8]=00000001
Time=51830000 PC=80000090 Reg[8]=00000000
Time=51870000 LOAD:  addr=bfd003fc data=01000001
Time=51890000 PC=8000008c Reg[8]=00000001
Time=51930000 PC=80000090 Reg[8]=00000000
Time=51970000 LOAD:  addr=bfd003fc data=01000001
Time=51990000 PC=8000008c Reg[8]=00000001
Time=52030000 PC=80000090 Reg[8]=00000000
Time=52070000 LOAD:  addr=bfd003fc data=01000001
Time=52090000 PC=8000008c Reg[8]=00000001
Time=52130000 PC=80000090 Reg[8]=00000000
Time=52170000 LOAD:  addr=bfd003fc data=01000001
Time=52190000 PC=8000008c Reg[8]=00000001
Time=52230000 PC=80000090 Reg[8]=00000000
Time=52270000 LOAD:  addr=bfd003fc data=01000001
Time=52290000 PC=8000008c Reg[8]=00000001
Time=52330000 PC=80000090 Reg[8]=00000000
Time=52370000 LOAD:  addr=bfd003fc data=01000001
Time=52390000 PC=8000008c Reg[8]=00000001
Time=52430000 PC=80000090 Reg[8]=00000000
Time=52470000 LOAD:  addr=bfd003fc data=01000001
Time=52490000 PC=8000008c Reg[8]=00000001
Time=52530000 PC=80000090 Reg[8]=00000000
Time=52570000 LOAD:  addr=bfd003fc data=01000001
Time=52590000 PC=8000008c Reg[8]=00000001
Time=52630000 PC=80000090 Reg[8]=00000000
Time=52670000 LOAD:  addr=bfd003fc data=01000001
Time=52690000 PC=8000008c Reg[8]=00000001
Time=52730000 PC=80000090 Reg[8]=00000000
Time=52770000 LOAD:  addr=bfd003fc data=01000001
Time=52790000 PC=8000008c Reg[8]=00000001
Time=52830000 PC=80000090 Reg[8]=00000000
Time=52870000 LOAD:  addr=bfd003fc data=01000001
Time=52890000 PC=8000008c Reg[8]=00000001
Time=52930000 PC=80000090 Reg[8]=00000000
Time=52970000 LOAD:  addr=bfd003fc data=01000001
Time=52990000 PC=8000008c Reg[8]=00000001
Time=53030000 PC=80000090 Reg[8]=00000000
Time=53070000 LOAD:  addr=bfd003fc data=01000001
Time=53090000 PC=8000008c Reg[8]=00000001
Time=53130000 PC=80000090 Reg[8]=00000000
Time=53170000 LOAD:  addr=bfd003fc data=01000001
Time=53190000 PC=8000008c Reg[8]=00000001
Time=53230000 PC=80000090 Reg[8]=00000000
Time=53270000 LOAD:  addr=bfd003fc data=01000001
Time=53290000 PC=8000008c Reg[8]=00000001
Time=53330000 PC=80000090 Reg[8]=00000000
Time=53370000 LOAD:  addr=bfd003fc data=01000001
Time=53390000 PC=8000008c Reg[8]=00000001
Time=53430000 PC=80000090 Reg[8]=00000000
Time=53470000 LOAD:  addr=bfd003fc data=01000001
Time=53490000 PC=8000008c Reg[8]=00000001
Time=53530000 PC=80000090 Reg[8]=00000000
Time=53570000 LOAD:  addr=bfd003fc data=01000001
Time=53590000 PC=8000008c Reg[8]=00000001
Time=53630000 PC=80000090 Reg[8]=00000000
Time=53670000 LOAD:  addr=bfd003fc data=01000001
Time=53690000 PC=8000008c Reg[8]=00000001
Time=53730000 PC=80000090 Reg[8]=00000000
Time=53770000 LOAD:  addr=bfd003fc data=01000001
Time=53790000 PC=8000008c Reg[8]=00000001
Time=53830000 PC=80000090 Reg[8]=00000000
Time=53870000 LOAD:  addr=bfd003fc data=01000001
Time=53890000 PC=8000008c Reg[8]=00000001
Time=53930000 PC=80000090 Reg[8]=00000000
Time=53970000 LOAD:  addr=bfd003fc data=01000001
Time=53990000 PC=8000008c Reg[8]=00000001
Time=54030000 PC=80000090 Reg[8]=00000000
Time=54070000 LOAD:  addr=bfd003fc data=01000001
Time=54090000 PC=8000008c Reg[8]=00000001
Time=54130000 PC=80000090 Reg[8]=00000000
Time=54170000 LOAD:  addr=bfd003fc data=01000001
Time=54190000 PC=8000008c Reg[8]=00000001
Time=54230000 PC=80000090 Reg[8]=00000000
Time=54270000 LOAD:  addr=bfd003fc data=01000001
Time=54290000 PC=8000008c Reg[8]=00000001
Time=54330000 PC=80000090 Reg[8]=00000000
 Time=54370000 LOAD:  addr=bfd003fc data=01000001
Time=54390000 PC=8000008c Reg[8]=00000001
Time=54430000 PC=80000090 Reg[8]=00000000
Time=54470000 LOAD:  addr=bfd003fc data=01000001
Time=54490000 PC=8000008c Reg[8]=00000001
Time=54530000 PC=80000090 Reg[8]=00000000
Time=54570000 LOAD:  addr=bfd003fc data=01000001
Time=54590000 PC=8000008c Reg[8]=00000001
Time=54630000 PC=80000090 Reg[8]=00000000
Time=54670000 LOAD:  addr=bfd003fc data=01000001
Time=54690000 PC=8000008c Reg[8]=00000001
Time=54730000 PC=80000090 Reg[8]=00000000
Time=54770000 LOAD:  addr=bfd003fc data=01000001
Time=54790000 PC=8000008c Reg[8]=00000001
Time=54830000 PC=80000090 Reg[8]=00000000
Time=54870000 LOAD:  addr=bfd003fc data=01000001
Time=54890000 PC=8000008c Reg[8]=00000001
Time=54930000 PC=80000090 Reg[8]=00000000
Time=54970000 LOAD:  addr=bfd003fc data=01000001
Time=54990000 PC=8000008c Reg[8]=00000001
Time=55030000 PC=80000090 Reg[8]=00000000
Time=55070000 LOAD:  addr=bfd003fc data=01000001
Time=55090000 PC=8000008c Reg[8]=00000001
Time=55130000 PC=80000090 Reg[8]=00000000
Time=55170000 LOAD:  addr=bfd003fc data=01000001
Time=55190000 PC=8000008c Reg[8]=00000001
Time=55230000 PC=80000090 Reg[8]=00000000
Time=55270000 LOAD:  addr=bfd003fc data=01000001
Time=55290000 PC=8000008c Reg[8]=00000001
Time=55330000 PC=80000090 Reg[8]=00000000
Time=55370000 LOAD:  addr=bfd003fc data=01000001
Time=55390000 PC=8000008c Reg[8]=00000001
Time=55430000 PC=80000090 Reg[8]=00000000
Time=55470000 LOAD:  addr=bfd003fc data=01000001
Time=55490000 PC=8000008c Reg[8]=00000001
Time=55530000 PC=80000090 Reg[8]=00000000
Time=55570000 LOAD:  addr=bfd003fc data=01000001
Time=55590000 PC=8000008c Reg[8]=00000001
Time=55630000 PC=80000090 Reg[8]=00000000
Time=55670000 LOAD:  addr=bfd003fc data=01000001
Time=55690000 PC=8000008c Reg[8]=00000001
Time=55730000 PC=80000090 Reg[8]=00000000
Time=55770000 LOAD:  addr=bfd003fc data=01000001
Time=55790000 PC=8000008c Reg[8]=00000001
Time=55830000 PC=80000090 Reg[8]=00000000
Time=55870000 LOAD:  addr=bfd003fc data=01000001
Time=55890000 PC=8000008c Reg[8]=00000001
Time=55930000 PC=80000090 Reg[8]=00000000
Time=55970000 LOAD:  addr=bfd003fc data=01000001
Time=55990000 PC=8000008c Reg[8]=00000001
Time=56030000 PC=80000090 Reg[8]=00000000
Time=56070000 LOAD:  addr=bfd003fc data=01000001
Time=56090000 PC=8000008c Reg[8]=00000001
Time=56130000 PC=80000090 Reg[8]=00000000
Time=56170000 LOAD:  addr=bfd003fc data=01000001
Time=56190000 PC=8000008c Reg[8]=00000001
Time=56230000 PC=80000090 Reg[8]=00000000
Time=56270000 LOAD:  addr=bfd003fc data=01000001
Time=56290000 PC=8000008c Reg[8]=00000001
Time=56330000 PC=80000090 Reg[8]=00000000
Time=56370000 LOAD:  addr=bfd003fc data=01000001
Time=56390000 PC=8000008c Reg[8]=00000001
Time=56430000 PC=80000090 Reg[8]=00000000
Time=56470000 LOAD:  addr=bfd003fc data=01000001
Time=56490000 PC=8000008c Reg[8]=00000001
Time=56530000 PC=80000090 Reg[8]=00000000
Time=56570000 LOAD:  addr=bfd003fc data=01000001
Time=56590000 PC=8000008c Reg[8]=00000001
Time=56630000 PC=80000090 Reg[8]=00000000
Time=56670000 LOAD:  addr=bfd003fc data=01000001
Time=56690000 PC=8000008c Reg[8]=00000001
Time=56730000 PC=80000090 Reg[8]=00000000
Time=56770000 LOAD:  addr=bfd003fc data=01000001
Time=56790000 PC=8000008c Reg[8]=00000001
Time=56830000 PC=80000090 Reg[8]=00000000
Time=56870000 LOAD:  addr=bfd003fc data=01000001
Time=56890000 PC=8000008c Reg[8]=00000001
Time=56930000 PC=80000090 Reg[8]=00000000
Time=56970000 LOAD:  addr=bfd003fc data=01000001
Time=56990000 PC=8000008c Reg[8]=00000001
Time=57030000 PC=80000090 Reg[8]=00000000
Time=57070000 LOAD:  addr=bfd003fc data=01000001
Time=57090000 PC=8000008c Reg[8]=00000001
Time=57130000 PC=80000090 Reg[8]=00000000
Time=57170000 LOAD:  addr=bfd003fc data=01000001
Time=57190000 PC=8000008c Reg[8]=00000001
Time=57230000 PC=80000090 Reg[8]=00000000
Time=57270000 LOAD:  addr=bfd003fc data=01000001
Time=57290000 PC=8000008c Reg[8]=00000001
Time=57330000 PC=80000090 Reg[8]=00000000
Time=57370000 LOAD:  addr=bfd003fc data=01000001
Time=57390000 PC=8000008c Reg[8]=00000001
Time=57430000 PC=80000090 Reg[8]=00000000
Time=57470000 LOAD:  addr=bfd003fc data=01000001
Time=57490000 PC=8000008c Reg[8]=00000001
Time=57530000 PC=80000090 Reg[8]=00000000
Time=57570000 LOAD:  addr=bfd003fc data=01000001
Time=57590000 PC=8000008c Reg[8]=00000001
Time=57630000 PC=80000090 Reg[8]=00000000
Time=57670000 LOAD:  addr=bfd003fc data=01000001
Time=57690000 PC=8000008c Reg[8]=00000001
Time=57730000 PC=80000090 Reg[8]=00000000
Time=57770000 LOAD:  addr=bfd003fc data=01000001
Time=57790000 PC=8000008c Reg[8]=00000001
Time=57830000 PC=80000090 Reg[8]=00000000
Time=57870000 LOAD:  addr=bfd003fc data=01000001
Time=57890000 PC=8000008c Reg[8]=00000001
Time=57930000 PC=80000090 Reg[8]=00000000
Time=57970000 LOAD:  addr=bfd003fc data=01000001
Time=57990000 PC=8000008c Reg[8]=00000001
Time=58030000 PC=80000090 Reg[8]=00000000
Time=58070000 LOAD:  addr=bfd003fc data=01000001
Time=58090000 PC=8000008c Reg[8]=00000001
Time=58130000 PC=80000090 Reg[8]=00000000
Time=58170000 LOAD:  addr=bfd003fc data=01000001
Time=58190000 PC=8000008c Reg[8]=00000001
Time=58230000 PC=80000090 Reg[8]=00000000
Time=58270000 LOAD:  addr=bfd003fc data=01000001
Time=58290000 PC=8000008c Reg[8]=00000001
Time=58330000 PC=80000090 Reg[8]=00000000
Time=58370000 LOAD:  addr=bfd003fc data=01000001
Time=58390000 PC=8000008c Reg[8]=00000001
Time=58430000 PC=80000090 Reg[8]=00000000
Time=58470000 LOAD:  addr=bfd003fc data=01000001
Time=58490000 PC=8000008c Reg[8]=00000001
Time=58530000 PC=80000090 Reg[8]=00000000
Time=58570000 LOAD:  addr=bfd003fc data=01000001
Time=58590000 PC=8000008c Reg[8]=00000001
Time=58630000 PC=80000090 Reg[8]=00000000
Time=58670000 LOAD:  addr=bfd003fc data=01000001
Time=58690000 PC=8000008c Reg[8]=00000001
Time=58730000 PC=80000090 Reg[8]=00000000
Time=58770000 LOAD:  addr=bfd003fc data=01000001
Time=58790000 PC=8000008c Reg[8]=00000001
Time=58830000 PC=80000090 Reg[8]=00000000
Time=58870000 LOAD:  addr=bfd003fc data=01000001
Time=58890000 PC=8000008c Reg[8]=00000001
Time=58930000 PC=80000090 Reg[8]=00000000
Time=58970000 LOAD:  addr=bfd003fc data=01000001
Time=58990000 PC=8000008c Reg[8]=00000001
Time=59030000 PC=80000090 Reg[8]=00000000
Time=59070000 LOAD:  addr=bfd003fc data=01000001
Time=59090000 PC=8000008c Reg[8]=00000001
Time=59130000 PC=80000090 Reg[8]=00000000
Time=59170000 LOAD:  addr=bfd003fc data=01000001
Time=59190000 PC=8000008c Reg[8]=00000001
Time=59230000 PC=80000090 Reg[8]=00000000
Time=59270000 LOAD:  addr=bfd003fc data=01000001
Time=59290000 PC=8000008c Reg[8]=00000001
Time=59330000 PC=80000090 Reg[8]=00000000
Time=59370000 LOAD:  addr=bfd003fc data=01000001
Time=59390000 PC=8000008c Reg[8]=00000001
Time=59430000 PC=80000090 Reg[8]=00000000
Time=59470000 LOAD:  addr=bfd003fc data=01000001
Time=59490000 PC=8000008c Reg[8]=00000001
Time=59530000 PC=80000090 Reg[8]=00000000
Time=59570000 LOAD:  addr=bfd003fc data=01000001
Time=59590000 PC=8000008c Reg[8]=00000001
Time=59630000 PC=80000090 Reg[8]=00000000
Time=59670000 LOAD:  addr=bfd003fc data=01000001
Time=59690000 PC=8000008c Reg[8]=00000001
Time=59730000 PC=80000090 Reg[8]=00000000
Time=59770000 LOAD:  addr=bfd003fc data=01000001
Time=59790000 PC=8000008c Reg[8]=00000001
Time=59830000 PC=80000090 Reg[8]=00000000
Time=59870000 LOAD:  addr=bfd003fc data=01000001
Time=59890000 PC=8000008c Reg[8]=00000001
Time=59930000 PC=80000090 Reg[8]=00000000
Time=59970000 LOAD:  addr=bfd003fc data=01000001
Time=59990000 PC=8000008c Reg[8]=00000001
Time=60030000 PC=80000090 Reg[8]=00000000
Time=60070000 LOAD:  addr=bfd003fc data=01000001
Time=60090000 PC=8000008c Reg[8]=00000001
Time=60130000 PC=80000090 Reg[8]=00000000
Time=60170000 LOAD:  addr=bfd003fc data=01000001
Time=60190000 PC=8000008c Reg[8]=00000001
Time=60230000 PC=80000090 Reg[8]=00000000
Time=60270000 LOAD:  addr=bfd003fc data=01000001
Time=60290000 PC=8000008c Reg[8]=00000001
Time=60330000 PC=80000090 Reg[8]=00000000
Time=60370000 LOAD:  addr=bfd003fc data=01000001
Time=60390000 PC=8000008c Reg[8]=00000001
Time=60430000 PC=80000090 Reg[8]=00000000
Time=60470000 LOAD:  addr=bfd003fc data=01000001
Time=60490000 PC=8000008c Reg[8]=00000001
Time=60530000 PC=80000090 Reg[8]=00000000
Time=60570000 LOAD:  addr=bfd003fc data=01000001
Time=60590000 PC=8000008c Reg[8]=00000001
Time=60630000 PC=80000090 Reg[8]=00000000
Time=60670000 LOAD:  addr=bfd003fc data=01000001
Time=60690000 PC=8000008c Reg[8]=00000001
Time=60730000 PC=80000090 Reg[8]=00000000
Time=60770000 LOAD:  addr=bfd003fc data=01000001
Time=60790000 PC=8000008c Reg[8]=00000001
Time=60830000 PC=80000090 Reg[8]=00000000
Time=60870000 LOAD:  addr=bfd003fc data=01000001
Time=60890000 PC=8000008c Reg[8]=00000001
Time=60930000 PC=80000090 Reg[8]=00000000
Time=60970000 LOAD:  addr=bfd003fc data=01000001
Time=60990000 PC=8000008c Reg[8]=00000001
Time=61030000 PC=80000090 Reg[8]=00000000
Time=61070000 LOAD:  addr=bfd003fc data=01000001
Time=61090000 PC=8000008c Reg[8]=00000001
Time=61130000 PC=80000090 Reg[8]=00000000
Time=61170000 LOAD:  addr=bfd003fc data=01000001
Time=61190000 PC=8000008c Reg[8]=00000001
Time=61230000 PC=80000090 Reg[8]=00000000
Time=61270000 LOAD:  addr=bfd003fc data=01000001
Time=61290000 PC=8000008c Reg[8]=00000001
Time=61330000 PC=80000090 Reg[8]=00000000
Time=61370000 LOAD:  addr=bfd003fc data=01000001
Time=61390000 PC=8000008c Reg[8]=00000001
Time=61430000 PC=80000090 Reg[8]=00000000
Time=61470000 LOAD:  addr=bfd003fc data=01000001
Time=61490000 PC=8000008c Reg[8]=00000001
Time=61530000 PC=80000090 Reg[8]=00000000
Time=61570000 LOAD:  addr=bfd003fc data=01000001
Time=61590000 PC=8000008c Reg[8]=00000001
Time=61630000 PC=80000090 Reg[8]=00000000
Time=61670000 LOAD:  addr=bfd003fc data=01000001
Time=61690000 PC=8000008c Reg[8]=00000001
Time=61730000 PC=80000090 Reg[8]=00000000
Time=61770000 LOAD:  addr=bfd003fc data=01000001
Time=61790000 PC=8000008c Reg[8]=00000001
Time=61830000 PC=80000090 Reg[8]=00000000
Time=61870000 LOAD:  addr=bfd003fc data=01000001
Time=61890000 PC=8000008c Reg[8]=00000001
Time=61930000 PC=80000090 Reg[8]=00000000
Time=61970000 LOAD:  addr=bfd003fc data=01000001
Time=61990000 PC=8000008c Reg[8]=00000001
Time=62030000 PC=80000090 Reg[8]=00000000
Time=62070000 LOAD:  addr=bfd003fc data=01000001
Time=62090000 PC=8000008c Reg[8]=00000001
Time=62130000 PC=80000090 Reg[8]=00000000
Time=62170000 LOAD:  addr=bfd003fc data=01000001
Time=62190000 PC=8000008c Reg[8]=00000001
Time=62230000 PC=80000090 Reg[8]=00000000
Time=62270000 LOAD:  addr=bfd003fc data=01000001
Time=62290000 PC=8000008c Reg[8]=00000001
Time=62330000 PC=80000090 Reg[8]=00000000
Time=62370000 LOAD:  addr=bfd003fc data=01000001
Time=62390000 PC=8000008c Reg[8]=00000001
Time=62430000 PC=80000090 Reg[8]=00000000
Time=62470000 LOAD:  addr=bfd003fc data=01000001
Time=62490000 PC=8000008c Reg[8]=00000001
Time=62530000 PC=80000090 Reg[8]=00000000
Time=62570000 LOAD:  addr=bfd003fc data=01000001
Time=62590000 PC=8000008c Reg[8]=00000001
Time=62630000 PC=80000090 Reg[8]=00000000
Time=62670000 LOAD:  addr=bfd003fc data=01000001
Time=62690000 PC=8000008c Reg[8]=00000001
Time=62730000 PC=80000090 Reg[8]=00000000
Time=62770000 LOAD:  addr=bfd003fc data=01000001
Time=62790000 PC=8000008c Reg[8]=00000001
Time=62830000 PC=80000090 Reg[8]=00000000
Time=62870000 LOAD:  addr=bfd003fc data=01000001
Time=62890000 PC=8000008c Reg[8]=00000001
Time=62930000 PC=80000090 Reg[8]=00000000
Time=62970000 LOAD:  addr=bfd003fc data=01000001
Time=62990000 PC=8000008c Reg[8]=00000001
Time=63030000 PC=80000090 Reg[8]=00000000
Time=63070000 LOAD:  addr=bfd003fc data=01000001
Time=63090000 PC=8000008c Reg[8]=00000001
Time=63130000 PC=80000090 Reg[8]=00000000
Time=63170000 LOAD:  addr=bfd003fc data=01000001
Time=63190000 PC=8000008c Reg[8]=00000001
Time=63230000 PC=80000090 Reg[8]=00000000
Time=63270000 LOAD:  addr=bfd003fc data=01000001
Time=63290000 PC=8000008c Reg[8]=00000001
Time=63330000 PC=80000090 Reg[8]=00000000
Time=63370000 LOAD:  addr=bfd003fc data=01000001
Time=63390000 PC=8000008c Reg[8]=00000001
Time=63430000 PC=80000090 Reg[8]=00000000
Time=63470000 LOAD:  addr=bfd003fc data=01000001
Time=63490000 PC=8000008c Reg[8]=00000001
Time=63530000 PC=80000090 Reg[8]=00000000
Time=63570000 LOAD:  addr=bfd003fc data=01000001
Time=63590000 PC=8000008c Reg[8]=00000001
Time=63630000 PC=80000090 Reg[8]=00000000
Time=63670000 LOAD:  addr=bfd003fc data=01000001
Time=63690000 PC=8000008c Reg[8]=00000001
Time=63730000 PC=80000090 Reg[8]=00000000
Time=63770000 LOAD:  addr=bfd003fc data=01000001
Time=63790000 PC=8000008c Reg[8]=00000001
Time=63830000 PC=80000090 Reg[8]=00000000
Time=63870000 LOAD:  addr=bfd003fc data=01000001
Time=63890000 PC=8000008c Reg[8]=00000001
Time=63930000 PC=80000090 Reg[8]=00000000
Time=63970000 LOAD:  addr=bfd003fc data=01000001
Time=63990000 PC=8000008c Reg[8]=00000001
Time=64030000 PC=80000090 Reg[8]=00000000
Time=64070000 LOAD:  addr=bfd003fc data=01000001
Time=64090000 PC=8000008c Reg[8]=00000001
Time=64130000 PC=80000090 Reg[8]=00000000
Time=64170000 LOAD:  addr=bfd003fc data=01000001
Time=64190000 PC=8000008c Reg[8]=00000001
Time=64230000 PC=80000090 Reg[8]=00000000
Time=64270000 LOAD:  addr=bfd003fc data=01000001
Time=64290000 PC=8000008c Reg[8]=00000001
Time=64330000 PC=80000090 Reg[8]=00000000
Time=64370000 LOAD:  addr=bfd003fc data=01000001
Time=64390000 PC=8000008c Reg[8]=00000001
FTime=64430000 PC=80000090 Reg[8]=00000000
Time=64470000 LOAD:  addr=bfd003fc data=01000001
Time=64490000 PC=8000008c Reg[8]=00000001
Time=64530000 PC=80000090 Reg[8]=00000000
Time=64570000 LOAD:  addr=bfd003fc data=01000001
Time=64590000 PC=8000008c Reg[8]=00000001
Time=64630000 PC=80000090 Reg[8]=00000000
Time=64670000 LOAD:  addr=bfd003fc data=01000001
Time=64690000 PC=8000008c Reg[8]=00000001
Time=64730000 PC=80000090 Reg[8]=00000000
Time=64770000 LOAD:  addr=bfd003fc data=01000001
Time=64790000 PC=8000008c Reg[8]=00000001
Time=64830000 PC=80000090 Reg[8]=00000000
Time=64870000 LOAD:  addr=bfd003fc data=01000001
Time=64890000 PC=8000008c Reg[8]=00000001
Time=64930000 PC=80000090 Reg[8]=00000000
Time=64970000 LOAD:  addr=bfd003fc data=01000001
Time=64990000 PC=8000008c Reg[8]=00000001
Time=65030000 PC=80000090 Reg[8]=00000000
Time=65070000 LOAD:  addr=bfd003fc data=01000001
Time=65090000 PC=8000008c Reg[8]=00000001
Time=65130000 PC=80000090 Reg[8]=00000000
Time=65170000 LOAD:  addr=bfd003fc data=01000001
Time=65190000 PC=8000008c Reg[8]=00000001
Time=65230000 PC=80000090 Reg[8]=00000000
Time=65270000 LOAD:  addr=bfd003fc data=01000001
Time=65290000 PC=8000008c Reg[8]=00000001
Time=65330000 PC=80000090 Reg[8]=00000000
Time=65370000 LOAD:  addr=bfd003fc data=01000001
Time=65390000 PC=8000008c Reg[8]=00000001
Time=65430000 PC=80000090 Reg[8]=00000000
Time=65470000 LOAD:  addr=bfd003fc data=01000001
Time=65490000 PC=8000008c Reg[8]=00000001
Time=65530000 PC=80000090 Reg[8]=00000000
Time=65570000 LOAD:  addr=bfd003fc data=01000001
Time=65590000 PC=8000008c Reg[8]=00000001
Time=65630000 PC=80000090 Reg[8]=00000000
Time=65670000 LOAD:  addr=bfd003fc data=01000001
Time=65690000 PC=8000008c Reg[8]=00000001
Time=65730000 PC=80000090 Reg[8]=00000000
Time=65770000 LOAD:  addr=bfd003fc data=01000001
Time=65790000 PC=8000008c Reg[8]=00000001
Time=65830000 PC=80000090 Reg[8]=00000000
Time=65870000 LOAD:  addr=bfd003fc data=01000001
Time=65890000 PC=8000008c Reg[8]=00000001
Time=65930000 PC=80000090 Reg[8]=00000000
Time=65970000 LOAD:  addr=bfd003fc data=01000001
Time=65990000 PC=8000008c Reg[8]=00000001
Time=66030000 PC=80000090 Reg[8]=00000000
Time=66070000 LOAD:  addr=bfd003fc data=01000001
Time=66090000 PC=8000008c Reg[8]=00000001
Time=66130000 PC=80000090 Reg[8]=00000000
Time=66170000 LOAD:  addr=bfd003fc data=01000001
Time=66190000 PC=8000008c Reg[8]=00000001
Time=66230000 PC=80000090 Reg[8]=00000000
Time=66270000 LOAD:  addr=bfd003fc data=01000001
Time=66290000 PC=8000008c Reg[8]=00000001
Time=66330000 PC=80000090 Reg[8]=00000000
Time=66370000 LOAD:  addr=bfd003fc data=01000001
Time=66390000 PC=8000008c Reg[8]=00000001
Time=66430000 PC=80000090 Reg[8]=00000000
Time=66470000 LOAD:  addr=bfd003fc data=01000001
Time=66490000 PC=8000008c Reg[8]=00000001
Time=66530000 PC=80000090 Reg[8]=00000000
Time=66570000 LOAD:  addr=bfd003fc data=01000001
Time=66590000 PC=8000008c Reg[8]=00000001
Time=66630000 PC=80000090 Reg[8]=00000000
Time=66670000 LOAD:  addr=bfd003fc data=01000001
Time=66690000 PC=8000008c Reg[8]=00000001
Time=66730000 PC=80000090 Reg[8]=00000000
Time=66770000 LOAD:  addr=bfd003fc data=01000001
Time=66790000 PC=8000008c Reg[8]=00000001
Time=66830000 PC=80000090 Reg[8]=00000000
Time=66870000 LOAD:  addr=bfd003fc data=01000001
Time=66890000 PC=8000008c Reg[8]=00000001
Time=66930000 PC=80000090 Reg[8]=00000000
Time=66970000 LOAD:  addr=bfd003fc data=01000001
Time=66990000 PC=8000008c Reg[8]=00000001
Time=67030000 PC=80000090 Reg[8]=00000000
Time=67070000 LOAD:  addr=bfd003fc data=01000001
Time=67090000 PC=8000008c Reg[8]=00000001
Time=67130000 PC=80000090 Reg[8]=00000000
Time=67170000 LOAD:  addr=bfd003fc data=01000001
Time=67190000 PC=8000008c Reg[8]=00000001
Time=67230000 PC=80000090 Reg[8]=00000000
Time=67270000 LOAD:  addr=bfd003fc data=01000001
Time=67290000 PC=8000008c Reg[8]=00000001
Time=67330000 PC=80000090 Reg[8]=00000000
Time=67370000 LOAD:  addr=bfd003fc data=01000001
Time=67390000 PC=8000008c Reg[8]=00000001
Time=67430000 PC=80000090 Reg[8]=00000000
Time=67470000 LOAD:  addr=bfd003fc data=01000001
Time=67490000 PC=8000008c Reg[8]=00000001
Time=67530000 PC=80000090 Reg[8]=00000000
Time=67570000 LOAD:  addr=bfd003fc data=01000001
Time=67590000 PC=8000008c Reg[8]=00000001
Time=67630000 PC=80000090 Reg[8]=00000000
Time=67670000 LOAD:  addr=bfd003fc data=01000001
Time=67690000 PC=8000008c Reg[8]=00000001
Time=67730000 PC=80000090 Reg[8]=00000000
Time=67770000 LOAD:  addr=bfd003fc data=01000001
Time=67790000 PC=8000008c Reg[8]=00000001
Time=67830000 PC=80000090 Reg[8]=00000000
Time=67870000 LOAD:  addr=bfd003fc data=01000001
Time=67890000 PC=8000008c Reg[8]=00000001
Time=67930000 PC=80000090 Reg[8]=00000000
Time=67970000 LOAD:  addr=bfd003fc data=01000001
Time=67990000 PC=8000008c Reg[8]=00000001
Time=68030000 PC=80000090 Reg[8]=00000000
Time=68070000 LOAD:  addr=bfd003fc data=01000001
Time=68090000 PC=8000008c Reg[8]=00000001
Time=68130000 PC=80000090 Reg[8]=00000000
Time=68170000 LOAD:  addr=bfd003fc data=01000001
Time=68190000 PC=8000008c Reg[8]=00000001
Time=68230000 PC=80000090 Reg[8]=00000000
Time=68270000 LOAD:  addr=bfd003fc data=01000001
Time=68290000 PC=8000008c Reg[8]=00000001
Time=68330000 PC=80000090 Reg[8]=00000000
Time=68370000 LOAD:  addr=bfd003fc data=01000001
Time=68390000 PC=8000008c Reg[8]=00000001
Time=68430000 PC=80000090 Reg[8]=00000000
Time=68470000 LOAD:  addr=bfd003fc data=01000001
Time=68490000 PC=8000008c Reg[8]=00000001
Time=68530000 PC=80000090 Reg[8]=00000000
Time=68570000 LOAD:  addr=bfd003fc data=01000001
Time=68590000 PC=8000008c Reg[8]=00000001
Time=68630000 PC=80000090 Reg[8]=00000000
Time=68670000 LOAD:  addr=bfd003fc data=01000001
Time=68690000 PC=8000008c Reg[8]=00000001
Time=68730000 PC=80000090 Reg[8]=00000000
Time=68770000 LOAD:  addr=bfd003fc data=01000001
Time=68790000 PC=8000008c Reg[8]=00000001
Time=68830000 PC=80000090 Reg[8]=00000000
Time=68870000 LOAD:  addr=bfd003fc data=01000001
Time=68890000 PC=8000008c Reg[8]=00000001
Time=68930000 PC=80000090 Reg[8]=00000000
Time=68970000 LOAD:  addr=bfd003fc data=01000001
Time=68990000 PC=8000008c Reg[8]=00000001
Time=69030000 PC=80000090 Reg[8]=00000000
Time=69070000 LOAD:  addr=bfd003fc data=01000001
Time=69090000 PC=8000008c Reg[8]=00000001
Time=69130000 PC=80000090 Reg[8]=00000000
Time=69170000 LOAD:  addr=bfd003fc data=01000001
Time=69190000 PC=8000008c Reg[8]=00000001
Time=69230000 PC=80000090 Reg[8]=00000000
Time=69270000 LOAD:  addr=bfd003fc data=01000001
Time=69290000 PC=8000008c Reg[8]=00000001
Time=69330000 PC=80000090 Reg[8]=00000000
Time=69370000 LOAD:  addr=bfd003fc data=01000001
Time=69390000 PC=8000008c Reg[8]=00000001
Time=69430000 PC=80000090 Reg[8]=00000000
Time=69470000 LOAD:  addr=bfd003fc data=01000001
Time=69490000 PC=8000008c Reg[8]=00000001
Time=69530000 PC=80000090 Reg[8]=00000000
Time=69570000 LOAD:  addr=bfd003fc data=01000001
Time=69590000 PC=8000008c Reg[8]=00000001
Time=69630000 PC=80000090 Reg[8]=00000000
Time=69670000 LOAD:  addr=bfd003fc data=01000001
Time=69690000 PC=8000008c Reg[8]=00000001
Time=69730000 PC=80000090 Reg[8]=00000000
Time=69770000 LOAD:  addr=bfd003fc data=01000001
Time=69790000 PC=8000008c Reg[8]=00000001
Time=69830000 PC=80000090 Reg[8]=00000000
Time=69870000 LOAD:  addr=bfd003fc data=01000001
Time=69890000 PC=8000008c Reg[8]=00000001
Time=69930000 PC=80000090 Reg[8]=00000000
Time=69970000 LOAD:  addr=bfd003fc data=01000001
Time=69990000 PC=8000008c Reg[8]=00000001
Time=70030000 PC=80000090 Reg[8]=00000000
Time=70070000 LOAD:  addr=bfd003fc data=01000001
Time=70090000 PC=8000008c Reg[8]=00000001
Time=70130000 PC=80000090 Reg[8]=00000000
Time=70170000 LOAD:  addr=bfd003fc data=01000001
Time=70190000 PC=8000008c Reg[8]=00000001
Time=70230000 PC=80000090 Reg[8]=00000000
Time=70270000 LOAD:  addr=bfd003fc data=01000001
Time=70290000 PC=8000008c Reg[8]=00000001
Time=70330000 PC=80000090 Reg[8]=00000000
Time=70370000 LOAD:  addr=bfd003fc data=01000001
Time=70390000 PC=8000008c Reg[8]=00000001
Time=70430000 PC=80000090 Reg[8]=00000000
Time=70470000 LOAD:  addr=bfd003fc data=01000001
Time=70490000 PC=8000008c Reg[8]=00000001
Time=70530000 PC=80000090 Reg[8]=00000000
Time=70570000 LOAD:  addr=bfd003fc data=01000001
Time=70590000 PC=8000008c Reg[8]=00000001
Time=70630000 PC=80000090 Reg[8]=00000000
Time=70670000 LOAD:  addr=bfd003fc data=01000001
Time=70690000 PC=8000008c Reg[8]=00000001
Time=70730000 PC=80000090 Reg[8]=00000000
Time=70770000 LOAD:  addr=bfd003fc data=01000001
Time=70790000 PC=8000008c Reg[8]=00000001
Time=70830000 PC=80000090 Reg[8]=00000000
Time=70870000 LOAD:  addr=bfd003fc data=01000001
Time=70890000 PC=8000008c Reg[8]=00000001
Time=70930000 PC=80000090 Reg[8]=00000000
Time=70970000 LOAD:  addr=bfd003fc data=01000001
Time=70990000 PC=8000008c Reg[8]=00000001
Time=71030000 PC=80000090 Reg[8]=00000000
Time=71070000 LOAD:  addr=bfd003fc data=01000001
Time=71090000 PC=8000008c Reg[8]=00000001
Time=71130000 PC=80000090 Reg[8]=00000000
Time=71170000 LOAD:  addr=bfd003fc data=01000001
Time=71190000 PC=8000008c Reg[8]=00000001
Time=71230000 PC=80000090 Reg[8]=00000000
Time=71270000 LOAD:  addr=bfd003fc data=01000001
Time=71290000 PC=8000008c Reg[8]=00000001
Time=71330000 PC=80000090 Reg[8]=00000000
Time=71370000 LOAD:  addr=bfd003fc data=01000001
Time=71390000 PC=8000008c Reg[8]=00000001
Time=71430000 PC=80000090 Reg[8]=00000000
Time=71470000 LOAD:  addr=bfd003fc data=01000001
Time=71490000 PC=8000008c Reg[8]=00000001
Time=71530000 PC=80000090 Reg[8]=00000000
Time=71570000 LOAD:  addr=bfd003fc data=01000001
Time=71590000 PC=8000008c Reg[8]=00000001
Time=71630000 PC=80000090 Reg[8]=00000000
Time=71670000 LOAD:  addr=bfd003fc data=01000001
Time=71690000 PC=8000008c Reg[8]=00000001
Time=71730000 PC=80000090 Reg[8]=00000000
Time=71770000 LOAD:  addr=bfd003fc data=01000001
Time=71790000 PC=8000008c Reg[8]=00000001
Time=71830000 PC=80000090 Reg[8]=00000000
Time=71870000 LOAD:  addr=bfd003fc data=01000001
Time=71890000 PC=8000008c Reg[8]=00000001
Time=71930000 PC=80000090 Reg[8]=00000000
Time=71970000 LOAD:  addr=bfd003fc data=01000001
Time=71990000 PC=8000008c Reg[8]=00000001
Time=72030000 PC=80000090 Reg[8]=00000000
Time=72070000 LOAD:  addr=bfd003fc data=01000001
Time=72090000 PC=8000008c Reg[8]=00000001
Time=72130000 PC=80000090 Reg[8]=00000000
Time=72170000 LOAD:  addr=bfd003fc data=01000001
Time=72190000 PC=8000008c Reg[8]=00000001
Time=72230000 PC=80000090 Reg[8]=00000000
Time=72270000 LOAD:  addr=bfd003fc data=01000001
Time=72290000 PC=8000008c Reg[8]=00000001
Time=72330000 PC=80000090 Reg[8]=00000000
Time=72370000 LOAD:  addr=bfd003fc data=01000001
Time=72390000 PC=8000008c Reg[8]=00000001
Time=72430000 PC=80000090 Reg[8]=00000000
Time=72470000 LOAD:  addr=bfd003fc data=01000001
Time=72490000 PC=8000008c Reg[8]=00000001
Time=72530000 PC=80000090 Reg[8]=00000000
Time=72570000 LOAD:  addr=bfd003fc data=01000001
Time=72590000 PC=8000008c Reg[8]=00000001
Time=72630000 PC=80000090 Reg[8]=00000000
Time=72670000 LOAD:  addr=bfd003fc data=01000001
Time=72690000 PC=8000008c Reg[8]=00000001
Time=72730000 PC=80000090 Reg[8]=00000000
Time=72770000 LOAD:  addr=bfd003fc data=01000001
Time=72790000 PC=8000008c Reg[8]=00000001
Time=72830000 PC=80000090 Reg[8]=00000000
Time=72870000 LOAD:  addr=bfd003fc data=01000001
Time=72890000 PC=8000008c Reg[8]=00000001
Time=72930000 PC=80000090 Reg[8]=00000000
Time=72970000 LOAD:  addr=bfd003fc data=01000001
Time=72990000 PC=8000008c Reg[8]=00000001
Time=73030000 PC=80000090 Reg[8]=00000000
Time=73070000 LOAD:  addr=bfd003fc data=01000001
Time=73090000 PC=8000008c Reg[8]=00000001
Time=73130000 PC=80000090 Reg[8]=00000000
Time=73170000 LOAD:  addr=bfd003fc data=01000001
Time=73190000 PC=8000008c Reg[8]=00000001
Time=73230000 PC=80000090 Reg[8]=00000000
Time=73270000 LOAD:  addr=bfd003fc data=01000001
Time=73290000 PC=8000008c Reg[8]=00000001
Time=73330000 PC=80000090 Reg[8]=00000000
Time=73370000 LOAD:  addr=bfd003fc data=01000001
Time=73390000 PC=8000008c Reg[8]=00000001
Time=73430000 PC=80000090 Reg[8]=00000000
Time=73470000 LOAD:  addr=bfd003fc data=01000001
Time=73490000 PC=8000008c Reg[8]=00000001
Time=73530000 PC=80000090 Reg[8]=00000000
Time=73570000 LOAD:  addr=bfd003fc data=01000001
Time=73590000 PC=8000008c Reg[8]=00000001
Time=73630000 PC=80000090 Reg[8]=00000000
Time=73670000 LOAD:  addr=bfd003fc data=01000001
Time=73690000 PC=8000008c Reg[8]=00000001
Time=73730000 PC=80000090 Reg[8]=00000000
Time=73770000 LOAD:  addr=bfd003fc data=01000001
Time=73790000 PC=8000008c Reg[8]=00000001
Time=73830000 PC=80000090 Reg[8]=00000000
Time=73870000 LOAD:  addr=bfd003fc data=01000001
Time=73890000 PC=8000008c Reg[8]=00000001
Time=73930000 PC=80000090 Reg[8]=00000000
Time=73970000 LOAD:  addr=bfd003fc data=01000001
Time=73990000 PC=8000008c Reg[8]=00000001
Time=74030000 PC=80000090 Reg[8]=00000000
Time=74070000 LOAD:  addr=bfd003fc data=01000001
Time=74090000 PC=8000008c Reg[8]=00000001
Time=74130000 PC=80000090 Reg[8]=00000000
Time=74170000 LOAD:  addr=bfd003fc data=01000001
Time=74190000 PC=8000008c Reg[8]=00000001
Time=74230000 PC=80000090 Reg[8]=00000000
Time=74270000 LOAD:  addr=bfd003fc data=01000001
Time=74290000 PC=8000008c Reg[8]=00000001
Time=74330000 PC=80000090 Reg[8]=00000000
Time=74370000 LOAD:  addr=bfd003fc data=01000001
Time=74390000 PC=8000008c Reg[8]=00000001
Time=74430000 PC=80000090 Reg[8]=00000000
Time=74470000 LOAD:  addr=bfd003fc data=01000001
Time=74490000 PC=8000008c Reg[8]=00000001
iTime=74530000 PC=80000090 Reg[8]=00000000
Time=74570000 LOAD:  addr=bfd003fc data=01000001
Time=74590000 PC=8000008c Reg[8]=00000001
Time=74630000 PC=80000090 Reg[8]=00000000
Time=74670000 LOAD:  addr=bfd003fc data=01000001
Time=74690000 PC=8000008c Reg[8]=00000001
Time=74730000 PC=80000090 Reg[8]=00000000
Time=74770000 LOAD:  addr=bfd003fc data=01000001
Time=74790000 PC=8000008c Reg[8]=00000001
Time=74830000 PC=80000090 Reg[8]=00000000
Time=74870000 LOAD:  addr=bfd003fc data=01000001
Time=74890000 PC=8000008c Reg[8]=00000001
Time=74930000 PC=80000090 Reg[8]=00000000
Time=74970000 LOAD:  addr=bfd003fc data=01000001
Time=74990000 PC=8000008c Reg[8]=00000001
Time=75030000 PC=80000090 Reg[8]=00000000
Time=75070000 LOAD:  addr=bfd003fc data=01000001
Time=75090000 PC=8000008c Reg[8]=00000001
Time=75130000 PC=80000090 Reg[8]=00000000
Time=75170000 LOAD:  addr=bfd003fc data=01000001
Time=75190000 PC=8000008c Reg[8]=00000001
Time=75230000 PC=80000090 Reg[8]=00000000
Time=75270000 LOAD:  addr=bfd003fc data=01000001
Time=75290000 PC=8000008c Reg[8]=00000001
Time=75330000 PC=80000090 Reg[8]=00000000
Time=75370000 LOAD:  addr=bfd003fc data=01000001
Time=75390000 PC=8000008c Reg[8]=00000001
Time=75430000 PC=80000090 Reg[8]=00000000
Time=75470000 LOAD:  addr=bfd003fc data=01000001
Time=75490000 PC=8000008c Reg[8]=00000001
Time=75530000 PC=80000090 Reg[8]=00000000
Time=75570000 LOAD:  addr=bfd003fc data=01000001
Time=75590000 PC=8000008c Reg[8]=00000001
Time=75630000 PC=80000090 Reg[8]=00000000
Time=75670000 LOAD:  addr=bfd003fc data=01000001
Time=75690000 PC=8000008c Reg[8]=00000001
Time=75730000 PC=80000090 Reg[8]=00000000
Time=75770000 LOAD:  addr=bfd003fc data=01000001
Time=75790000 PC=8000008c Reg[8]=00000001
Time=75830000 PC=80000090 Reg[8]=00000000
Time=75870000 LOAD:  addr=bfd003fc data=01000001
Time=75890000 PC=8000008c Reg[8]=00000001
Time=75930000 PC=80000090 Reg[8]=00000000
Time=75970000 LOAD:  addr=bfd003fc data=01000001
Time=75990000 PC=8000008c Reg[8]=00000001
Time=76030000 PC=80000090 Reg[8]=00000000
Time=76070000 LOAD:  addr=bfd003fc data=01000001
Time=76090000 PC=8000008c Reg[8]=00000001
Time=76130000 PC=80000090 Reg[8]=00000000
Time=76170000 LOAD:  addr=bfd003fc data=01000001
Time=76190000 PC=8000008c Reg[8]=00000001
Time=76230000 PC=80000090 Reg[8]=00000000
Time=76270000 LOAD:  addr=bfd003fc data=01000001
Time=76290000 PC=8000008c Reg[8]=00000001
Time=76330000 PC=80000090 Reg[8]=00000000
Time=76370000 LOAD:  addr=bfd003fc data=01000001
Time=76390000 PC=8000008c Reg[8]=00000001
Time=76430000 PC=80000090 Reg[8]=00000000
Time=76470000 LOAD:  addr=bfd003fc data=01000001
Time=76490000 PC=8000008c Reg[8]=00000001
Time=76530000 PC=80000090 Reg[8]=00000000
Time=76570000 LOAD:  addr=bfd003fc data=01000001
Time=76590000 PC=8000008c Reg[8]=00000001
Time=76630000 PC=80000090 Reg[8]=00000000
Time=76670000 LOAD:  addr=bfd003fc data=01000001
Time=76690000 PC=8000008c Reg[8]=00000001
Time=76730000 PC=80000090 Reg[8]=00000000
Time=76770000 LOAD:  addr=bfd003fc data=01000001
Time=76790000 PC=8000008c Reg[8]=00000001
Time=76830000 PC=80000090 Reg[8]=00000000
Time=76870000 LOAD:  addr=bfd003fc data=01000001
Time=76890000 PC=8000008c Reg[8]=00000001
Time=76930000 PC=80000090 Reg[8]=00000000
Time=76970000 LOAD:  addr=bfd003fc data=01000001
Time=76990000 PC=8000008c Reg[8]=00000001
Time=77030000 PC=80000090 Reg[8]=00000000
Time=77070000 LOAD:  addr=bfd003fc data=01000001
Time=77090000 PC=8000008c Reg[8]=00000001
Time=77130000 PC=80000090 Reg[8]=00000000
Time=77170000 LOAD:  addr=bfd003fc data=01000001
Time=77190000 PC=8000008c Reg[8]=00000001
Time=77230000 PC=80000090 Reg[8]=00000000
Time=77270000 LOAD:  addr=bfd003fc data=01000001
Time=77290000 PC=8000008c Reg[8]=00000001
Time=77330000 PC=80000090 Reg[8]=00000000
Time=77370000 LOAD:  addr=bfd003fc data=01000001
Time=77390000 PC=8000008c Reg[8]=00000001
Time=77430000 PC=80000090 Reg[8]=00000000
Time=77470000 LOAD:  addr=bfd003fc data=01000001
Time=77490000 PC=8000008c Reg[8]=00000001
Time=77530000 PC=80000090 Reg[8]=00000000
Time=77570000 LOAD:  addr=bfd003fc data=01000001
Time=77590000 PC=8000008c Reg[8]=00000001
Time=77630000 PC=80000090 Reg[8]=00000000
Time=77670000 LOAD:  addr=bfd003fc data=01000001
Time=77690000 PC=8000008c Reg[8]=00000001
Time=77730000 PC=80000090 Reg[8]=00000000
Time=77770000 LOAD:  addr=bfd003fc data=01000001
Time=77790000 PC=8000008c Reg[8]=00000001
Time=77830000 PC=80000090 Reg[8]=00000000
Time=77870000 LOAD:  addr=bfd003fc data=01000001
Time=77890000 PC=8000008c Reg[8]=00000001
Time=77930000 PC=80000090 Reg[8]=00000000
Time=77970000 LOAD:  addr=bfd003fc data=01000001
Time=77990000 PC=8000008c Reg[8]=00000001
Time=78030000 PC=80000090 Reg[8]=00000000
Time=78070000 LOAD:  addr=bfd003fc data=01000001
Time=78090000 PC=8000008c Reg[8]=00000001
Time=78130000 PC=80000090 Reg[8]=00000000
Time=78170000 LOAD:  addr=bfd003fc data=01000001
Time=78190000 PC=8000008c Reg[8]=00000001
Time=78230000 PC=80000090 Reg[8]=00000000
Time=78270000 LOAD:  addr=bfd003fc data=01000001
Time=78290000 PC=8000008c Reg[8]=00000001
Time=78330000 PC=80000090 Reg[8]=00000000
Time=78370000 LOAD:  addr=bfd003fc data=01000001
Time=78390000 PC=8000008c Reg[8]=00000001
Time=78430000 PC=80000090 Reg[8]=00000000
Time=78470000 LOAD:  addr=bfd003fc data=01000001
Time=78490000 PC=8000008c Reg[8]=00000001
Time=78530000 PC=80000090 Reg[8]=00000000
Time=78570000 LOAD:  addr=bfd003fc data=01000001
Time=78590000 PC=8000008c Reg[8]=00000001
Time=78630000 PC=80000090 Reg[8]=00000000
Time=78670000 LOAD:  addr=bfd003fc data=01000001
Time=78690000 PC=8000008c Reg[8]=00000001
Time=78730000 PC=80000090 Reg[8]=00000000
Time=78770000 LOAD:  addr=bfd003fc data=01000001
Time=78790000 PC=8000008c Reg[8]=00000001
Time=78830000 PC=80000090 Reg[8]=00000000
Time=78870000 LOAD:  addr=bfd003fc data=01000001
Time=78890000 PC=8000008c Reg[8]=00000001
Time=78930000 PC=80000090 Reg[8]=00000000
Time=78970000 LOAD:  addr=bfd003fc data=01000001
Time=78990000 PC=8000008c Reg[8]=00000001
Time=79030000 PC=80000090 Reg[8]=00000000
Time=79070000 LOAD:  addr=bfd003fc data=01000001
Time=79090000 PC=8000008c Reg[8]=00000001
Time=79130000 PC=80000090 Reg[8]=00000000
Time=79170000 LOAD:  addr=bfd003fc data=01000001
Time=79190000 PC=8000008c Reg[8]=00000001
Time=79230000 PC=80000090 Reg[8]=00000000
Time=79270000 LOAD:  addr=bfd003fc data=01000001
Time=79290000 PC=8000008c Reg[8]=00000001
Time=79330000 PC=80000090 Reg[8]=00000000
Time=79370000 LOAD:  addr=bfd003fc data=01000001
Time=79390000 PC=8000008c Reg[8]=00000001
Time=79430000 PC=80000090 Reg[8]=00000000
Time=79470000 LOAD:  addr=bfd003fc data=01000001
Time=79490000 PC=8000008c Reg[8]=00000001
Time=79530000 PC=80000090 Reg[8]=00000000
Time=79570000 LOAD:  addr=bfd003fc data=01000001
Time=79590000 PC=8000008c Reg[8]=00000001
Time=79630000 PC=80000090 Reg[8]=00000000
Time=79670000 LOAD:  addr=bfd003fc data=01000001
Time=79690000 PC=8000008c Reg[8]=00000001
Time=79730000 PC=80000090 Reg[8]=00000000
Time=79770000 LOAD:  addr=bfd003fc data=01000001
Time=79790000 PC=8000008c Reg[8]=00000001
Time=79830000 PC=80000090 Reg[8]=00000000
Time=79870000 LOAD:  addr=bfd003fc data=01000001
Time=79890000 PC=8000008c Reg[8]=00000001
Time=79930000 PC=80000090 Reg[8]=00000000
Time=79970000 LOAD:  addr=bfd003fc data=01000001
Time=79990000 PC=8000008c Reg[8]=00000001
Time=80030000 PC=80000090 Reg[8]=00000000
Time=80070000 LOAD:  addr=bfd003fc data=01000001
Time=80090000 PC=8000008c Reg[8]=00000001
Time=80130000 PC=80000090 Reg[8]=00000000
Time=80170000 LOAD:  addr=bfd003fc data=01000001
Time=80190000 PC=8000008c Reg[8]=00000001
Time=80230000 PC=80000090 Reg[8]=00000000
Time=80270000 LOAD:  addr=bfd003fc data=01000001
Time=80290000 PC=8000008c Reg[8]=00000001
Time=80330000 PC=80000090 Reg[8]=00000000
Time=80370000 LOAD:  addr=bfd003fc data=01000001
Time=80390000 PC=8000008c Reg[8]=00000001
Time=80430000 PC=80000090 Reg[8]=00000000
Time=80470000 LOAD:  addr=bfd003fc data=01000001
Time=80490000 PC=8000008c Reg[8]=00000001
Time=80530000 PC=80000090 Reg[8]=00000000
Time=80570000 LOAD:  addr=bfd003fc data=01000001
Time=80590000 PC=8000008c Reg[8]=00000001
Time=80630000 PC=80000090 Reg[8]=00000000
Time=80670000 LOAD:  addr=bfd003fc data=01000001
Time=80690000 PC=8000008c Reg[8]=00000001
Time=80730000 PC=80000090 Reg[8]=00000000
Time=80770000 LOAD:  addr=bfd003fc data=01000001
Time=80790000 PC=8000008c Reg[8]=00000001
Time=80830000 PC=80000090 Reg[8]=00000000
Time=80870000 LOAD:  addr=bfd003fc data=01000001
Time=80890000 PC=8000008c Reg[8]=00000001
Time=80930000 PC=80000090 Reg[8]=00000000
Time=80970000 LOAD:  addr=bfd003fc data=01000001
Time=80990000 PC=8000008c Reg[8]=00000001
Time=81030000 PC=80000090 Reg[8]=00000000
Time=81070000 LOAD:  addr=bfd003fc data=01000001
Time=81090000 PC=8000008c Reg[8]=00000001
Time=81130000 PC=80000090 Reg[8]=00000000
Time=81170000 LOAD:  addr=bfd003fc data=01000001
Time=81190000 PC=8000008c Reg[8]=00000001
Time=81230000 PC=80000090 Reg[8]=00000000
Time=81270000 LOAD:  addr=bfd003fc data=01000001
Time=81290000 PC=8000008c Reg[8]=00000001
Time=81330000 PC=80000090 Reg[8]=00000000
Time=81370000 LOAD:  addr=bfd003fc data=01000001
Time=81390000 PC=8000008c Reg[8]=00000001
Time=81430000 PC=80000090 Reg[8]=00000000
Time=81470000 LOAD:  addr=bfd003fc data=01000001
Time=81490000 PC=8000008c Reg[8]=00000001
Time=81530000 PC=80000090 Reg[8]=00000000
Time=81570000 LOAD:  addr=bfd003fc data=01000001
Time=81590000 PC=8000008c Reg[8]=00000001
Time=81630000 PC=80000090 Reg[8]=00000000
Time=81670000 LOAD:  addr=bfd003fc data=01000001
Time=81690000 PC=8000008c Reg[8]=00000001
Time=81730000 PC=80000090 Reg[8]=00000000
Time=81770000 LOAD:  addr=bfd003fc data=01000001
Time=81790000 PC=8000008c Reg[8]=00000001
Time=81830000 PC=80000090 Reg[8]=00000000
Time=81870000 LOAD:  addr=bfd003fc data=01000001
Time=81890000 PC=8000008c Reg[8]=00000001
Time=81930000 PC=80000090 Reg[8]=00000000
Time=81970000 LOAD:  addr=bfd003fc data=01000001
Time=81990000 PC=8000008c Reg[8]=00000001
Time=82030000 PC=80000090 Reg[8]=00000000
Time=82070000 LOAD:  addr=bfd003fc data=01000001
Time=82090000 PC=8000008c Reg[8]=00000001
Time=82130000 PC=80000090 Reg[8]=00000000
Time=82170000 LOAD:  addr=bfd003fc data=01000001
Time=82190000 PC=8000008c Reg[8]=00000001
Time=82230000 PC=80000090 Reg[8]=00000000
Time=82270000 LOAD:  addr=bfd003fc data=01000001
Time=82290000 PC=8000008c Reg[8]=00000001
Time=82330000 PC=80000090 Reg[8]=00000000
Time=82370000 LOAD:  addr=bfd003fc data=01000001
Time=82390000 PC=8000008c Reg[8]=00000001
Time=82430000 PC=80000090 Reg[8]=00000000
Time=82470000 LOAD:  addr=bfd003fc data=01000001
Time=82490000 PC=8000008c Reg[8]=00000001
Time=82530000 PC=80000090 Reg[8]=00000000
Time=82570000 LOAD:  addr=bfd003fc data=01000001
Time=82590000 PC=8000008c Reg[8]=00000001
Time=82630000 PC=80000090 Reg[8]=00000000
Time=82670000 LOAD:  addr=bfd003fc data=01000001
Time=82690000 PC=8000008c Reg[8]=00000001
Time=82730000 PC=80000090 Reg[8]=00000000
Time=82770000 LOAD:  addr=bfd003fc data=01000001
Time=82790000 PC=8000008c Reg[8]=00000001
Time=82830000 PC=80000090 Reg[8]=00000000
Time=82870000 LOAD:  addr=bfd003fc data=01000001
Time=82890000 PC=8000008c Reg[8]=00000001
Time=82930000 PC=80000090 Reg[8]=00000000
Time=82970000 LOAD:  addr=bfd003fc data=01000001
Time=82990000 PC=8000008c Reg[8]=00000001
Time=83030000 PC=80000090 Reg[8]=00000000
Time=83070000 LOAD:  addr=bfd003fc data=01000001
Time=83090000 PC=8000008c Reg[8]=00000001
Time=83130000 PC=80000090 Reg[8]=00000000
Time=83170000 LOAD:  addr=bfd003fc data=01000001
Time=83190000 PC=8000008c Reg[8]=00000001
Time=83230000 PC=80000090 Reg[8]=00000000
Time=83270000 LOAD:  addr=bfd003fc data=01000001
Time=83290000 PC=8000008c Reg[8]=00000001
Time=83330000 PC=80000090 Reg[8]=00000000
Time=83370000 LOAD:  addr=bfd003fc data=01000001
Time=83390000 PC=8000008c Reg[8]=00000001
Time=83430000 PC=80000090 Reg[8]=00000000
Time=83470000 LOAD:  addr=bfd003fc data=01000001
Time=83490000 PC=8000008c Reg[8]=00000001
Time=83530000 PC=80000090 Reg[8]=00000000
Time=83570000 LOAD:  addr=bfd003fc data=01000001
Time=83590000 PC=8000008c Reg[8]=00000001
Time=83630000 PC=80000090 Reg[8]=00000000
Time=83670000 LOAD:  addr=bfd003fc data=01000001
Time=83690000 PC=8000008c Reg[8]=00000001
Time=83730000 PC=80000090 Reg[8]=00000000
Time=83770000 LOAD:  addr=bfd003fc data=01000001
Time=83790000 PC=8000008c Reg[8]=00000001
Time=83830000 PC=80000090 Reg[8]=00000000
Time=83870000 LOAD:  addr=bfd003fc data=01000001
Time=83890000 PC=8000008c Reg[8]=00000001
Time=83930000 PC=80000090 Reg[8]=00000000
Time=83970000 LOAD:  addr=bfd003fc data=01000001
Time=83990000 PC=8000008c Reg[8]=00000001
Time=84030000 PC=80000090 Reg[8]=00000000
Time=84070000 LOAD:  addr=bfd003fc data=01000001
Time=84090000 PC=8000008c Reg[8]=00000001
Time=84130000 PC=80000090 Reg[8]=00000000
Time=84170000 LOAD:  addr=bfd003fc data=01000001
Time=84190000 PC=8000008c Reg[8]=00000001
Time=84230000 PC=80000090 Reg[8]=00000000
Time=84270000 LOAD:  addr=bfd003fc data=01000001
Time=84290000 PC=8000008c Reg[8]=00000001
Time=84330000 PC=80000090 Reg[8]=00000000
Time=84370000 LOAD:  addr=bfd003fc data=01000001
Time=84390000 PC=8000008c Reg[8]=00000001
Time=84430000 PC=80000090 Reg[8]=00000000
Time=84470000 LOAD:  addr=bfd003fc data=01000001
Time=84490000 PC=8000008c Reg[8]=00000001
Time=84530000 PC=80000090 Reg[8]=00000000
Time=84570000 LOAD:  addr=bfd003fc data=01000001
nTime=84590000 PC=8000008c Reg[8]=00000001
Time=84630000 PC=80000090 Reg[8]=00000000
Time=84670000 LOAD:  addr=bfd003fc data=01000001
Time=84690000 PC=8000008c Reg[8]=00000001
Time=84730000 PC=80000090 Reg[8]=00000000
Time=84770000 LOAD:  addr=bfd003fc data=01000001
Time=84790000 PC=8000008c Reg[8]=00000001
Time=84830000 PC=80000090 Reg[8]=00000000
Time=84870000 LOAD:  addr=bfd003fc data=01000001
Time=84890000 PC=8000008c Reg[8]=00000001
Time=84930000 PC=80000090 Reg[8]=00000000
Time=84970000 LOAD:  addr=bfd003fc data=01000001
Time=84990000 PC=8000008c Reg[8]=00000001
Time=85030000 PC=80000090 Reg[8]=00000000
Time=85070000 LOAD:  addr=bfd003fc data=01000001
Time=85090000 PC=8000008c Reg[8]=00000001
Time=85130000 PC=80000090 Reg[8]=00000000
Time=85170000 LOAD:  addr=bfd003fc data=01000001
Time=85190000 PC=8000008c Reg[8]=00000001
Time=85230000 PC=80000090 Reg[8]=00000000
Time=85270000 LOAD:  addr=bfd003fc data=01000001
Time=85290000 PC=8000008c Reg[8]=00000001
Time=85330000 PC=80000090 Reg[8]=00000000
Time=85370000 LOAD:  addr=bfd003fc data=01000001
Time=85390000 PC=8000008c Reg[8]=00000001
Time=85430000 PC=80000090 Reg[8]=00000000
Time=85470000 LOAD:  addr=bfd003fc data=01000001
Time=85490000 PC=8000008c Reg[8]=00000001
Time=85530000 PC=80000090 Reg[8]=00000000
Time=85570000 LOAD:  addr=bfd003fc data=01000001
Time=85590000 PC=8000008c Reg[8]=00000001
Time=85630000 PC=80000090 Reg[8]=00000000
Time=85670000 LOAD:  addr=bfd003fc data=01000001
Time=85690000 PC=8000008c Reg[8]=00000001
Time=85730000 PC=80000090 Reg[8]=00000000
Time=85770000 LOAD:  addr=bfd003fc data=01000001
Time=85790000 PC=8000008c Reg[8]=00000001
Time=85830000 PC=80000090 Reg[8]=00000000
Time=85870000 LOAD:  addr=bfd003fc data=01000001
Time=85890000 PC=8000008c Reg[8]=00000001
Time=85930000 PC=80000090 Reg[8]=00000000
Time=85970000 LOAD:  addr=bfd003fc data=01000001
Time=85990000 PC=8000008c Reg[8]=00000001
Time=86030000 PC=80000090 Reg[8]=00000000
Time=86070000 LOAD:  addr=bfd003fc data=01000001
Time=86090000 PC=8000008c Reg[8]=00000001
Time=86130000 PC=80000090 Reg[8]=00000000
Time=86170000 LOAD:  addr=bfd003fc data=01000001
Time=86190000 PC=8000008c Reg[8]=00000001
Time=86230000 PC=80000090 Reg[8]=00000000
Time=86270000 LOAD:  addr=bfd003fc data=01000001
Time=86290000 PC=8000008c Reg[8]=00000001
Time=86330000 PC=80000090 Reg[8]=00000000
Time=86370000 LOAD:  addr=bfd003fc data=01000001
Time=86390000 PC=8000008c Reg[8]=00000001
Time=86430000 PC=80000090 Reg[8]=00000000
Time=86470000 LOAD:  addr=bfd003fc data=01000001
Time=86490000 PC=8000008c Reg[8]=00000001
Time=86530000 PC=80000090 Reg[8]=00000000
Time=86570000 LOAD:  addr=bfd003fc data=01000001
Time=86590000 PC=8000008c Reg[8]=00000001
Time=86630000 PC=80000090 Reg[8]=00000000
Time=86670000 LOAD:  addr=bfd003fc data=01000001
Time=86690000 PC=8000008c Reg[8]=00000001
Time=86730000 PC=80000090 Reg[8]=00000000
Time=86770000 LOAD:  addr=bfd003fc data=01000001
Time=86790000 PC=8000008c Reg[8]=00000001
Time=86830000 PC=80000090 Reg[8]=00000000
Time=86870000 LOAD:  addr=bfd003fc data=01000001
Time=86890000 PC=8000008c Reg[8]=00000001
Time=86930000 PC=80000090 Reg[8]=00000000
Time=86970000 LOAD:  addr=bfd003fc data=01000001
Time=86990000 PC=8000008c Reg[8]=00000001
Time=87030000 PC=80000090 Reg[8]=00000000
Time=87070000 LOAD:  addr=bfd003fc data=01000001
Time=87090000 PC=8000008c Reg[8]=00000001
Time=87130000 PC=80000090 Reg[8]=00000000
Time=87170000 LOAD:  addr=bfd003fc data=01000001
Time=87190000 PC=8000008c Reg[8]=00000001
Time=87230000 PC=80000090 Reg[8]=00000000
Time=87270000 LOAD:  addr=bfd003fc data=01000001
Time=87290000 PC=8000008c Reg[8]=00000001
Time=87330000 PC=80000090 Reg[8]=00000000
Time=87370000 LOAD:  addr=bfd003fc data=01000001
Time=87390000 PC=8000008c Reg[8]=00000001
Time=87430000 PC=80000090 Reg[8]=00000000
Time=87470000 LOAD:  addr=bfd003fc data=01000001
Time=87490000 PC=8000008c Reg[8]=00000001
Time=87530000 PC=80000090 Reg[8]=00000000
Time=87570000 LOAD:  addr=bfd003fc data=01000001
Time=87590000 PC=8000008c Reg[8]=00000001
Time=87630000 PC=80000090 Reg[8]=00000000
Time=87670000 LOAD:  addr=bfd003fc data=01000001
Time=87690000 PC=8000008c Reg[8]=00000001
Time=87730000 PC=80000090 Reg[8]=00000000
Time=87770000 LOAD:  addr=bfd003fc data=01000001
Time=87790000 PC=8000008c Reg[8]=00000001
Time=87830000 PC=80000090 Reg[8]=00000000
Time=87870000 LOAD:  addr=bfd003fc data=01000001
Time=87890000 PC=8000008c Reg[8]=00000001
Time=87930000 PC=80000090 Reg[8]=00000000
Time=87970000 LOAD:  addr=bfd003fc data=01000001
Time=87990000 PC=8000008c Reg[8]=00000001
Time=88030000 PC=80000090 Reg[8]=00000000
Time=88070000 LOAD:  addr=bfd003fc data=01000001
Time=88090000 PC=8000008c Reg[8]=00000001
Time=88130000 PC=80000090 Reg[8]=00000000
Time=88170000 LOAD:  addr=bfd003fc data=01000001
Time=88190000 PC=8000008c Reg[8]=00000001
Time=88230000 PC=80000090 Reg[8]=00000000
Time=88270000 LOAD:  addr=bfd003fc data=01000001
Time=88290000 PC=8000008c Reg[8]=00000001
Time=88330000 PC=80000090 Reg[8]=00000000
Time=88370000 LOAD:  addr=bfd003fc data=01000001
Time=88390000 PC=8000008c Reg[8]=00000001
Time=88430000 PC=80000090 Reg[8]=00000000
Time=88470000 LOAD:  addr=bfd003fc data=01000001
Time=88490000 PC=8000008c Reg[8]=00000001
Time=88530000 PC=80000090 Reg[8]=00000000
Time=88570000 LOAD:  addr=bfd003fc data=01000001
Time=88590000 PC=8000008c Reg[8]=00000001
Time=88630000 PC=80000090 Reg[8]=00000000
Time=88670000 LOAD:  addr=bfd003fc data=01000001
Time=88690000 PC=8000008c Reg[8]=00000001
Time=88730000 PC=80000090 Reg[8]=00000000
Time=88770000 LOAD:  addr=bfd003fc data=01000001
Time=88790000 PC=8000008c Reg[8]=00000001
Time=88830000 PC=80000090 Reg[8]=00000000
Time=88870000 LOAD:  addr=bfd003fc data=01000001
Time=88890000 PC=8000008c Reg[8]=00000001
Time=88930000 PC=80000090 Reg[8]=00000000
Time=88970000 LOAD:  addr=bfd003fc data=01000001
Time=88990000 PC=8000008c Reg[8]=00000001
Time=89030000 PC=80000090 Reg[8]=00000000
Time=89070000 LOAD:  addr=bfd003fc data=01000001
Time=89090000 PC=8000008c Reg[8]=00000001
Time=89130000 PC=80000090 Reg[8]=00000000
Time=89170000 LOAD:  addr=bfd003fc data=01000001
Time=89190000 PC=8000008c Reg[8]=00000001
Time=89230000 PC=80000090 Reg[8]=00000000
Time=89270000 LOAD:  addr=bfd003fc data=01000001
Time=89290000 PC=8000008c Reg[8]=00000001
Time=89330000 PC=80000090 Reg[8]=00000000
Time=89370000 LOAD:  addr=bfd003fc data=01000001
Time=89390000 PC=8000008c Reg[8]=00000001
Time=89430000 PC=80000090 Reg[8]=00000000
Time=89470000 LOAD:  addr=bfd003fc data=01000001
Time=89490000 PC=8000008c Reg[8]=00000001
Time=89530000 PC=80000090 Reg[8]=00000000
Time=89570000 LOAD:  addr=bfd003fc data=01000001
Time=89590000 PC=8000008c Reg[8]=00000001
Time=89630000 PC=80000090 Reg[8]=00000000
Time=89670000 LOAD:  addr=bfd003fc data=01000001
Time=89690000 PC=8000008c Reg[8]=00000001
Time=89730000 PC=80000090 Reg[8]=00000000
Time=89770000 LOAD:  addr=bfd003fc data=01000001
Time=89790000 PC=8000008c Reg[8]=00000001
Time=89830000 PC=80000090 Reg[8]=00000000
Time=89870000 LOAD:  addr=bfd003fc data=01000001
Time=89890000 PC=8000008c Reg[8]=00000001
Time=89930000 PC=80000090 Reg[8]=00000000
Time=89970000 LOAD:  addr=bfd003fc data=01000001
Time=89990000 PC=8000008c Reg[8]=00000001
Time=90030000 PC=80000090 Reg[8]=00000000
Time=90070000 LOAD:  addr=bfd003fc data=01000001
Time=90090000 PC=8000008c Reg[8]=00000001
Time=90130000 PC=80000090 Reg[8]=00000000
Time=90170000 LOAD:  addr=bfd003fc data=01000001
Time=90190000 PC=8000008c Reg[8]=00000001
Time=90230000 PC=80000090 Reg[8]=00000000
Time=90270000 LOAD:  addr=bfd003fc data=01000001
Time=90290000 PC=8000008c Reg[8]=00000001
Time=90330000 PC=80000090 Reg[8]=00000000
Time=90370000 LOAD:  addr=bfd003fc data=01000001
Time=90390000 PC=8000008c Reg[8]=00000001
Time=90430000 PC=80000090 Reg[8]=00000000
Time=90470000 LOAD:  addr=bfd003fc data=01000001
Time=90490000 PC=8000008c Reg[8]=00000001
Time=90530000 PC=80000090 Reg[8]=00000000
Time=90570000 LOAD:  addr=bfd003fc data=01000001
Time=90590000 PC=8000008c Reg[8]=00000001
Time=90630000 PC=80000090 Reg[8]=00000000
Time=90670000 LOAD:  addr=bfd003fc data=01000001
Time=90690000 PC=8000008c Reg[8]=00000001
Time=90730000 PC=80000090 Reg[8]=00000000
Time=90770000 LOAD:  addr=bfd003fc data=01000001
Time=90790000 PC=8000008c Reg[8]=00000001
Time=90830000 PC=80000090 Reg[8]=00000000
Time=90870000 LOAD:  addr=bfd003fc data=01000001
Time=90890000 PC=8000008c Reg[8]=00000001
Time=90930000 PC=80000090 Reg[8]=00000000
Time=90970000 LOAD:  addr=bfd003fc data=01000001
Time=90990000 PC=8000008c Reg[8]=00000001
Time=91030000 PC=80000090 Reg[8]=00000000
Time=91070000 LOAD:  addr=bfd003fc data=01000001
Time=91090000 PC=8000008c Reg[8]=00000001
Time=91130000 PC=80000090 Reg[8]=00000000
Time=91170000 LOAD:  addr=bfd003fc data=01000001
Time=91190000 PC=8000008c Reg[8]=00000001
Time=91230000 PC=80000090 Reg[8]=00000000
Time=91270000 LOAD:  addr=bfd003fc data=01000001
Time=91290000 PC=8000008c Reg[8]=00000001
Time=91330000 PC=80000090 Reg[8]=00000000
Time=91370000 LOAD:  addr=bfd003fc data=01000001
Time=91390000 PC=8000008c Reg[8]=00000001
Time=91430000 PC=80000090 Reg[8]=00000000
Time=91470000 LOAD:  addr=bfd003fc data=01000001
Time=91490000 PC=8000008c Reg[8]=00000001
Time=91530000 PC=80000090 Reg[8]=00000000
Time=91570000 LOAD:  addr=bfd003fc data=01000001
Time=91590000 PC=8000008c Reg[8]=00000001
Time=91630000 PC=80000090 Reg[8]=00000000
Time=91670000 LOAD:  addr=bfd003fc data=01000001
Time=91690000 PC=8000008c Reg[8]=00000001
Time=91730000 PC=80000090 Reg[8]=00000000
Time=91770000 LOAD:  addr=bfd003fc data=01000001
Time=91790000 PC=8000008c Reg[8]=00000001
Time=91830000 PC=80000090 Reg[8]=00000000
Time=91870000 LOAD:  addr=bfd003fc data=01000001
Time=91890000 PC=8000008c Reg[8]=00000001
Time=91930000 PC=80000090 Reg[8]=00000000
Time=91970000 LOAD:  addr=bfd003fc data=01000001
Time=91990000 PC=8000008c Reg[8]=00000001
Time=92030000 PC=80000090 Reg[8]=00000000
Time=92070000 LOAD:  addr=bfd003fc data=01000001
Time=92090000 PC=8000008c Reg[8]=00000001
Time=92130000 PC=80000090 Reg[8]=00000000
Time=92170000 LOAD:  addr=bfd003fc data=01000001
Time=92190000 PC=8000008c Reg[8]=00000001
Time=92230000 PC=80000090 Reg[8]=00000000
Time=92270000 LOAD:  addr=bfd003fc data=01000001
Time=92290000 PC=8000008c Reg[8]=00000001
Time=92330000 PC=80000090 Reg[8]=00000000
Time=92370000 LOAD:  addr=bfd003fc data=01000001
Time=92390000 PC=8000008c Reg[8]=00000001
Time=92430000 PC=80000090 Reg[8]=00000000
Time=92470000 LOAD:  addr=bfd003fc data=01000001
Time=92490000 PC=8000008c Reg[8]=00000001
Time=92530000 PC=80000090 Reg[8]=00000000
Time=92570000 LOAD:  addr=bfd003fc data=01000001
Time=92590000 PC=8000008c Reg[8]=00000001
Time=92630000 PC=80000090 Reg[8]=00000000
Time=92670000 LOAD:  addr=bfd003fc data=01000001
Time=92690000 PC=8000008c Reg[8]=00000001
Time=92730000 PC=80000090 Reg[8]=00000000
Time=92770000 LOAD:  addr=bfd003fc data=01000001
Time=92790000 PC=8000008c Reg[8]=00000001
Time=92830000 PC=80000090 Reg[8]=00000000
Time=92870000 LOAD:  addr=bfd003fc data=01000001
Time=92890000 PC=8000008c Reg[8]=00000001
Time=92930000 PC=80000090 Reg[8]=00000000
Time=92970000 LOAD:  addr=bfd003fc data=01000001
Time=92990000 PC=8000008c Reg[8]=00000001
Time=93030000 PC=80000090 Reg[8]=00000000
Time=93070000 LOAD:  addr=bfd003fc data=01000001
Time=93090000 PC=8000008c Reg[8]=00000001
Time=93130000 PC=80000090 Reg[8]=00000000
Time=93170000 LOAD:  addr=bfd003fc data=01000001
Time=93190000 PC=8000008c Reg[8]=00000001
Time=93230000 PC=80000090 Reg[8]=00000000
Time=93270000 LOAD:  addr=bfd003fc data=01000001
Time=93290000 PC=8000008c Reg[8]=00000001
Time=93330000 PC=80000090 Reg[8]=00000000
Time=93370000 LOAD:  addr=bfd003fc data=01000001
Time=93390000 PC=8000008c Reg[8]=00000001
Time=93430000 PC=80000090 Reg[8]=00000000
Time=93470000 LOAD:  addr=bfd003fc data=01000001
Time=93490000 PC=8000008c Reg[8]=00000001
Time=93530000 PC=80000090 Reg[8]=00000000
Time=93570000 LOAD:  addr=bfd003fc data=01000001
Time=93590000 PC=8000008c Reg[8]=00000001
Time=93630000 PC=80000090 Reg[8]=00000000
Time=93670000 LOAD:  addr=bfd003fc data=01000001
Time=93690000 PC=8000008c Reg[8]=00000001
Time=93730000 PC=80000090 Reg[8]=00000000
Time=93770000 LOAD:  addr=bfd003fc data=01000001
Time=93790000 PC=8000008c Reg[8]=00000001
Time=93830000 PC=80000090 Reg[8]=00000000
Time=93870000 LOAD:  addr=bfd003fc data=01000001
Time=93890000 PC=8000008c Reg[8]=00000001
Time=93930000 PC=80000090 Reg[8]=00000000
Time=93970000 LOAD:  addr=bfd003fc data=01000001
Time=93990000 PC=8000008c Reg[8]=00000001
Time=94030000 PC=80000090 Reg[8]=00000000
Time=94070000 LOAD:  addr=bfd003fc data=01000001
Time=94090000 PC=8000008c Reg[8]=00000001
Time=94130000 PC=80000090 Reg[8]=00000000
Time=94170000 LOAD:  addr=bfd003fc data=01000001
Time=94190000 PC=8000008c Reg[8]=00000001
Time=94230000 PC=80000090 Reg[8]=00000000
Time=94270000 LOAD:  addr=bfd003fc data=01000001
Time=94290000 PC=8000008c Reg[8]=00000001
Time=94330000 PC=80000090 Reg[8]=00000000
Time=94370000 LOAD:  addr=bfd003fc data=01000001
Time=94390000 PC=8000008c Reg[8]=00000001
Time=94430000 PC=80000090 Reg[8]=00000000
Time=94470000 LOAD:  addr=bfd003fc data=01000001
Time=94490000 PC=8000008c Reg[8]=00000001
Time=94530000 PC=80000090 Reg[8]=00000000
Time=94570000 LOAD:  addr=bfd003fc data=01000001
Time=94590000 PC=8000008c Reg[8]=00000001
Time=94630000 PC=80000090 Reg[8]=00000000
iTime=94670000 LOAD:  addr=bfd003fc data=01000001
Time=94690000 PC=8000008c Reg[8]=00000001
Time=94730000 PC=80000090 Reg[8]=00000000
Time=94770000 LOAD:  addr=bfd003fc data=01000001
Time=94790000 PC=8000008c Reg[8]=00000001
Time=94830000 PC=80000090 Reg[8]=00000000
Time=94870000 LOAD:  addr=bfd003fc data=01000001
Time=94890000 PC=8000008c Reg[8]=00000001
Time=94930000 PC=80000090 Reg[8]=00000000
Time=94970000 LOAD:  addr=bfd003fc data=01000001
Time=94990000 PC=8000008c Reg[8]=00000001
Time=95030000 PC=80000090 Reg[8]=00000000
Time=95070000 LOAD:  addr=bfd003fc data=01000001
Time=95090000 PC=8000008c Reg[8]=00000001
Time=95130000 PC=80000090 Reg[8]=00000000
Time=95170000 LOAD:  addr=bfd003fc data=01000001
Time=95190000 PC=8000008c Reg[8]=00000001
Time=95230000 PC=80000090 Reg[8]=00000000
Time=95270000 LOAD:  addr=bfd003fc data=01000001
Time=95290000 PC=8000008c Reg[8]=00000001
Time=95330000 PC=80000090 Reg[8]=00000000
Time=95370000 LOAD:  addr=bfd003fc data=01000001
Time=95390000 PC=8000008c Reg[8]=00000001
Time=95430000 PC=80000090 Reg[8]=00000000
Time=95470000 LOAD:  addr=bfd003fc data=01000001
Time=95490000 PC=8000008c Reg[8]=00000001
Time=95530000 PC=80000090 Reg[8]=00000000
Time=95570000 LOAD:  addr=bfd003fc data=01000001
Time=95590000 PC=8000008c Reg[8]=00000001
Time=95630000 PC=80000090 Reg[8]=00000000
Time=95670000 LOAD:  addr=bfd003fc data=01000001
Time=95690000 PC=8000008c Reg[8]=00000001
Time=95730000 PC=80000090 Reg[8]=00000000
Time=95770000 LOAD:  addr=bfd003fc data=01000001
Time=95790000 PC=8000008c Reg[8]=00000001
Time=95830000 PC=80000090 Reg[8]=00000000
Time=95870000 LOAD:  addr=bfd003fc data=01000001
Time=95890000 PC=8000008c Reg[8]=00000001
Time=95930000 PC=80000090 Reg[8]=00000000
Time=95970000 LOAD:  addr=bfd003fc data=01000001
Time=95990000 PC=8000008c Reg[8]=00000001
Time=96030000 PC=80000090 Reg[8]=00000000
Time=96070000 LOAD:  addr=bfd003fc data=01000001
Time=96090000 PC=8000008c Reg[8]=00000001
Time=96130000 PC=80000090 Reg[8]=00000000
Time=96170000 LOAD:  addr=bfd003fc data=01000001
Time=96190000 PC=8000008c Reg[8]=00000001
Time=96230000 PC=80000090 Reg[8]=00000000
Time=96270000 LOAD:  addr=bfd003fc data=01000001
Time=96290000 PC=8000008c Reg[8]=00000001
Time=96330000 PC=80000090 Reg[8]=00000000
Time=96370000 LOAD:  addr=bfd003fc data=01000001
Time=96390000 PC=8000008c Reg[8]=00000001
Time=96430000 PC=80000090 Reg[8]=00000000
Time=96470000 LOAD:  addr=bfd003fc data=01000001
Time=96490000 PC=8000008c Reg[8]=00000001
Time=96530000 PC=80000090 Reg[8]=00000000
Time=96570000 LOAD:  addr=bfd003fc data=01000001
Time=96590000 PC=8000008c Reg[8]=00000001
Time=96630000 PC=80000090 Reg[8]=00000000
Time=96670000 LOAD:  addr=bfd003fc data=01000001
Time=96690000 PC=8000008c Reg[8]=00000001
Time=96730000 PC=80000090 Reg[8]=00000000
Time=96770000 LOAD:  addr=bfd003fc data=01000001
Time=96790000 PC=8000008c Reg[8]=00000001
Time=96830000 PC=80000090 Reg[8]=00000000
Time=96870000 LOAD:  addr=bfd003fc data=01000001
Time=96890000 PC=8000008c Reg[8]=00000001
Time=96930000 PC=80000090 Reg[8]=00000000
Time=96970000 LOAD:  addr=bfd003fc data=01000001
Time=96990000 PC=8000008c Reg[8]=00000001
Time=97030000 PC=80000090 Reg[8]=00000000
Time=97070000 LOAD:  addr=bfd003fc data=01000001
Time=97090000 PC=8000008c Reg[8]=00000001
Time=97130000 PC=80000090 Reg[8]=00000000
Time=97170000 LOAD:  addr=bfd003fc data=01000001
Time=97190000 PC=8000008c Reg[8]=00000001
Time=97230000 PC=80000090 Reg[8]=00000000
Time=97270000 LOAD:  addr=bfd003fc data=01000001
Time=97290000 PC=8000008c Reg[8]=00000001
Time=97330000 PC=80000090 Reg[8]=00000000
Time=97370000 LOAD:  addr=bfd003fc data=01000001
Time=97390000 PC=8000008c Reg[8]=00000001
Time=97430000 PC=80000090 Reg[8]=00000000
Time=97470000 LOAD:  addr=bfd003fc data=01000001
Time=97490000 PC=8000008c Reg[8]=00000001
Time=97530000 PC=80000090 Reg[8]=00000000
Time=97570000 LOAD:  addr=bfd003fc data=01000001
Time=97590000 PC=8000008c Reg[8]=00000001
Time=97630000 PC=80000090 Reg[8]=00000000
Time=97670000 LOAD:  addr=bfd003fc data=01000001
Time=97690000 PC=8000008c Reg[8]=00000001
Time=97730000 PC=80000090 Reg[8]=00000000
Time=97770000 LOAD:  addr=bfd003fc data=01000001
Time=97790000 PC=8000008c Reg[8]=00000001
Time=97830000 PC=80000090 Reg[8]=00000000
Time=97870000 LOAD:  addr=bfd003fc data=01000001
Time=97890000 PC=8000008c Reg[8]=00000001
Time=97930000 PC=80000090 Reg[8]=00000000
Time=97970000 LOAD:  addr=bfd003fc data=01000001
Time=97990000 PC=8000008c Reg[8]=00000001
Time=98030000 PC=80000090 Reg[8]=00000000
Time=98070000 LOAD:  addr=bfd003fc data=01000001
Time=98090000 PC=8000008c Reg[8]=00000001
Time=98130000 PC=80000090 Reg[8]=00000000
Time=98170000 LOAD:  addr=bfd003fc data=01000001
Time=98190000 PC=8000008c Reg[8]=00000001
Time=98230000 PC=80000090 Reg[8]=00000000
Time=98270000 LOAD:  addr=bfd003fc data=01000001
Time=98290000 PC=8000008c Reg[8]=00000001
Time=98330000 PC=80000090 Reg[8]=00000000
Time=98370000 LOAD:  addr=bfd003fc data=01000001
Time=98390000 PC=8000008c Reg[8]=00000001
Time=98430000 PC=80000090 Reg[8]=00000000
Time=98470000 LOAD:  addr=bfd003fc data=01000001
Time=98490000 PC=8000008c Reg[8]=00000001
Time=98530000 PC=80000090 Reg[8]=00000000
Time=98570000 LOAD:  addr=bfd003fc data=01000001
Time=98590000 PC=8000008c Reg[8]=00000001
Time=98630000 PC=80000090 Reg[8]=00000000
Time=98670000 LOAD:  addr=bfd003fc data=01000001
Time=98690000 PC=8000008c Reg[8]=00000001
Time=98730000 PC=80000090 Reg[8]=00000000
Time=98770000 LOAD:  addr=bfd003fc data=01000001
Time=98790000 PC=8000008c Reg[8]=00000001
Time=98830000 PC=80000090 Reg[8]=00000000
Time=98870000 LOAD:  addr=bfd003fc data=01000001
Time=98890000 PC=8000008c Reg[8]=00000001
Time=98930000 PC=80000090 Reg[8]=00000000
Time=98970000 LOAD:  addr=bfd003fc data=01000001
Time=98990000 PC=8000008c Reg[8]=00000001
Time=99030000 PC=80000090 Reg[8]=00000000
Time=99070000 LOAD:  addr=bfd003fc data=01000001
Time=99090000 PC=8000008c Reg[8]=00000001
Time=99130000 PC=80000090 Reg[8]=00000000
Time=99170000 LOAD:  addr=bfd003fc data=01000001
Time=99190000 PC=8000008c Reg[8]=00000001
Time=99230000 PC=80000090 Reg[8]=00000000
Time=99270000 LOAD:  addr=bfd003fc data=01000001
Time=99290000 PC=8000008c Reg[8]=00000001
Time=99330000 PC=80000090 Reg[8]=00000000
Time=99370000 LOAD:  addr=bfd003fc data=01000001
Time=99390000 PC=8000008c Reg[8]=00000001
Time=99430000 PC=80000090 Reg[8]=00000000
Time=99470000 LOAD:  addr=bfd003fc data=01000001
Time=99490000 PC=8000008c Reg[8]=00000001
Time=99530000 PC=80000090 Reg[8]=00000000
Time=99570000 LOAD:  addr=bfd003fc data=01000001
Time=99590000 PC=8000008c Reg[8]=00000001
Time=99630000 PC=80000090 Reg[8]=00000000
Time=99670000 LOAD:  addr=bfd003fc data=01000001
Time=99690000 PC=8000008c Reg[8]=00000001
Time=99730000 PC=80000090 Reg[8]=00000000
Time=99770000 LOAD:  addr=bfd003fc data=01000001
Time=99790000 PC=8000008c Reg[8]=00000001
Time=99830000 PC=80000090 Reg[8]=00000000
Time=99870000 LOAD:  addr=bfd003fc data=01000001
Time=99890000 PC=8000008c Reg[8]=00000001
Time=99930000 PC=80000090 Reg[8]=00000000
Time=99970000 LOAD:  addr=bfd003fc data=01000001
Time=99990000 PC=8000008c Reg[8]=00000001
Time=100030000 PC=80000090 Reg[8]=00000000
Time=100070000 LOAD:  addr=bfd003fc data=01000001
Time=100090000 PC=8000008c Reg[8]=00000001
Time=100130000 PC=80000090 Reg[8]=00000000
Time=100170000 LOAD:  addr=bfd003fc data=01000001
Time=100190000 PC=8000008c Reg[8]=00000001
Time=100230000 PC=80000090 Reg[8]=00000000
Time=100270000 LOAD:  addr=bfd003fc data=01000001
Time=100290000 PC=8000008c Reg[8]=00000001
Time=100330000 PC=80000090 Reg[8]=00000000
Time=100370000 LOAD:  addr=bfd003fc data=01000001
Time=100390000 PC=8000008c Reg[8]=00000001
Time=100430000 PC=80000090 Reg[8]=00000000
Time=100470000 LOAD:  addr=bfd003fc data=01000001
Time=100490000 PC=8000008c Reg[8]=00000001
Time=100530000 PC=80000090 Reg[8]=00000000
Time=100570000 LOAD:  addr=bfd003fc data=01000001
Time=100590000 PC=8000008c Reg[8]=00000001
Time=100630000 PC=80000090 Reg[8]=00000000
Time=100670000 LOAD:  addr=bfd003fc data=01000001
Time=100690000 PC=8000008c Reg[8]=00000001
Time=100730000 PC=80000090 Reg[8]=00000000
Time=100770000 LOAD:  addr=bfd003fc data=01000001
Time=100790000 PC=8000008c Reg[8]=00000001
Time=100830000 PC=80000090 Reg[8]=00000000
Time=100870000 LOAD:  addr=bfd003fc data=01000001
Time=100890000 PC=8000008c Reg[8]=00000001
Time=100930000 PC=80000090 Reg[8]=00000000
Time=100970000 LOAD:  addr=bfd003fc data=01000001
Time=100990000 PC=8000008c Reg[8]=00000001
Time=101030000 PC=80000090 Reg[8]=00000000
Time=101070000 LOAD:  addr=bfd003fc data=01000001
Time=101090000 PC=8000008c Reg[8]=00000001
Time=101130000 PC=80000090 Reg[8]=00000000
Time=101170000 LOAD:  addr=bfd003fc data=01000001
Time=101190000 PC=8000008c Reg[8]=00000001
Time=101230000 PC=80000090 Reg[8]=00000000
Time=101270000 LOAD:  addr=bfd003fc data=01000001
Time=101290000 PC=8000008c Reg[8]=00000001
Time=101330000 PC=80000090 Reg[8]=00000000
Time=101370000 LOAD:  addr=bfd003fc data=01000001
Time=101390000 PC=8000008c Reg[8]=00000001
Time=101430000 PC=80000090 Reg[8]=00000000
Time=101470000 LOAD:  addr=bfd003fc data=01000001
Time=101490000 PC=8000008c Reg[8]=00000001
Time=101530000 PC=80000090 Reg[8]=00000000
Time=101570000 LOAD:  addr=bfd003fc data=01000001
Time=101590000 PC=8000008c Reg[8]=00000001
Time=101630000 PC=80000090 Reg[8]=00000000
Time=101670000 LOAD:  addr=bfd003fc data=01000001
Time=101690000 PC=8000008c Reg[8]=00000001
Time=101730000 PC=80000090 Reg[8]=00000000
Time=101770000 LOAD:  addr=bfd003fc data=01000001
Time=101790000 PC=8000008c Reg[8]=00000001
Time=101830000 PC=80000090 Reg[8]=00000000
Time=101870000 LOAD:  addr=bfd003fc data=01000001
Time=101890000 PC=8000008c Reg[8]=00000001
Time=101930000 PC=80000090 Reg[8]=00000000
Time=101970000 LOAD:  addr=bfd003fc data=01000001
Time=101990000 PC=8000008c Reg[8]=00000001
Time=102030000 PC=80000090 Reg[8]=00000000
Time=102070000 LOAD:  addr=bfd003fc data=01000001
Time=102090000 PC=8000008c Reg[8]=00000001
Time=102130000 PC=80000090 Reg[8]=00000000
Time=102170000 LOAD:  addr=bfd003fc data=01000001
Time=102190000 PC=8000008c Reg[8]=00000001
Time=102230000 PC=80000090 Reg[8]=00000000
Time=102270000 LOAD:  addr=bfd003fc data=01000001
Time=102290000 PC=8000008c Reg[8]=00000001
Time=102330000 PC=80000090 Reg[8]=00000000
Time=102370000 LOAD:  addr=bfd003fc data=01000001
Time=102390000 PC=8000008c Reg[8]=00000001
Time=102430000 PC=80000090 Reg[8]=00000000
Time=102470000 LOAD:  addr=bfd003fc data=01000001
Time=102490000 PC=8000008c Reg[8]=00000001
Time=102530000 PC=80000090 Reg[8]=00000000
Time=102570000 LOAD:  addr=bfd003fc data=01000001
Time=102590000 PC=8000008c Reg[8]=00000001
Time=102630000 PC=80000090 Reg[8]=00000000
Time=102670000 LOAD:  addr=bfd003fc data=01000001
Time=102690000 PC=8000008c Reg[8]=00000001
Time=102730000 PC=80000090 Reg[8]=00000000
Time=102770000 LOAD:  addr=bfd003fc data=01000001
Time=102790000 PC=8000008c Reg[8]=00000001
Time=102830000 PC=80000090 Reg[8]=00000000
Time=102870000 LOAD:  addr=bfd003fc data=01000001
Time=102890000 PC=8000008c Reg[8]=00000001
Time=102930000 PC=80000090 Reg[8]=00000000
Time=102970000 LOAD:  addr=bfd003fc data=01000001
Time=102990000 PC=8000008c Reg[8]=00000001
Time=103030000 PC=80000090 Reg[8]=00000000
Time=103070000 LOAD:  addr=bfd003fc data=01000001
Time=103090000 PC=8000008c Reg[8]=00000001
Time=103130000 PC=80000090 Reg[8]=00000000
Time=103170000 LOAD:  addr=bfd003fc data=01000001
Time=103190000 PC=8000008c Reg[8]=00000001
Time=103230000 PC=80000090 Reg[8]=00000000
Time=103270000 LOAD:  addr=bfd003fc data=01000001
Time=103290000 PC=8000008c Reg[8]=00000001
Time=103330000 PC=80000090 Reg[8]=00000000
Time=103370000 LOAD:  addr=bfd003fc data=01000001
Time=103390000 PC=8000008c Reg[8]=00000001
Time=103430000 PC=80000090 Reg[8]=00000000
Time=103470000 LOAD:  addr=bfd003fc data=01000001
Time=103490000 PC=8000008c Reg[8]=00000001
Time=103530000 PC=80000090 Reg[8]=00000000
Time=103570000 LOAD:  addr=bfd003fc data=01000001
Time=103590000 PC=8000008c Reg[8]=00000001
Time=103630000 PC=80000090 Reg[8]=00000000
Time=103670000 LOAD:  addr=bfd003fc data=01000001
Time=103690000 PC=8000008c Reg[8]=00000001
Time=103730000 PC=80000090 Reg[8]=00000000
Time=103770000 LOAD:  addr=bfd003fc data=01000001
Time=103790000 PC=8000008c Reg[8]=00000001
Time=103830000 PC=80000090 Reg[8]=00000000
Time=103870000 LOAD:  addr=bfd003fc data=01000001
Time=103890000 PC=8000008c Reg[8]=00000001
Time=103930000 PC=80000090 Reg[8]=00000000
Time=103970000 LOAD:  addr=bfd003fc data=01000001
Time=103990000 PC=8000008c Reg[8]=00000001
Time=104030000 PC=80000090 Reg[8]=00000000
Time=104070000 LOAD:  addr=bfd003fc data=01000001
Time=104090000 PC=8000008c Reg[8]=00000001
Time=104130000 PC=80000090 Reg[8]=00000000
Time=104170000 LOAD:  addr=bfd003fc data=01000001
Time=104190000 PC=8000008c Reg[8]=00000001
Time=104230000 PC=80000090 Reg[8]=00000000
Time=104270000 LOAD:  addr=bfd003fc data=01000001
Time=104290000 PC=8000008c Reg[8]=00000001
Time=104330000 PC=80000090 Reg[8]=00000000
Time=104370000 LOAD:  addr=bfd003fc data=01000001
Time=104390000 PC=8000008c Reg[8]=00000001
Time=104430000 PC=80000090 Reg[8]=00000000
Time=104470000 LOAD:  addr=bfd003fc data=01000001
Time=104490000 PC=8000008c Reg[8]=00000001
Time=104530000 PC=80000090 Reg[8]=00000000
Time=104570000 LOAD:  addr=bfd003fc data=01000001
Time=104590000 PC=8000008c Reg[8]=00000001
Time=104630000 PC=80000090 Reg[8]=00000000
Time=104670000 LOAD:  addr=bfd003fc data=01000001
Time=104690000 PC=8000008c Reg[8]=00000001
Time=104730000 PC=80000090 Reg[8]=00000000
sTime=104770000 LOAD:  addr=bfd003fc data=01000001
Time=104790000 PC=8000008c Reg[8]=00000001
Time=104830000 PC=80000090 Reg[8]=00000000
Time=104870000 LOAD:  addr=bfd003fc data=01000001
Time=104890000 PC=8000008c Reg[8]=00000001
Time=104930000 PC=80000090 Reg[8]=00000000
Time=104970000 LOAD:  addr=bfd003fc data=01000001
Time=104990000 PC=8000008c Reg[8]=00000001
Time=105030000 PC=80000090 Reg[8]=00000000
Time=105070000 LOAD:  addr=bfd003fc data=01000001
Time=105090000 PC=8000008c Reg[8]=00000001
Time=105130000 PC=80000090 Reg[8]=00000000
Time=105170000 LOAD:  addr=bfd003fc data=01000001
Time=105190000 PC=8000008c Reg[8]=00000001
Time=105230000 PC=80000090 Reg[8]=00000000
Time=105270000 LOAD:  addr=bfd003fc data=01000001
Time=105290000 PC=8000008c Reg[8]=00000001
Time=105330000 PC=80000090 Reg[8]=00000000
Time=105370000 LOAD:  addr=bfd003fc data=01000001
Time=105390000 PC=8000008c Reg[8]=00000001
Time=105430000 PC=80000090 Reg[8]=00000000
Time=105470000 LOAD:  addr=bfd003fc data=01000001
Time=105490000 PC=8000008c Reg[8]=00000001
Time=105530000 PC=80000090 Reg[8]=00000000
Time=105570000 LOAD:  addr=bfd003fc data=01000001
Time=105590000 PC=8000008c Reg[8]=00000001
Time=105630000 PC=80000090 Reg[8]=00000000
Time=105670000 LOAD:  addr=bfd003fc data=01000001
Time=105690000 PC=8000008c Reg[8]=00000001
Time=105730000 PC=80000090 Reg[8]=00000000
Time=105770000 LOAD:  addr=bfd003fc data=01000001
Time=105790000 PC=8000008c Reg[8]=00000001
Time=105830000 PC=80000090 Reg[8]=00000000
Time=105870000 LOAD:  addr=bfd003fc data=01000001
Time=105890000 PC=8000008c Reg[8]=00000001
Time=105930000 PC=80000090 Reg[8]=00000000
Time=105970000 LOAD:  addr=bfd003fc data=01000001
Time=105990000 PC=8000008c Reg[8]=00000001
Time=106030000 PC=80000090 Reg[8]=00000000
Time=106070000 LOAD:  addr=bfd003fc data=01000001
Time=106090000 PC=8000008c Reg[8]=00000001
Time=106130000 PC=80000090 Reg[8]=00000000
Time=106170000 LOAD:  addr=bfd003fc data=01000001
Time=106190000 PC=8000008c Reg[8]=00000001
Time=106230000 PC=80000090 Reg[8]=00000000
Time=106270000 LOAD:  addr=bfd003fc data=01000001
Time=106290000 PC=8000008c Reg[8]=00000001
Time=106330000 PC=80000090 Reg[8]=00000000
Time=106370000 LOAD:  addr=bfd003fc data=01000001
Time=106390000 PC=8000008c Reg[8]=00000001
Time=106430000 PC=80000090 Reg[8]=00000000
Time=106470000 LOAD:  addr=bfd003fc data=01000001
Time=106490000 PC=8000008c Reg[8]=00000001
Time=106530000 PC=80000090 Reg[8]=00000000
Time=106570000 LOAD:  addr=bfd003fc data=01000001
Time=106590000 PC=8000008c Reg[8]=00000001
Time=106630000 PC=80000090 Reg[8]=00000000
Time=106670000 LOAD:  addr=bfd003fc data=01000001
Time=106690000 PC=8000008c Reg[8]=00000001
Time=106730000 PC=80000090 Reg[8]=00000000
Time=106770000 LOAD:  addr=bfd003fc data=01000001
Time=106790000 PC=8000008c Reg[8]=00000001
Time=106830000 PC=80000090 Reg[8]=00000000
Time=106870000 LOAD:  addr=bfd003fc data=01000001
Time=106890000 PC=8000008c Reg[8]=00000001
Time=106930000 PC=80000090 Reg[8]=00000000
Time=106970000 LOAD:  addr=bfd003fc data=01000001
Time=106990000 PC=8000008c Reg[8]=00000001
Time=107030000 PC=80000090 Reg[8]=00000000
Time=107070000 LOAD:  addr=bfd003fc data=01000001
Time=107090000 PC=8000008c Reg[8]=00000001
Time=107130000 PC=80000090 Reg[8]=00000000
Time=107170000 LOAD:  addr=bfd003fc data=01000001
Time=107190000 PC=8000008c Reg[8]=00000001
Time=107230000 PC=80000090 Reg[8]=00000000
Time=107270000 LOAD:  addr=bfd003fc data=01000001
Time=107290000 PC=8000008c Reg[8]=00000001
Time=107330000 PC=80000090 Reg[8]=00000000
Time=107370000 LOAD:  addr=bfd003fc data=01000001
Time=107390000 PC=8000008c Reg[8]=00000001
Time=107430000 PC=80000090 Reg[8]=00000000
Time=107470000 LOAD:  addr=bfd003fc data=01000001
Time=107490000 PC=8000008c Reg[8]=00000001
Time=107530000 PC=80000090 Reg[8]=00000000
Time=107570000 LOAD:  addr=bfd003fc data=01000001
Time=107590000 PC=8000008c Reg[8]=00000001
Time=107630000 PC=80000090 Reg[8]=00000000
Time=107670000 LOAD:  addr=bfd003fc data=01000001
Time=107690000 PC=8000008c Reg[8]=00000001
Time=107730000 PC=80000090 Reg[8]=00000000
Time=107770000 LOAD:  addr=bfd003fc data=01000001
Time=107790000 PC=8000008c Reg[8]=00000001
Time=107830000 PC=80000090 Reg[8]=00000000
Time=107870000 LOAD:  addr=bfd003fc data=01000001
Time=107890000 PC=8000008c Reg[8]=00000001
Time=107930000 PC=80000090 Reg[8]=00000000
Time=107970000 LOAD:  addr=bfd003fc data=01000001
Time=107990000 PC=8000008c Reg[8]=00000001
Time=108030000 PC=80000090 Reg[8]=00000000
Time=108070000 LOAD:  addr=bfd003fc data=01000001
Time=108090000 PC=8000008c Reg[8]=00000001
Time=108130000 PC=80000090 Reg[8]=00000000
Time=108170000 LOAD:  addr=bfd003fc data=01000001
Time=108190000 PC=8000008c Reg[8]=00000001
Time=108230000 PC=80000090 Reg[8]=00000000
Time=108270000 LOAD:  addr=bfd003fc data=01000001
Time=108290000 PC=8000008c Reg[8]=00000001
Time=108330000 PC=80000090 Reg[8]=00000000
Time=108370000 LOAD:  addr=bfd003fc data=01000001
Time=108390000 PC=8000008c Reg[8]=00000001
Time=108430000 PC=80000090 Reg[8]=00000000
Time=108470000 LOAD:  addr=bfd003fc data=01000001
Time=108490000 PC=8000008c Reg[8]=00000001
Time=108530000 PC=80000090 Reg[8]=00000000
Time=108570000 LOAD:  addr=bfd003fc data=01000001
Time=108590000 PC=8000008c Reg[8]=00000001
Time=108630000 PC=80000090 Reg[8]=00000000
Time=108670000 LOAD:  addr=bfd003fc data=01000001
Time=108690000 PC=8000008c Reg[8]=00000001
Time=108730000 PC=80000090 Reg[8]=00000000
Time=108770000 LOAD:  addr=bfd003fc data=01000001
Time=108790000 PC=8000008c Reg[8]=00000001
Time=108830000 PC=80000090 Reg[8]=00000000
Time=108870000 LOAD:  addr=bfd003fc data=01000001
Time=108890000 PC=8000008c Reg[8]=00000001
Time=108930000 PC=80000090 Reg[8]=00000000
Time=108970000 LOAD:  addr=bfd003fc data=01000001
Time=108990000 PC=8000008c Reg[8]=00000001
Time=109030000 PC=80000090 Reg[8]=00000000
Time=109070000 LOAD:  addr=bfd003fc data=01000001
Time=109090000 PC=8000008c Reg[8]=00000001
Time=109130000 PC=80000090 Reg[8]=00000000
Time=109170000 LOAD:  addr=bfd003fc data=01000001
Time=109190000 PC=8000008c Reg[8]=00000001
Time=109230000 PC=80000090 Reg[8]=00000000
Time=109270000 LOAD:  addr=bfd003fc data=01000001
Time=109290000 PC=8000008c Reg[8]=00000001
Time=109330000 PC=80000090 Reg[8]=00000000
Time=109370000 LOAD:  addr=bfd003fc data=01000001
Time=109390000 PC=8000008c Reg[8]=00000001
Time=109430000 PC=80000090 Reg[8]=00000000
Time=109470000 LOAD:  addr=bfd003fc data=01000001
Time=109490000 PC=8000008c Reg[8]=00000001
Time=109530000 PC=80000090 Reg[8]=00000000
Time=109570000 LOAD:  addr=bfd003fc data=01000001
Time=109590000 PC=8000008c Reg[8]=00000001
Time=109630000 PC=80000090 Reg[8]=00000000
Time=109670000 LOAD:  addr=bfd003fc data=01000001
Time=109690000 PC=8000008c Reg[8]=00000001
Time=109730000 PC=80000090 Reg[8]=00000000
Time=109770000 LOAD:  addr=bfd003fc data=01000001
Time=109790000 PC=8000008c Reg[8]=00000001
Time=109830000 PC=80000090 Reg[8]=00000000
Time=109870000 LOAD:  addr=bfd003fc data=01000001
Time=109890000 PC=8000008c Reg[8]=00000001
Time=109930000 PC=80000090 Reg[8]=00000000
Time=109970000 LOAD:  addr=bfd003fc data=01000001
Time=109990000 PC=8000008c Reg[8]=00000001
Time=110030000 PC=80000090 Reg[8]=00000000
Time=110070000 LOAD:  addr=bfd003fc data=01000001
Time=110090000 PC=8000008c Reg[8]=00000001
Time=110130000 PC=80000090 Reg[8]=00000000
Time=110170000 LOAD:  addr=bfd003fc data=01000001
Time=110190000 PC=8000008c Reg[8]=00000001
Time=110230000 PC=80000090 Reg[8]=00000000
Time=110270000 LOAD:  addr=bfd003fc data=01000001
Time=110290000 PC=8000008c Reg[8]=00000001
Time=110330000 PC=80000090 Reg[8]=00000000
Time=110370000 LOAD:  addr=bfd003fc data=01000001
Time=110390000 PC=8000008c Reg[8]=00000001
Time=110430000 PC=80000090 Reg[8]=00000000
Time=110470000 LOAD:  addr=bfd003fc data=01000001
Time=110490000 PC=8000008c Reg[8]=00000001
Time=110530000 PC=80000090 Reg[8]=00000000
Time=110570000 LOAD:  addr=bfd003fc data=01000001
Time=110590000 PC=8000008c Reg[8]=00000001
Time=110630000 PC=80000090 Reg[8]=00000000
Time=110670000 LOAD:  addr=bfd003fc data=01000001
Time=110690000 PC=8000008c Reg[8]=00000001
Time=110730000 PC=80000090 Reg[8]=00000000
Time=110770000 LOAD:  addr=bfd003fc data=01000001
Time=110790000 PC=8000008c Reg[8]=00000001
Time=110830000 PC=80000090 Reg[8]=00000000
Time=110870000 LOAD:  addr=bfd003fc data=01000001
Time=110890000 PC=8000008c Reg[8]=00000001
Time=110930000 PC=80000090 Reg[8]=00000000
Time=110970000 LOAD:  addr=bfd003fc data=01000001
Time=110990000 PC=8000008c Reg[8]=00000001
Time=111030000 PC=80000090 Reg[8]=00000000
Time=111070000 LOAD:  addr=bfd003fc data=01000001
Time=111090000 PC=8000008c Reg[8]=00000001
Time=111130000 PC=80000090 Reg[8]=00000000
Time=111170000 LOAD:  addr=bfd003fc data=01000001
Time=111190000 PC=8000008c Reg[8]=00000001
Time=111230000 PC=80000090 Reg[8]=00000000
Time=111270000 LOAD:  addr=bfd003fc data=01000001
Time=111290000 PC=8000008c Reg[8]=00000001
Time=111330000 PC=80000090 Reg[8]=00000000
Time=111370000 LOAD:  addr=bfd003fc data=01000001
Time=111390000 PC=8000008c Reg[8]=00000001
Time=111430000 PC=80000090 Reg[8]=00000000
Time=111470000 LOAD:  addr=bfd003fc data=01000001
Time=111490000 PC=8000008c Reg[8]=00000001
Time=111530000 PC=80000090 Reg[8]=00000000
Time=111570000 LOAD:  addr=bfd003fc data=01000001
Time=111590000 PC=8000008c Reg[8]=00000001
Time=111630000 PC=80000090 Reg[8]=00000000
Time=111670000 LOAD:  addr=bfd003fc data=01000001
Time=111690000 PC=8000008c Reg[8]=00000001
Time=111730000 PC=80000090 Reg[8]=00000000
Time=111770000 LOAD:  addr=bfd003fc data=01000001
Time=111790000 PC=8000008c Reg[8]=00000001
Time=111830000 PC=80000090 Reg[8]=00000000
Time=111870000 LOAD:  addr=bfd003fc data=01000001
Time=111890000 PC=8000008c Reg[8]=00000001
Time=111930000 PC=80000090 Reg[8]=00000000
Time=111970000 LOAD:  addr=bfd003fc data=01000001
Time=111990000 PC=8000008c Reg[8]=00000001
Time=112030000 PC=80000090 Reg[8]=00000000
Time=112070000 LOAD:  addr=bfd003fc data=01000001
Time=112090000 PC=8000008c Reg[8]=00000001
Time=112130000 PC=80000090 Reg[8]=00000000
Time=112170000 LOAD:  addr=bfd003fc data=01000001
Time=112190000 PC=8000008c Reg[8]=00000001
Time=112230000 PC=80000090 Reg[8]=00000000
Time=112270000 LOAD:  addr=bfd003fc data=01000001
Time=112290000 PC=8000008c Reg[8]=00000001
Time=112330000 PC=80000090 Reg[8]=00000000
Time=112370000 LOAD:  addr=bfd003fc data=01000001
Time=112390000 PC=8000008c Reg[8]=00000001
Time=112430000 PC=80000090 Reg[8]=00000000
Time=112470000 LOAD:  addr=bfd003fc data=01000001
Time=112490000 PC=8000008c Reg[8]=00000001
Time=112530000 PC=80000090 Reg[8]=00000000
Time=112570000 LOAD:  addr=bfd003fc data=01000001
Time=112590000 PC=8000008c Reg[8]=00000001
Time=112630000 PC=80000090 Reg[8]=00000000
Time=112670000 LOAD:  addr=bfd003fc data=01000001
Time=112690000 PC=8000008c Reg[8]=00000001
Time=112730000 PC=80000090 Reg[8]=00000000
Time=112770000 LOAD:  addr=bfd003fc data=01000001
Time=112790000 PC=8000008c Reg[8]=00000001
Time=112830000 PC=80000090 Reg[8]=00000000
Time=112870000 LOAD:  addr=bfd003fc data=01000001
Time=112890000 PC=8000008c Reg[8]=00000001
Time=112930000 PC=80000090 Reg[8]=00000000
Time=112970000 LOAD:  addr=bfd003fc data=01000001
Time=112990000 PC=8000008c Reg[8]=00000001
Time=113030000 PC=80000090 Reg[8]=00000000
Time=113070000 LOAD:  addr=bfd003fc data=01000001
Time=113090000 PC=8000008c Reg[8]=00000001
Time=113130000 PC=80000090 Reg[8]=00000000
Time=113170000 LOAD:  addr=bfd003fc data=01000001
Time=113190000 PC=8000008c Reg[8]=00000001
Time=113230000 PC=80000090 Reg[8]=00000000
Time=113270000 LOAD:  addr=bfd003fc data=01000001
Time=113290000 PC=8000008c Reg[8]=00000001
Time=113330000 PC=80000090 Reg[8]=00000000
Time=113370000 LOAD:  addr=bfd003fc data=01000001
Time=113390000 PC=8000008c Reg[8]=00000001
Time=113430000 PC=80000090 Reg[8]=00000000
Time=113470000 LOAD:  addr=bfd003fc data=01000001
Time=113490000 PC=8000008c Reg[8]=00000001
Time=113530000 PC=80000090 Reg[8]=00000000
Time=113570000 LOAD:  addr=bfd003fc data=01000001
Time=113590000 PC=8000008c Reg[8]=00000001
Time=113630000 PC=80000090 Reg[8]=00000000
Time=113670000 LOAD:  addr=bfd003fc data=01000001
Time=113690000 PC=8000008c Reg[8]=00000001
Time=113730000 PC=80000090 Reg[8]=00000000
Time=113770000 LOAD:  addr=bfd003fc data=01000001
Time=113790000 PC=8000008c Reg[8]=00000001
Time=113830000 PC=80000090 Reg[8]=00000000
Time=113870000 LOAD:  addr=bfd003fc data=01000001
Time=113890000 PC=8000008c Reg[8]=00000001
Time=113930000 PC=80000090 Reg[8]=00000000
Time=113970000 LOAD:  addr=bfd003fc data=01000001
Time=113990000 PC=8000008c Reg[8]=00000001
Time=114030000 PC=80000090 Reg[8]=00000000
Time=114070000 LOAD:  addr=bfd003fc data=01000001
Time=114090000 PC=8000008c Reg[8]=00000001
Time=114130000 PC=80000090 Reg[8]=00000000
Time=114170000 LOAD:  addr=bfd003fc data=01000001
Time=114190000 PC=8000008c Reg[8]=00000001
Time=114230000 PC=80000090 Reg[8]=00000000
Time=114270000 LOAD:  addr=bfd003fc data=01000001
Time=114290000 PC=8000008c Reg[8]=00000001
Time=114330000 PC=80000090 Reg[8]=00000000
Time=114370000 LOAD:  addr=bfd003fc data=01000001
Time=114390000 PC=8000008c Reg[8]=00000001
Time=114430000 PC=80000090 Reg[8]=00000000
Time=114470000 LOAD:  addr=bfd003fc data=01000001
Time=114490000 PC=8000008c Reg[8]=00000001
Time=114530000 PC=80000090 Reg[8]=00000000
Time=114570000 LOAD:  addr=bfd003fc data=01000001
Time=114590000 PC=8000008c Reg[8]=00000001
Time=114630000 PC=80000090 Reg[8]=00000000
Time=114670000 LOAD:  addr=bfd003fc data=01000001
Time=114690000 PC=8000008c Reg[8]=00000001
Time=114730000 PC=80000090 Reg[8]=00000000
Time=114770000 LOAD:  addr=bfd003fc data=01000001
Time=114790000 PC=8000008c Reg[8]=00000001
hTime=114830000 PC=80000090 Reg[8]=00000000
Time=114870000 LOAD:  addr=bfd003fc data=01000001
Time=114890000 PC=8000008c Reg[8]=00000001
Time=114930000 PC=80000090 Reg[8]=00000000
Time=114970000 LOAD:  addr=bfd003fc data=01000001
Time=114990000 PC=8000008c Reg[8]=00000001
Time=115030000 PC=80000090 Reg[8]=00000000
Time=115070000 LOAD:  addr=bfd003fc data=01000001
Time=115090000 PC=8000008c Reg[8]=00000001
Time=115130000 PC=80000090 Reg[8]=00000000
Time=115170000 LOAD:  addr=bfd003fc data=01000001
Time=115190000 PC=8000008c Reg[8]=00000001
Time=115230000 PC=80000090 Reg[8]=00000000
Time=115270000 LOAD:  addr=bfd003fc data=01000001
Time=115290000 PC=8000008c Reg[8]=00000001
Time=115330000 PC=80000090 Reg[8]=00000000
Time=115370000 LOAD:  addr=bfd003fc data=01000001
Time=115390000 PC=8000008c Reg[8]=00000001
Time=115430000 PC=80000090 Reg[8]=00000000
Time=115470000 LOAD:  addr=bfd003fc data=01000001
Time=115490000 PC=8000008c Reg[8]=00000001
Time=115530000 PC=80000090 Reg[8]=00000000
Time=115570000 LOAD:  addr=bfd003fc data=01000001
Time=115590000 PC=8000008c Reg[8]=00000001
Time=115630000 PC=80000090 Reg[8]=00000000
Time=115670000 LOAD:  addr=bfd003fc data=01000001
Time=115690000 PC=8000008c Reg[8]=00000001
Time=115730000 PC=80000090 Reg[8]=00000000
Time=115770000 LOAD:  addr=bfd003fc data=01000001
Time=115790000 PC=8000008c Reg[8]=00000001
Time=115830000 PC=80000090 Reg[8]=00000000
Time=115870000 LOAD:  addr=bfd003fc data=03000003
Time=115890000 PC=8000008c Reg[8]=00000003
Time=115930000 PC=80000090 Reg[8]=00000002
Time=115970000 LOAD:  addr=bfd003f8 data=00000054
Time=115990000 PC=8000009c Reg[4]=00000054

========================================
*** ENTERING RANDOMTEST PHASE ***
Time=115990000
========================================

Time=116010000 PC=800000a0 Reg[8]=00000054
Time=116070000 PC=800000ac Reg[16]=80010000
Time=116090000 PC=800000b0 Reg[16]=80010400
Time=116110000 PC=800000b4 Reg[17]=00000000
Time=116110000 LOAD:  addr=80010404 data=41020000
Time=116110000 s1(passed_flags) updated to 00000000
Time=116130000 PC=800000b8 Reg[18]=00000241
Time=116130000 LOAD:  addr=80010408 data=4102edfe
Time=116130000 s2(selection) updated to 00000241
Time=116150000 PC=800000bc Reg[19]=feed0241
Time=116170000 PC=800000c0 Reg[8]=00000001
Time=116230000 PC=800000cc Reg[8]=bccd0000
Time=116250000 PC=800000d0 Reg[8]=bccd54c8
Time=116270000 PC=800000d4 Reg[9]=0a2c0000
Time=116290000 PC=800000d8 Reg[9]=0a2c3b14
Time=116310000 PC=800000dc Reg[3]=c6f90000
Time=116330000 PC=800000e0 Reg[3]=c6f98fdc
Time=116350000 PC=800000e4 Reg[2]=c6f98fdc
Time=116410000 PC=800000f0 Reg[8]=95f00000
Time=116430000 PC=800000f4 Reg[8]=95f0c7b0
Time=116450000 PC=800000f8 Reg[9]=00000000
Time=116470000 PC=800000fc Reg[3]=95f00000
Time=116490000 PC=80000100 Reg[3]=95f0c7b0
Time=116510000 PC=80000104 Reg[2]=95f0c7b0
Time=116570000 PC=80000110 Reg[8]=00000000
Time=116590000 PC=80000114 Reg[9]=6e700000
Time=116610000 PC=80000118 Reg[9]=6e701f70
Time=116630000 PC=8000011c Reg[3]=6e700000
Time=116650000 PC=80000120 Reg[3]=6e701f70
Time=116670000 PC=80000124 Reg[2]=6e701f70
Time=116730000 PC=80000130 Reg[8]=00000000
Time=116750000 PC=80000134 Reg[9]=00000000
Time=116770000 PC=80000138 Reg[3]=00000000
Time=116790000 PC=8000013c Reg[2]=00000000
Time=116850000 PC=80000148 Reg[17]=00000001
Time=116850000 s1(passed_flags) updated to 00000001
Time=116870000 PC=8000014c Reg[8]=00000000
Time=116930000 PC=800001bc Reg[8]=00000000
Time=116990000 PC=80000248 Reg[8]=00000000
Time=117050000 PC=800002c8 Reg[8]=00000000
Time=117110000 PC=80000344 Reg[8]=00000000
Time=117170000 PC=800003c4 Reg[8]=00000040
Time=117230000 PC=800003d0 Reg[8]=b3bf0000
Time=117250000 PC=800003d4 Reg[8]=b3bf7ef8
Time=117270000 PC=800003d8 Reg[3]=fffffffb
Time=117290000 PC=800003dc Reg[2]=fffffffb
Time=117350000 PC=800003e8 Reg[8]=7f790000
Time=117370000 PC=800003ec Reg[8]=7f797f19
Time=117390000 PC=800003f0 Reg[3]=7f790000
Time=117410000 PC=800003f4 Reg[3]=7f797f19
Time=117430000 PC=800003f8 Reg[2]=7f797f19
Time=117490000 PC=80000404 Reg[8]=00000000
Time=117510000 PC=80000408 Reg[3]=00000000
Time=117530000 PC=8000040c Reg[2]=00000000
Time=117590000 PC=80000418 Reg[8]=00000000
Time=117610000 PC=8000041c Reg[3]=00000000
Time=117630000 PC=80000420 Reg[2]=00000000
Time=117690000 PC=8000042c Reg[17]=00000041
Time=117690000 s1(passed_flags) updated to 00000041
Time=117710000 PC=80000430 Reg[8]=00000000
Time=117770000 PC=800004b0 Reg[8]=00000000
Time=117830000 PC=80000740 Reg[8]=00000200
Time=117890000 PC=8000074c Reg[2]=00000000
Time=117910000 PC=80000750 Reg[3]=00000000
Time=117970000 PC=80000778 Reg[8]=bb000000
Time=117990000 PC=8000077c Reg[8]=bb00130a
Time=118090000 PC=8000079c Reg[21]=00000000
Time=118110000 PC=800007a0 Reg[22]=00000000
Time=118210000 PC=800007b4 Reg[2]=00000000
Time=118230000 PC=800007b8 Reg[3]=00000000
Time=118290000 PC=800007e0 Reg[8]=44f20000
Time=118310000 PC=800007e4 Reg[8]=44f2bff4
Time=118370000 PC=800007c4 Reg[2]=40200000
Time=118390000 PC=800007c8 Reg[2]=4020bf52
Time=118450000 PC=800007fc Reg[3]=4efb0000
Time=118470000 PC=80000800 Reg[3]=4efb06d3
Time=118490000 PC=80000804 Reg[21]=40200000
Time=118510000 PC=80000808 Reg[21]=4020bf52
Time=118530000 PC=8000080c Reg[22]=4efb0000
Time=118550000 PC=80000810 Reg[22]=4efb06d3
Time=118650000 PC=80000824 Reg[2]=00000000
Time=118670000 PC=80000828 Reg[3]=00000000
Time=118730000 PC=80000850 Reg[8]=12bd0000
Time=118750000 PC=80000854 Reg[8]=12bd8028
Time=118810000 PC=80000834 Reg[2]=ab210000
Time=118830000 PC=80000838 Reg[2]=ab215888
Time=118890000 PC=8000086c Reg[3]=55ac0000
Time=118910000 PC=80000870 Reg[3]=55aca678
Time=118930000 PC=80000874 Reg[21]=ab210000
Time=118950000 PC=80000878 Reg[21]=ab215888
Time=118970000 PC=8000087c Reg[22]=55ac0000
Time=118990000 PC=80000880 Reg[22]=55aca678
Time=119090000 PC=80000894 Reg[2]=00000000
Time=119110000 PC=80000898 Reg[3]=00000000
Time=119170000 PC=800008c0 Reg[8]=00000000
Time=119230000 PC=800008a4 Reg[2]=1f130000
Time=119250000 PC=800008a8 Reg[2]=1f139900
Time=119310000 PC=800008d8 Reg[3]=af650000
Time=119330000 PC=800008dc Reg[3]=af6531c4
Time=119350000 PC=800008e0 Reg[21]=1f130000
Time=119370000 PC=800008e4 Reg[21]=1f139900
Time=119390000 PC=800008e8 Reg[22]=af650000
Time=119410000 PC=800008ec Reg[22]=af6531c4
Time=119510000 PC=80000900 Reg[17]=00000241
Time=119510000 s1(passed_flags) updated to 00000241
Time=119530000 PC=80000904 Reg[8]=00000000
Time=119590000 PC=80000ac8 Reg[8]=00000000
Time=119650000 PC=80000c64 Reg[8]=feed0000
Time=119670000 PC=80000c68 Reg[8]=feed0241
Time=119690000 PC=80000c6c Reg[8]=00000000
Time=119690000 Reached final comparison (bne s1, s2, end)
Time=119710000 PC=80000c70 Reg[8]=00000000
Time=119710000 STORE: addr=80010400 data=00000000

========================================
*** ALL TESTS PASSED! ***
Reached FEEDBACK at Time=119710000
========================================

Time=119790000 PC=80000c80 Reg[16]=80000000
Time=119810000 PC=80000c84 Reg[16]=80000014
Time=119810000 LOAD:  addr=80000014 data=206c6c41
Time=119830000 PC=80000c88 Reg[4]=00000041
Time=119850000 PC=80000c8c Reg[17]=bfd00000
Time=119850000 s1(passed_flags) updated to bfd00000
Time=119870000 PC=80000c90 Reg[16]=80000015
Time=119870000 LOAD:  addr=bfd003fc data=01000001
Time=119890000 PC=80000c94 Reg[8]=00000001
Time=119930000 PC=80000c98 Reg[8]=00000001
Time=119930000 DEBUG: cpu_pc=80000ca8 debug_wb_pc=80000c98
Time=119950000 DEBUG: cpu_pc=80000cac debug_wb_pc=80000c9c
Time=119970000 STORE: addr=bfd003f8 data=41414141
Time=119990000 LOAD:  addr=80000015 data=206c6c41
Time=120010000 PC=80000ca8 Reg[4]=0000006c
Time=120090000 PC=80000c90 Reg[16]=80000016
Time=120090000 LOAD:  addr=bfd003fc data=01000001
Time=120110000 PC=80000c94 Reg[8]=00000001
Time=120150000 PC=80000c98 Reg[8]=00000001
Time=120150000 DEBUG: cpu_pc=80000ca8 debug_wb_pc=80000c98
Time=120170000 DEBUG: cpu_pc=80000cac debug_wb_pc=80000c9c
Time=120190000 STORE: addr=bfd003f8 data=6c6c6c6c
Time=120210000 LOAD:  addr=80000016 data=206c6c41
Time=120230000 PC=80000ca8 Reg[4]=0000006c
Time=120310000 PC=80000c90 Reg[16]=80000017
Time=120310000 LOAD:  addr=bfd003fc data=01000001
Time=120330000 PC=80000c94 Reg[8]=00000001
Time=120370000 PC=80000c98 Reg[8]=00000001
Time=120370000 DEBUG: cpu_pc=80000ca8 debug_wb_pc=80000c98
Time=120390000 DEBUG: cpu_pc=80000cac debug_wb_pc=80000c9c
Time=120410000 STORE: addr=bfd003f8 data=6c6c6c6c
Time=120430000 LOAD:  addr=80000017 data=206c6c41
Time=120450000 PC=80000ca8 Reg[4]=00000020
Time=120530000 PC=80000c90 Reg[16]=80000018
Time=120530000 LOAD:  addr=bfd003fc data=01000001
Time=120550000 PC=80000c94 Reg[8]=00000001
Time=120590000 PC=80000c98 Reg[8]=00000001
Time=120590000 DEBUG: cpu_pc=80000ca8 debug_wb_pc=80000c98
Time=120610000 DEBUG: cpu_pc=80000cac debug_wb_pc=80000c9c
Time=120630000 STORE: addr=bfd003f8 data=20202020
Time=120650000 LOAD:  addr=80000018 data=53534150
Time=120670000 PC=80000ca8 Reg[4]=00000050
Time=120750000 PC=80000c90 Reg[16]=80000019
Time=120750000 LOAD:  addr=bfd003fc data=01000001
Time=120770000 PC=80000c94 Reg[8]=00000001
Time=120810000 PC=80000c98 Reg[8]=00000001
Time=120810000 DEBUG: cpu_pc=80000ca8 debug_wb_pc=80000c98
Time=120830000 DEBUG: cpu_pc=80000cac debug_wb_pc=80000c9c
Time=120850000 STORE: addr=bfd003f8 data=50505050
Time=120870000 LOAD:  addr=80000019 data=53534150
Time=120890000 PC=80000ca8 Reg[4]=00000041
Time=120970000 PC=80000c90 Reg[16]=8000001a
Time=120970000 LOAD:  addr=bfd003fc data=01000001
Time=120990000 PC=80000c94 Reg[8]=00000001
Time=121030000 PC=80000c98 Reg[8]=00000001
Time=121030000 DEBUG: cpu_pc=80000ca8 debug_wb_pc=80000c98
Time=121050000 DEBUG: cpu_pc=80000cac debug_wb_pc=80000c9c
Time=121070000 STORE: addr=bfd003f8 data=41414141
Time=121090000 LOAD:  addr=8000001a data=53534150
Time=121110000 PC=80000ca8 Reg[4]=00000053
Time=121190000 PC=80000c90 Reg[16]=8000001b
Time=121190000 LOAD:  addr=bfd003fc data=01000001
Time=121210000 PC=80000c94 Reg[8]=00000001
Time=121250000 PC=80000c98 Reg[8]=00000001
Time=121250000 DEBUG: cpu_pc=80000ca8 debug_wb_pc=80000c98
Time=121270000 DEBUG: cpu_pc=80000cac debug_wb_pc=80000c9c
Time=121290000 STORE: addr=bfd003f8 data=53535353
Time=121310000 LOAD:  addr=8000001b data=53534150
Time=121330000 PC=80000ca8 Reg[4]=00000053
Time=121410000 PC=80000c90 Reg[16]=8000001c
Time=121410000 LOAD:  addr=bfd003fc data=01000001
Time=121430000 PC=80000c94 Reg[8]=00000001
Time=121470000 PC=80000c98 Reg[8]=00000001
Time=121470000 DEBUG: cpu_pc=80000ca8 debug_wb_pc=80000c98
Time=121490000 DEBUG: cpu_pc=80000cac debug_wb_pc=80000c9c
Time=121510000 STORE: addr=bfd003f8 data=53535353
Time=121530000 LOAD:  addr=8000001c data=00000021
Time=121550000 PC=80000ca8 Reg[4]=00000021
Time=121630000 PC=80000c90 Reg[16]=8000001d
Time=121630000 LOAD:  addr=bfd003fc data=01000001
Time=121650000 PC=80000c94 Reg[8]=00000001
Time=121690000 PC=80000c98 Reg[8]=00000001
Time=121690000 DEBUG: cpu_pc=80000ca8 debug_wb_pc=80000c98
Time=121710000 DEBUG: cpu_pc=80000cac debug_wb_pc=80000c9c
Time=121730000 STORE: addr=bfd003f8 data=21212121
Time=121750000 LOAD:  addr=8000001d data=00000021
Time=121770000 PC=80000ca8 Reg[4]=00000000

========================================
*** ALL TESTS PASSED! ***
Program completed successfully at Time=121770000
========================================

$finish called at time : 121770 ns : File "D:/code/e_design/SoC/MiniMIPS32_Lite_FullSyS.srcs/sim_1/new/tb_top.sv" Line 191
